seed	cardinality	bucket	estimate	signed_relative_error	absolute_relative_error
0	100	0	101.240942	0.012409424	0.012409424
0	100	1	100.216046	0.002160456	0.002160456
0	100	2	100.216046	0.002160456	0.002160456
0	100	3	101.240942	0.012409424	0.012409424
0	100	4	100.216046	0.002160456	0.002160456
0	100	5	98.167021	-0.018329790	0.018329790
0	100	6	100.216046	0.002160456	0.002160456
0	100	7	100.216046	0.002160456	0.002160456
0	100	8	99.191405	-0.008085948	0.008085948
0	100	9	100.216046	0.002160456	0.002160456
0	100	10	99.191405	-0.008085948	0.008085948
0	100	11	99.191405	-0.008085948	0.008085948
0	100	12	101.240942	0.012409424	0.012409424
0	100	13	101.240942	0.012409424	0.012409424
0	100	14	100.216046	0.002160456	0.002160456
0	100	15	100.216046	0.002160456	0.002160456
0	100	16	101.240942	0.012409424	0.012409424
0	100	17	98.167021	-0.018329790	0.018329790
0	100	18	100.216046	0.002160456	0.002160456
0	100	19	101.240942	0.012409424	0.012409424
0	100	20	101.240942	0.012409424	0.012409424
0	100	21	100.216046	0.002160456	0.002160456
0	100	22	99.191405	-0.008085948	0.008085948
0	100	23	101.240942	0.012409424	0.012409424
0	500	0	494.707669	-0.010584662	0.010584662
0	500	1	509.402869	0.018805738	0.018805738
0	500	2	482.314316	-0.035371368	0.035371368
0	500	3	495.836199	-0.008327602	0.008327602
0	500	4	506.006986	0.012013973	0.012013973
0	500	5	503.744628	0.007489256	0.007489256
0	500	6	499.223656	-0.001552688	0.001552688
0	500	7	506.006986	0.012013973	0.012013973
0	500	8	486.816652	-0.026366696	0.026366696
0	500	9	487.943010	-0.024113980	0.024113980
0	500	10	503.744628	0.007489256	0.007489256
0	500	11	489.069678	-0.021860645	0.021860645
0	500	12	502.613917	0.005227834	0.005227834
0	500	13	498.094192	-0.003811615	0.003811615
0	500	14	515.068937	0.030137874	0.030137874
0	500	15	499.223656	-0.001552688	0.001552688
0	500	16	495.836199	-0.008327602	0.008327602
0	500	17	499.223656	-0.001552688	0.001552688
0	500	18	502.613917	0.005227834	0.005227834
0	500	19	506.006986	0.012013973	0.012013973
0	500	20	500.353431	0.000706863	0.000706863
0	500	21	498.094192	-0.003811615	0.003811615
0	500	22	506.006986	0.012013973	0.012013973
0	500	23	493.579450	-0.012841101	0.012841101
0	1000	0	1004.743874	0.004743874	0.004743874
0	1000	1	997.083024	-0.002916976	0.002916976
0	1000	2	995.807607	-0.004192393	0.004192393
0	1000	3	997.083024	-0.002916976	0.002916976
0	1000	4	1002.188665	0.002188665	0.002188665
0	1000	5	1011.138879	0.011138879	0.011138879
0	1000	6	997.083024	-0.002916976	0.002916976
0	1000	7	981.804175	-0.018195825	0.018195825
0	1000	8	1000.911658	0.000911658	0.000911658
0	1000	9	994.532588	-0.005467412	0.005467412
0	1000	10	1003.466070	0.003466070	0.003466070
0	1000	11	988.163437	-0.011836563	0.011836563
0	1000	12	998.358838	-0.001641162	0.001641162
0	1000	13	995.807607	-0.004192393	0.004192393
0	1000	14	1009.859079	0.009859079	0.009859079
0	1000	15	1003.466070	0.003466070	0.003466070
0	1000	16	1012.419079	0.012419079	0.012419079
0	1000	17	1013.699680	0.013699680	0.013699680
0	1000	18	1014.980680	0.014980680	0.014980680
0	1000	19	999.635049	-0.000364951	0.000364951
0	1000	20	1002.188665	0.002188665	0.002188665
0	1000	21	994.532588	-0.005467412	0.005467412
0	1000	22	993.257965	-0.006742035	0.006742035
0	1000	23	1008.579679	0.008579679	0.008579679
0	5000	0	4917.496478	-0.016500704	0.016500704
0	5000	1	5045.717821	0.009143564	0.009143564
0	5000	2	4950.851711	-0.009829658	0.009829658
0	5000	3	4981.105439	-0.003778912	0.003778912
0	5000	4	5008.186530	0.001637306	0.001637306
0	5000	5	5035.447861	0.007089572	0.007089572
0	5000	6	5052.578794	0.010515759	0.010515759
0	5000	7	4887.707256	-0.022458549	0.022458549
0	5000	8	5052.578794	0.010515759	0.010515759
0	5000	9	4994.623603	-0.001075279	0.001075279
0	5000	10	4910.857903	-0.017828419	0.017828419
0	5000	11	5107.884276	0.021576855	0.021576855
0	5000	12	5093.987740	0.018797548	0.018797548
0	5000	13	5025.203588	0.005040718	0.005040718
0	5000	14	5032.030256	0.006406051	0.006406051
0	5000	15	4881.116747	-0.023776651	0.023776651
0	5000	16	4981.105439	-0.003778912	0.003778912
0	5000	17	5049.146871	0.009829374	0.009829374
0	5000	18	5018.388278	0.003677656	0.003677656
0	5000	19	5066.335314	0.013267063	0.013267063
0	5000	20	5104.405719	0.020881144	0.020881144
0	5000	21	5090.520960	0.018104192	0.018104192
0	5000	22	5073.230939	0.014646188	0.014646188
0	5000	23	4974.363051	-0.005127390	0.005127390
0	10000	0	9948.726102	-0.005127390	0.005127390
0	10000	1	9781.973088	-0.021802691	0.021802691
0	10000	2	10218.374231	0.021837423	0.021837423
0	10000	3	10218.374231	0.021837423	0.021837423
0	10000	4	9600.846049	-0.039915395	0.039915395
0	10000	5	9847.861908	-0.015213809	0.015213809
0	10000	6	10218.374231	0.021837423	0.021837423
0	10000	7	10098.948862	0.009894886	0.009894886
0	10000	8	10098.948862	0.009894886	0.009894886
0	10000	9	10134.412287	0.013441229	0.013441229
0	10000	10	9870.062504	-0.012993750	0.012993750
0	10000	11	10040.517058	0.004051706	0.004051706
0	10000	12	10122.556996	0.012255700	0.012255700
0	10000	13	10170.185440	0.017018544	0.017018544
0	10000	14	10098.948862	0.009894886	0.009894886
0	10000	15	9903.590659	-0.009640934	0.009640934
0	10000	16	9914.827977	-0.008517202	0.008517202
0	10000	17	10379.022272	0.037902227	0.037902227
0	10000	18	9994.364457	-0.000563554	0.000563554
0	10000	19	10242.682908	0.024268291	0.024268291
0	10000	20	9663.862676	-0.033613732	0.033613732
0	10000	21	9948.726102	-0.005127390	0.005127390
0	10000	22	9771.093931	-0.022890607	0.022890607
0	10000	23	10087.195626	0.008719563	0.008719563
0	50000	0	51232.455698	0.024649114	0.024649114
0	50000	1	50523.966477	0.010479330	0.010479330
0	50000	2	49572.995547	-0.008540089	0.008540089
0	50000	3	50504.489749	0.010089795	0.010089795
0	50000	4	49666.043878	-0.006679122	0.006679122
0	50000	5	49920.457890	-0.001590842	0.001590842
0	50000	6	50747.346154	0.014946923	0.014946923
0	50000	7	50383.558128	0.007671163	0.007671163
0	50000	8	49731.846896	-0.005363062	0.005363062
0	50000	9	51030.017755	0.020600355	0.020600355
0	50000	10	50140.673919	0.002813478	0.002813478
0	50000	11	50827.848351	0.016556967	0.016556967
0	50000	12	50258.212876	0.005164258	0.005164258
0	50000	13	50601.170061	0.012023401	0.012023401
0	50000	14	51124.704537	0.022494091	0.022494091
0	50000	15	49563.284839	-0.008734303	0.008734303
0	50000	16	50112.507816	0.002250156	0.002250156
0	50000	17	50136.055174	0.002721103	0.002721103
0	50000	18	50805.593978	0.016111880	0.016111880
0	50000	19	49369.776566	-0.012604469	0.012604469
0	50000	20	50860.243052	0.017204861	0.017204861
0	50000	21	50422.797892	0.008455958	0.008455958
0	50000	22	50580.052043	0.011601041	0.011601041
0	50000	23	49336.932235	-0.013261355	0.013261355
1	100	0	99.191405	-0.008085948	0.008085948
1	100	1	98.167021	-0.018329790	0.018329790
1	100	2	100.216046	0.002160456	0.002160456
1	100	3	100.216046	0.002160456	0.002160456
1	100	4	99.191405	-0.008085948	0.008085948
1	100	5	101.240942	0.012409424	0.012409424
1	100	6	99.191405	-0.008085948	0.008085948
1	100	7	101.240942	0.012409424	0.012409424
1	100	8	101.240942	0.012409424	0.012409424
1	100	9	101.240942	0.012409424	0.012409424
1	100	10	101.240942	0.012409424	0.012409424
1	100	11	99.191405	-0.008085948	0.008085948
1	100	12	100.216046	0.002160456	0.002160456
1	100	13	97.142893	-0.028571070	0.028571070
1	100	14	99.191405	-0.008085948	0.008085948
1	100	15	99.191405	-0.008085948	0.008085948
1	100	16	101.240942	0.012409424	0.012409424
1	100	17	100.216046	0.002160456	0.002160456
1	100	18	100.216046	0.002160456	0.002160456
1	100	19	100.216046	0.002160456	0.002160456
1	100	20	100.216046	0.002160456	0.002160456
1	100	21	100.216046	0.002160456	0.002160456
1	100	22	100.216046	0.002160456	0.002160456
1	100	23	100.216046	0.002160456	0.002160456
1	500	0	501.483518	0.002967036	0.002967036
1	500	1	486.816652	-0.026366696	0.026366696
1	500	2	498.094192	-0.003811615	0.003811615
1	500	3	501.483518	0.002967036	0.002967036
1	500	4	501.483518	0.002967036	0.002967036
1	500	5	498.094192	-0.003811615	0.003811615
1	500	6	492.451541	-0.015096918	0.015096918
1	500	7	511.668356	0.023336711	0.023336711
1	500	8	501.483518	0.002967036	0.002967036
1	500	9	496.965040	-0.006069920	0.006069920
1	500	10	502.613917	0.005227834	0.005227834
1	500	11	494.707669	-0.010584662	0.010584662
1	500	12	503.744628	0.007489256	0.007489256
1	500	13	486.816652	-0.026366696	0.026366696
1	500	14	500.353431	0.000706863	0.000706863
1	500	15	500.353431	0.000706863	0.000706863
1	500	16	500.353431	0.000706863	0.000706863
1	500	17	496.965040	-0.006069920	0.006069920
1	500	18	501.483518	0.002967036	0.002967036
1	500	19	492.451541	-0.015096918	0.015096918
1	500	20	498.094192	-0.003811615	0.003811615
1	500	21	499.223656	-0.001552688	0.001552688
1	500	22	510.535456	0.021070911	0.021070911
1	500	23	501.483518	0.002967036	0.002967036
1	1000	0	1003.466070	0.003466070	0.003466070
1	1000	1	1000.911658	0.000911658	0.000911658
1	1000	2	1004.743874	0.004743874	0.004743874
1	1000	3	997.083024	-0.002916976	0.002916976
1	1000	4	1007.300678	0.007300678	0.007300678
1	1000	5	975.454771	-0.024545229	0.024545229
1	1000	6	988.163437	-0.011836563	0.011836563
1	1000	7	984.346695	-0.015653305	0.015653305
1	1000	8	1014.980680	0.014980680	0.014980680
1	1000	9	1000.911658	0.000911658	0.000911658
1	1000	10	1016.262082	0.016262082	0.016262082
1	1000	11	1008.579679	0.008579679	0.008579679
1	1000	12	983.075238	-0.016924762	0.016924762
1	1000	13	984.346695	-0.015653305	0.015653305
1	1000	14	1008.579679	0.008579679	0.008579679
1	1000	15	979.263232	-0.020736768	0.020736768
1	1000	16	1008.579679	0.008579679	0.008579679
1	1000	17	976.723864	-0.023276136	0.023276136
1	1000	18	1006.022077	0.006022077	0.006022077
1	1000	19	985.618547	-0.014381453	0.014381453
1	1000	20	988.163437	-0.011836563	0.011836563
1	1000	21	1008.579679	0.008579679	0.008579679
1	1000	22	1003.466070	0.003466070	0.003466070
1	1000	23	994.532588	-0.005467412	0.005467412
1	5000	0	4954.202223	-0.009159555	0.009159555
1	5000	1	5004.791585	0.000958317	0.000958317
1	5000	2	5073.230939	0.014646188	0.014646188
1	5000	3	4991.239877	-0.001752025	0.001752025
1	5000	4	5011.584290	0.002316858	0.002316858
1	5000	5	5066.335314	0.013267063	0.013267063
1	5000	6	4920.819805	-0.015836039	0.015836039
1	5000	7	4974.363051	-0.005127390	0.005127390
1	5000	8	5025.203588	0.005040718	0.005040718
1	5000	9	5083.596191	0.016719238	0.016719238
1	5000	10	4887.707256	-0.022458549	0.022458549
1	5000	11	5008.186530	0.001637306	0.001637306
1	5000	12	5021.794515	0.004358903	0.004358903
1	5000	13	5042.291639	0.008458328	0.008458328
1	5000	14	5146.344652	0.029268930	0.029268930
1	5000	15	4940.816590	-0.011836682	0.011836682
1	5000	16	5118.337705	0.023667541	0.023667541
1	5000	17	4897.612944	-0.020477411	0.020477411
1	5000	18	5018.388278	0.003677656	0.003677656
1	5000	19	5004.791585	0.000958317	0.000958317
1	5000	20	4947.503938	-0.010499212	0.010499212
1	5000	21	5042.291639	0.008458328	0.008458328
1	5000	22	5073.230939	0.014646188	0.014646188
1	5000	23	5008.186530	0.001637306	0.001637306
1	10000	0	10040.517058	0.004051706	0.004051706
1	10000	1	9781.973088	-0.021802691	0.021802691
1	10000	2	10242.682908	0.024268291	0.024268291
1	10000	3	10267.136712	0.026713671	0.026713671
1	10000	4	9706.418903	-0.029358110	0.029358110
1	10000	5	10291.737386	0.029173739	0.029173739
1	10000	6	10098.948862	0.009894886	0.009894886
1	10000	7	9738.628768	-0.026137123	0.026137123
1	10000	8	9695.738323	-0.030426168	0.030426168
1	10000	9	9881.208089	-0.011879191	0.011879191
1	10000	10	10158.226307	0.015822631	0.015822631
1	10000	11	9847.861908	-0.015213809	0.015213809
1	10000	12	9847.861908	-0.015213809	0.015213809
1	10000	13	9971.481716	-0.002851828	0.002851828
1	10000	14	10230.510536	0.023051054	0.023051054
1	10000	15	10075.476018	0.007547602	0.007547602
1	10000	16	10017.375753	0.001737575	0.001737575
1	10000	17	10170.185440	0.017018544	0.017018544
1	10000	18	9982.907107	-0.001709289	0.001709289
1	10000	19	9971.481716	-0.002851828	0.002851828
1	10000	20	10087.195626	0.008719563	0.008719563
1	10000	21	10182.179592	0.018217959	0.018217959
1	10000	22	10040.517058	0.004051706	0.004051706
1	10000	23	10040.517058	0.004051706	0.004051706
1	50000	0	49399.899032	-0.012002019	0.012002019
1	50000	1	50408.197402	0.008163948	0.008163948
1	50000	2	49802.412429	-0.003951751	0.003951751
1	50000	3	51023.165048	0.020463301	0.020463301
1	50000	4	49403.743210	-0.011925136	0.011925136
1	50000	5	49668.486233	-0.006630275	0.006630275
1	50000	6	50052.897141	0.001057943	0.001057943
1	50000	7	50298.357187	0.005967144	0.005967144
1	50000	8	51270.241881	0.025404838	0.025404838
1	50000	9	48992.414418	-0.020151712	0.020151712
1	50000	10	49740.072493	-0.005198550	0.005198550
1	50000	11	50691.375508	0.013827510	0.013827510
1	50000	12	51180.486169	0.023609723	0.023609723
1	50000	13	49538.872459	-0.009222551	0.009222551
1	50000	14	50504.049016	0.010080980	0.010080980
1	50000	15	49714.593763	-0.005708125	0.005708125
1	50000	16	49481.847703	-0.010363046	0.010363046
1	50000	17	51419.602650	0.028392053	0.028392053
1	50000	18	51594.311419	0.031886228	0.031886228
1	50000	19	51080.897109	0.021617942	0.021617942
1	50000	20	49685.704648	-0.006285907	0.006285907
1	50000	21	50085.163500	0.001703270	0.001703270
1	50000	22	51198.063209	0.023961264	0.023961264
1	50000	23	48147.033019	-0.037059340	0.037059340
2	100	0	100.216046	0.002160456	0.002160456
2	100	1	99.191405	-0.008085948	0.008085948
2	100	2	97.142893	-0.028571070	0.028571070
2	100	3	101.240942	0.012409424	0.012409424
2	100	4	100.216046	0.002160456	0.002160456
2	100	5	99.191405	-0.008085948	0.008085948
2	100	6	101.240942	0.012409424	0.012409424
2	100	7	100.216046	0.002160456	0.002160456
2	100	8	100.216046	0.002160456	0.002160456
2	100	9	101.240942	0.012409424	0.012409424
2	100	10	97.142893	-0.028571070	0.028571070
2	100	11	101.240942	0.012409424	0.012409424
2	100	12	99.191405	-0.008085948	0.008085948
2	100	13	101.240942	0.012409424	0.012409424
2	100	14	100.216046	0.002160456	0.002160456
2	100	15	99.191405	-0.008085948	0.008085948
2	100	16	101.240942	0.012409424	0.012409424
2	100	17	99.191405	-0.008085948	0.008085948
2	100	18	101.240942	0.012409424	0.012409424
2	100	19	99.191405	-0.008085948	0.008085948
2	100	20	100.216046	0.002160456	0.002160456
2	100	21	99.191405	-0.008085948	0.008085948
2	100	22	98.167021	-0.018329790	0.018329790
2	100	23	100.216046	0.002160456	0.002160456
2	500	0	509.402869	0.018805738	0.018805738
2	500	1	507.138634	0.014277269	0.014277269
2	500	2	500.353431	0.000706863	0.000706863
2	500	3	498.094192	-0.003811615	0.003811615
2	500	4	492.451541	-0.015096918	0.015096918
2	500	5	500.353431	0.000706863	0.000706863
2	500	6	503.744628	0.007489256	0.007489256
2	500	7	512.801569	0.025603138	0.025603138
2	500	8	499.223656	-0.001552688	0.001552688
2	500	9	494.707669	-0.010584662	0.010584662
2	500	10	499.223656	-0.001552688	0.001552688
2	500	11	501.483518	0.002967036	0.002967036
2	500	12	493.579450	-0.012841101	0.012841101
2	500	13	496.965040	-0.006069920	0.006069920
2	500	14	511.668356	0.023336711	0.023336711
2	500	15	506.006986	0.012013973	0.012013973
2	500	16	496.965040	-0.006069920	0.006069920
2	500	17	498.094192	-0.003811615	0.003811615
2	500	18	500.353431	0.000706863	0.000706863
2	500	19	494.707669	-0.010584662	0.010584662
2	500	20	503.744628	0.007489256	0.007489256
2	500	21	503.744628	0.007489256	0.007489256
2	500	22	507.138634	0.014277269	0.014277269
2	500	23	499.223656	-0.001552688	0.001552688
2	1000	0	1020.108694	0.020108694	0.020108694
2	1000	1	998.358838	-0.001641162	0.001641162
2	1000	2	1003.466070	0.003466070	0.003466070
2	1000	3	1016.262082	0.016262082	0.016262082
2	1000	4	990.709909	-0.009290091	0.009290091
2	1000	5	994.532588	-0.005467412	0.005467412
2	1000	6	990.709909	-0.009290091	0.009290091
2	1000	7	1009.859079	0.009859079	0.009859079
2	1000	8	995.807607	-0.004192393	0.004192393
2	1000	9	1000.911658	0.000911658	0.000911658
2	1000	10	974.186070	-0.025813930	0.025813930
2	1000	11	1013.699680	0.013699680	0.013699680
2	1000	12	1004.743874	0.004743874	0.004743874
2	1000	13	1031.670251	0.031670251	0.031670251
2	1000	14	1003.466070	0.003466070	0.003466070
2	1000	15	999.635049	-0.000364951	0.000364951
2	1000	16	1004.743874	0.004743874	0.004743874
2	1000	17	1016.262082	0.016262082	0.016262082
2	1000	18	990.709909	-0.009290091	0.009290091
2	1000	19	1003.466070	0.003466070	0.003466070
2	1000	20	1004.743874	0.004743874	0.004743874
2	1000	21	1000.911658	0.000911658	0.000911658
2	1000	22	990.709909	-0.009290091	0.009290091
2	1000	23	994.532588	-0.005467412	0.005467412
2	5000	0	5114.850264	0.022970053	0.022970053
2	5000	1	5011.584290	0.002316858	0.002316858
2	5000	2	5021.794515	0.004358903	0.004358903
2	5000	3	4970.996014	-0.005800797	0.005800797
2	5000	4	5128.817882	0.025763576	0.025763576
2	5000	5	4937.477005	-0.012504599	0.012504599
2	5000	6	4927.474558	-0.014505088	0.014505088
2	5000	7	5128.817882	0.025763576	0.025763576
2	5000	8	5066.335314	0.013267063	0.013267063
2	5000	9	5125.321509	0.025064302	0.025064302
2	5000	10	5125.321509	0.025064302	0.025064302
2	5000	11	5052.578794	0.010515759	0.010515759
2	5000	12	5045.717821	0.009143564	0.009143564
2	5000	13	4937.477005	-0.012504599	0.012504599
2	5000	14	4981.105439	-0.003778912	0.003778912
2	5000	15	5038.868321	0.007773664	0.007773664
2	5000	16	4877.825466	-0.024434907	0.024434907
2	5000	17	4981.105439	-0.003778912	0.003778912
2	5000	18	4954.202223	-0.009159555	0.009159555
2	5000	19	4940.816590	-0.011836682	0.011836682
2	5000	20	5049.146871	0.009829374	0.009829374
2	5000	21	4994.623603	-0.001075279	0.001075279
2	5000	22	5100.930114	0.020186023	0.020186023
2	5000	23	5032.030256	0.006406051	0.006406051
2	10000	0	9960.088106	-0.003991189	0.003991189
2	10000	1	10230.510536	0.023051054	0.023051054
2	10000	2	10028.930063	0.002893006	0.002893006
2	10000	3	9847.861908	-0.015213809	0.015213809
2	10000	4	10158.226307	0.015822631	0.015822631
2	10000	5	10194.208969	0.019420897	0.019420897
2	10000	6	10134.412287	0.013441229	0.013441229
2	10000	7	9914.827977	-0.008517202	0.008517202
2	10000	8	10005.853945	0.000585395	0.000585395
2	10000	9	10063.789848	0.006378985	0.006378985
2	10000	10	10122.556996	0.012255700	0.012255700
2	10000	11	9971.481716	-0.002851828	0.002851828
2	10000	12	9814.785012	-0.018521499	0.018521499
2	10000	13	9960.088106	-0.003991189	0.003991189
2	10000	14	9870.062504	-0.012993750	0.012993750
2	10000	15	10017.375753	0.001737575	0.001737575
2	10000	16	9937.395527	-0.006260447	0.006260447
2	10000	17	10218.374231	0.021837423	0.021837423
2	10000	18	9858.947165	-0.014105284	0.014105284
2	10000	19	10122.556996	0.012255700	0.012255700
2	10000	20	9881.208089	-0.011879191	0.011879191
2	10000	21	9948.726102	-0.005127390	0.005127390
2	10000	22	10087.195626	0.008719563	0.008719563
2	10000	23	9926.096210	-0.007390379	0.007390379
2	50000	0	50231.080497	0.004621610	0.004621610
2	50000	1	49825.897579	-0.003482048	0.003482048
2	50000	2	49408.912690	-0.011821746	0.011821746
2	50000	3	50875.390630	0.017507813	0.017507813
2	50000	4	51278.578855	0.025571577	0.025571577
2	50000	5	51037.896496	0.020757930	0.020757930
2	50000	6	49788.612916	-0.004227742	0.004227742
2	50000	7	50276.629716	0.005532594	0.005532594
2	50000	8	49416.395785	-0.011672084	0.011672084
2	50000	9	49116.936689	-0.017661266	0.017661266
2	50000	10	49802.611072	-0.003947779	0.003947779
2	50000	11	49474.572453	-0.010508551	0.010508551
2	50000	12	50452.099706	0.009041994	0.009041994
2	50000	13	49556.244641	-0.008875107	0.008875107
2	50000	14	50398.852335	0.007977047	0.007977047
2	50000	15	49992.592777	-0.000148144	0.000148144
2	50000	16	50777.984191	0.015559684	0.015559684
2	50000	17	49100.850565	-0.017982989	0.017982989
2	50000	18	50843.104196	0.016862084	0.016862084
2	50000	19	50334.555479	0.006691110	0.006691110
2	50000	20	49031.703247	-0.019365935	0.019365935
2	50000	21	50039.719583	0.000794392	0.000794392
2	50000	22	51073.482125	0.021469643	0.021469643
2	50000	23	51656.750479	0.033135010	0.033135010
3	100	0	101.240942	0.012409424	0.012409424
3	100	1	101.240942	0.012409424	0.012409424
3	100	2	101.240942	0.012409424	0.012409424
3	100	3	100.216046	0.002160456	0.002160456
3	100	4	100.216046	0.002160456	0.002160456
3	100	5	98.167021	-0.018329790	0.018329790
3	100	6	99.191405	-0.008085948	0.008085948
3	100	7	100.216046	0.002160456	0.002160456
3	100	8	100.216046	0.002160456	0.002160456
3	100	9	99.191405	-0.008085948	0.008085948
3	100	10	99.191405	-0.008085948	0.008085948
3	100	11	100.216046	0.002160456	0.002160456
3	100	12	99.191405	-0.008085948	0.008085948
3	100	13	99.191405	-0.008085948	0.008085948
3	100	14	100.216046	0.002160456	0.002160456
3	100	15	100.216046	0.002160456	0.002160456
3	100	16	99.191405	-0.008085948	0.008085948
3	100	17	101.240942	0.012409424	0.012409424
3	100	18	98.167021	-0.018329790	0.018329790
3	100	19	99.191405	-0.008085948	0.008085948
3	100	20	100.216046	0.002160456	0.002160456
3	100	21	100.216046	0.002160456	0.002160456
3	100	22	100.216046	0.002160456	0.002160456
3	100	23	101.240942	0.012409424	0.012409424
3	500	0	499.223656	-0.001552688	0.001552688
3	500	1	499.223656	-0.001552688	0.001552688
3	500	2	498.094192	-0.003811615	0.003811615
3	500	3	499.223656	-0.001552688	0.001552688
3	500	4	503.744628	0.007489256	0.007489256
3	500	5	508.270595	0.016541190	0.016541190
3	500	6	507.138634	0.014277269	0.014277269
3	500	7	495.836199	-0.008327602	0.008327602
3	500	8	495.836199	-0.008327602	0.008327602
3	500	9	503.744628	0.007489256	0.007489256
3	500	10	506.006986	0.012013973	0.012013973
3	500	11	501.483518	0.002967036	0.002967036
3	500	12	499.223656	-0.001552688	0.001552688
3	500	13	501.483518	0.002967036	0.002967036
3	500	14	499.223656	-0.001552688	0.001552688
3	500	15	495.836199	-0.008327602	0.008327602
3	500	16	502.613917	0.005227834	0.005227834
3	500	17	501.483518	0.002967036	0.002967036
3	500	18	506.006986	0.012013973	0.012013973
3	500	19	510.535456	0.021070911	0.021070911
3	500	20	494.707669	-0.010584662	0.010584662
3	500	21	500.353431	0.000706863	0.000706863
3	500	22	499.223656	-0.001552688	0.001552688
3	500	23	496.965040	-0.006069920	0.006069920
3	1000	0	991.983739	-0.008016261	0.008016261
3	1000	1	994.532588	-0.005467412	0.005467412
3	1000	2	1014.980680	0.014980680	0.014980680
3	1000	3	976.723864	-0.023276136	0.023276136
3	1000	4	1007.300678	0.007300678	0.007300678
3	1000	5	1002.188665	0.002188665	0.002188665
3	1000	6	997.083024	-0.002916976	0.002916976
3	1000	7	998.358838	-0.001641162	0.001641162
3	1000	8	1009.859079	0.009859079	0.009859079
3	1000	9	998.358838	-0.001641162	0.001641162
3	1000	10	986.890795	-0.013109205	0.013109205
3	1000	11	1003.466070	0.003466070	0.003466070
3	1000	12	1006.022077	0.006022077	0.006022077
3	1000	13	1030.384020	0.030384020	0.030384020
3	1000	14	1007.300678	0.007300678	0.007300678
3	1000	15	1004.743874	0.004743874	0.004743874
3	1000	16	994.532588	-0.005467412	0.005467412
3	1000	17	1013.699680	0.013699680	0.013699680
3	1000	18	1000.911658	0.000911658	0.000911658
3	1000	19	1007.300678	0.007300678	0.007300678
3	1000	20	993.257965	-0.006742035	0.006742035
3	1000	21	991.983739	-0.008016261	0.008016261
3	1000	22	988.163437	-0.011836563	0.011836563
3	1000	23	1016.262082	0.016262082	0.016262082
3	5000	0	5128.817882	0.025763576	0.025763576
3	5000	1	4981.105439	-0.003778912	0.003778912
3	5000	2	4994.623603	-0.001075279	0.001075279
3	5000	3	5139.324942	0.027864988	0.027864988
3	5000	4	5076.683109	0.015336622	0.015336622
3	5000	5	4920.819805	-0.015836039	0.015836039
3	5000	6	4977.732858	-0.004453428	0.004453428
3	5000	7	4998.010127	-0.000397975	0.000397975
3	5000	8	5028.615500	0.005723100	0.005723100
3	5000	9	4851.589988	-0.029682002	0.029682002
3	5000	10	4937.477005	-0.012504599	0.012504599
3	5000	11	5052.578794	0.010515759	0.010515759
3	5000	12	5107.884276	0.021576855	0.021576855
3	5000	13	5011.584290	0.002316858	0.002316858
3	5000	14	4904.230070	-0.019153986	0.019153986
3	5000	15	5018.388278	0.003677656	0.003677656
3	5000	16	5018.388278	0.003677656	0.003677656
3	5000	17	5056.013595	0.011202719	0.011202719
3	5000	18	5025.203588	0.005040718	0.005040718
3	5000	19	4954.202223	-0.009159555	0.009159555
3	5000	20	4910.857903	-0.017828419	0.017828419
3	5000	21	4920.819805	-0.015836039	0.015836039
3	5000	22	4927.474558	-0.014505088	0.014505088
3	5000	23	4937.477005	-0.012504599	0.012504599
3	10000	0	9914.827977	-0.008517202	0.008517202
3	10000	1	10052.136924	0.005213692	0.005213692
3	10000	2	9870.062504	-0.012993750	0.012993750
3	10000	3	10005.853945	0.000585395	0.000585395
3	10000	4	9971.481716	-0.002851828	0.002851828
3	10000	5	10304.093353	0.030409335	0.030409335
3	10000	6	9960.088106	-0.003991189	0.003991189
3	10000	7	10052.136924	0.005213692	0.005213692
3	10000	8	9749.421923	-0.025057808	0.025057808
3	10000	9	9870.062504	-0.012993750	0.012993750
3	10000	10	10040.517058	0.004051706	0.004051706
3	10000	11	10005.853945	0.000585395	0.000585395
3	10000	12	10254.891561	0.025489156	0.025489156
3	10000	13	10218.374231	0.021837423	0.021837423
3	10000	14	10110.735920	0.011073592	0.011073592
3	10000	15	10158.226307	0.015822631	0.015822631
3	10000	16	10028.930063	0.002893006	0.002893006
3	10000	17	10017.375753	0.001737575	0.001737575
3	10000	18	10194.208969	0.019420897	0.019420897
3	10000	19	9825.780992	-0.017421901	0.017421901
3	10000	20	9971.481716	-0.002851828	0.002851828
3	10000	21	9792.881217	-0.020711878	0.020711878
3	10000	22	9836.806570	-0.016319343	0.016319343
3	10000	23	9982.907107	-0.001709289	0.001709289
3	50000	0	50126.377356	0.002527547	0.002527547
3	50000	1	49542.460653	-0.009150787	0.009150787
3	50000	2	51042.365811	0.020847316	0.020847316
3	50000	3	50333.401152	0.006668023	0.006668023
3	50000	4	48924.708570	-0.021505829	0.021505829
3	50000	5	49874.716917	-0.002505662	0.002505662
3	50000	6	51252.478591	0.025049572	0.025049572
3	50000	7	50533.934925	0.010678698	0.010678698
3	50000	8	49794.675941	-0.004106481	0.004106481
3	50000	9	50767.089102	0.015341782	0.015341782
3	50000	10	48905.025804	-0.021899484	0.021899484
3	50000	11	49131.658710	-0.017366826	0.017366826
3	50000	12	49416.137072	-0.011677259	0.011677259
3	50000	13	50177.479089	0.003549582	0.003549582
3	50000	14	47720.621803	-0.045587564	0.045587564
3	50000	15	49717.436824	-0.005651264	0.005651264
3	50000	16	49960.414062	-0.000791719	0.000791719
3	50000	17	48859.681764	-0.022806365	0.022806365
3	50000	18	48758.660390	-0.024826792	0.024826792
3	50000	19	50576.335372	0.011526707	0.011526707
3	50000	20	49699.997027	-0.006000059	0.006000059
3	50000	21	49940.853037	-0.001182939	0.001182939
3	50000	22	51066.281436	0.021325629	0.021325629
3	50000	23	50154.606646	0.003092133	0.003092133
4	100	0	100.216046	0.002160456	0.002160456
4	100	1	101.240942	0.012409424	0.012409424
4	100	2	99.191405	-0.008085948	0.008085948
4	100	3	99.191405	-0.008085948	0.008085948
4	100	4	98.167021	-0.018329790	0.018329790
4	100	5	100.216046	0.002160456	0.002160456
4	100	6	98.167021	-0.018329790	0.018329790
4	100	7	100.216046	0.002160456	0.002160456
4	100	8	101.240942	0.012409424	0.012409424
4	100	9	97.142893	-0.028571070	0.028571070
4	100	10	100.216046	0.002160456	0.002160456
4	100	11	101.240942	0.012409424	0.012409424
4	100	12	101.240942	0.012409424	0.012409424
4	100	13	101.240942	0.012409424	0.012409424
4	100	14	99.191405	-0.008085948	0.008085948
4	100	15	101.240942	0.012409424	0.012409424
4	100	16	98.167021	-0.018329790	0.018329790
4	100	17	100.216046	0.002160456	0.002160456
4	100	18	101.240942	0.012409424	0.012409424
4	100	19	100.216046	0.002160456	0.002160456
4	100	20	98.167021	-0.018329790	0.018329790
4	100	21	98.167021	-0.018329790	0.018329790
4	100	22	99.191405	-0.008085948	0.008085948
4	100	23	99.191405	-0.008085948	0.008085948
4	500	0	500.353431	0.000706863	0.000706863
4	500	1	492.451541	-0.015096918	0.015096918
4	500	2	500.353431	0.000706863	0.000706863
4	500	3	504.875651	0.009751302	0.009751302
4	500	4	507.138634	0.014277269	0.014277269
4	500	5	498.094192	-0.003811615	0.003811615
4	500	6	504.875651	0.009751302	0.009751302
4	500	7	498.094192	-0.003811615	0.003811615
4	500	8	481.189505	-0.037620991	0.037620991
4	500	9	499.223656	-0.001552688	0.001552688
4	500	10	490.196655	-0.019606690	0.019606690
4	500	11	504.875651	0.009751302	0.009751302
4	500	12	499.223656	-0.001552688	0.001552688
4	500	13	502.613917	0.005227834	0.005227834
4	500	14	504.875651	0.009751302	0.009751302
4	500	15	484.564865	-0.030870269	0.030870269
4	500	16	504.875651	0.009751302	0.009751302
4	500	17	504.875651	0.009751302	0.009751302
4	500	18	503.744628	0.007489256	0.007489256
4	500	19	502.613917	0.005227834	0.005227834
4	500	20	495.836199	-0.008327602	0.008327602
4	500	21	494.707669	-0.010584662	0.010584662
4	500	22	491.323943	-0.017352114	0.017352114
4	500	23	499.223656	-0.001552688	0.001552688
4	1000	0	991.983739	-0.008016261	0.008016261
4	1000	1	983.075238	-0.016924762	0.016924762
4	1000	2	1029.098194	0.029098194	0.029098194
4	1000	3	1016.262082	0.016262082	0.016262082
4	1000	4	1004.743874	0.004743874	0.004743874
4	1000	5	988.163437	-0.011836563	0.011836563
4	1000	6	1000.911658	0.000911658	0.000911658
4	1000	7	1000.911658	0.000911658	0.000911658
4	1000	8	1012.419079	0.012419079	0.012419079
4	1000	9	981.804175	-0.018195825	0.018195825
4	1000	10	991.983739	-0.008016261	0.008016261
4	1000	11	998.358838	-0.001641162	0.001641162
4	1000	12	1006.022077	0.006022077	0.006022077
4	1000	13	1004.743874	0.004743874	0.004743874
4	1000	14	998.358838	-0.001641162	0.001641162
4	1000	15	989.436475	-0.010563525	0.010563525
4	1000	16	1018.826088	0.018826088	0.018826088
4	1000	17	995.807607	-0.004192393	0.004192393
4	1000	18	989.436475	-0.010563525	0.010563525
4	1000	19	986.890795	-0.013109205	0.013109205
4	1000	20	995.807607	-0.004192393	0.004192393
4	1000	21	976.723864	-0.023276136	0.023276136
4	1000	22	984.346695	-0.015653305	0.015653305
4	1000	23	1014.980680	0.014980680	0.014980680
4	5000	0	5032.030256	0.006406051	0.006406051
4	5000	1	5056.013595	0.011202719	0.011202719
4	5000	2	4994.623603	-0.001075279	0.001075279
4	5000	3	5001.399453	0.000279891	0.000279891
4	5000	4	4998.010127	-0.000397975	0.000397975
4	5000	5	4877.825466	-0.024434907	0.024434907
4	5000	6	5011.584290	0.002316858	0.002316858
4	5000	7	4974.363051	-0.005127390	0.005127390
4	5000	8	4960.911479	-0.007817704	0.007817704
4	5000	9	4960.911479	-0.007817704	0.007817704
4	5000	10	4910.857903	-0.017828419	0.017828419
4	5000	11	4984.480800	-0.003103840	0.003103840
4	5000	12	5004.791585	0.000958317	0.000958317
4	5000	13	4967.631743	-0.006473651	0.006473651
4	5000	14	4967.631743	-0.006473651	0.006473651
4	5000	15	5062.891850	0.012578370	0.012578370
4	5000	16	4838.534996	-0.032293001	0.032293001
4	5000	17	4914.175845	-0.017164831	0.017164831
4	5000	18	4957.555477	-0.008488905	0.008488905
4	5000	19	5090.520960	0.018104192	0.018104192
4	5000	20	5059.451279	0.011890256	0.011890256
4	5000	21	4947.503938	-0.010499212	0.010499212
4	5000	22	4937.477005	-0.012504599	0.012504599
4	5000	23	4940.816590	-0.011836682	0.011836682
4	10000	0	9760.243594	-0.023975641	0.023975641
4	10000	1	10028.930063	0.002893006	0.002893006
4	10000	2	10052.136924	0.005213692	0.005213692
4	10000	3	10218.374231	0.021837423	0.021837423
4	10000	4	10182.179592	0.018217959	0.018217959
4	10000	5	10170.185440	0.017018544	0.017018544
4	10000	6	9982.907107	-0.001709289	0.001709289
4	10000	7	9971.481716	-0.002851828	0.002851828
4	10000	8	9881.208089	-0.011879191	0.011879191
4	10000	9	10170.185440	0.017018544	0.017018544
4	10000	10	10028.930063	0.002893006	0.002893006
4	10000	11	9621.744053	-0.037825595	0.037825595
4	10000	12	9695.738323	-0.030426168	0.030426168
4	10000	13	10075.476018	0.007547602	0.007547602
4	10000	14	9903.590659	-0.009640934	0.009640934
4	10000	15	10017.375753	0.001737575	0.001737575
4	10000	16	10158.226307	0.015822631	0.015822631
4	10000	17	9781.973088	-0.021802691	0.021802691
4	10000	18	10122.556996	0.012255700	0.012255700
4	10000	19	9960.088106	-0.003991189	0.003991189
4	10000	20	9982.907107	-0.001709289	0.001709289
4	10000	21	10254.891561	0.025489156	0.025489156
4	10000	22	9982.907107	-0.001709289	0.001709289
4	10000	23	9600.846049	-0.039915395	0.039915395
4	50000	0	50487.329371	0.009746587	0.009746587
4	50000	1	49628.519390	-0.007429612	0.007429612
4	50000	2	49468.405797	-0.010631884	0.010631884
4	50000	3	50201.101863	0.004022037	0.004022037
4	50000	4	50364.273861	0.007285477	0.007285477
4	50000	5	49261.243297	-0.014775134	0.014775134
4	50000	6	51561.623991	0.031232480	0.031232480
4	50000	7	49142.131110	-0.017157378	0.017157378
4	50000	8	50487.171039	0.009743421	0.009743421
4	50000	9	49711.822716	-0.005763546	0.005763546
4	50000	10	49836.558613	-0.003268828	0.003268828
4	50000	11	48670.637036	-0.026587259	0.026587259
4	50000	12	49977.542534	-0.000449149	0.000449149
4	50000	13	50692.983050	0.013859661	0.013859661
4	50000	14	50169.247876	0.003384958	0.003384958
4	50000	15	50283.385395	0.005667708	0.005667708
4	50000	16	48949.966772	-0.021000665	0.021000665
4	50000	17	51130.817492	0.022616350	0.022616350
4	50000	18	50410.604322	0.008212086	0.008212086
4	50000	19	51365.580151	0.027311603	0.027311603
4	50000	20	49511.948667	-0.009761027	0.009761027
4	50000	21	48925.002164	-0.021499957	0.021499957
4	50000	22	48117.701007	-0.037645980	0.037645980
4	50000	23	49225.792420	-0.015484152	0.015484152
5	100	0	99.191405	-0.008085948	0.008085948
5	100	1	99.191405	-0.008085948	0.008085948
5	100	2	101.240942	0.012409424	0.012409424
5	100	3	96.119021	-0.038809790	0.038809790
5	100	4	101.240942	0.012409424	0.012409424
5	100	5	100.216046	0.002160456	0.002160456
5	100	6	101.240942	0.012409424	0.012409424
5	100	7	100.216046	0.002160456	0.002160456
5	100	8	101.240942	0.012409424	0.012409424
5	100	9	100.216046	0.002160456	0.002160456
5	100	10	100.216046	0.002160456	0.002160456
5	100	11	98.167021	-0.018329790	0.018329790
5	100	12	98.167021	-0.018329790	0.018329790
5	100	13	99.191405	-0.008085948	0.008085948
5	100	14	101.240942	0.012409424	0.012409424
5	100	15	100.216046	0.002160456	0.002160456
5	100	16	101.240942	0.012409424	0.012409424
5	100	17	99.191405	-0.008085948	0.008085948
5	100	18	99.191405	-0.008085948	0.008085948
5	100	19	101.240942	0.012409424	0.012409424
5	100	20	98.167021	-0.018329790	0.018329790
5	100	21	101.240942	0.012409424	0.012409424
5	100	22	100.216046	0.002160456	0.002160456
5	100	23	100.216046	0.002160456	0.002160456
5	500	0	496.965040	-0.006069920	0.006069920
5	500	1	503.744628	0.007489256	0.007489256
5	500	2	495.836199	-0.008327602	0.008327602
5	500	3	503.744628	0.007489256	0.007489256
5	500	4	490.196655	-0.019606690	0.019606690
5	500	5	496.965040	-0.006069920	0.006069920
5	500	6	506.006986	0.012013973	0.012013973
5	500	7	491.323943	-0.017352114	0.017352114
5	500	8	508.270595	0.016541190	0.016541190
5	500	9	496.965040	-0.006069920	0.006069920
5	500	10	496.965040	-0.006069920	0.006069920
5	500	11	502.613917	0.005227834	0.005227834
5	500	12	498.094192	-0.003811615	0.003811615
5	500	13	501.483518	0.002967036	0.002967036
5	500	14	499.223656	-0.001552688	0.001552688
5	500	15	502.613917	0.005227834	0.005227834
5	500	16	493.579450	-0.012841101	0.012841101
5	500	17	496.965040	-0.006069920	0.006069920
5	500	18	504.875651	0.009751302	0.009751302
5	500	19	490.196655	-0.019606690	0.019606690
5	500	20	502.613917	0.005227834	0.005227834
5	500	21	494.707669	-0.010584662	0.010584662
5	500	22	496.965040	-0.006069920	0.006069920
5	500	23	500.353431	0.000706863	0.000706863
5	1000	0	1009.859079	0.009859079	0.009859079
5	1000	1	1002.188665	0.002188665	0.002188665
5	1000	2	995.807607	-0.004192393	0.004192393
5	1000	3	991.983739	-0.008016261	0.008016261
5	1000	4	1009.859079	0.009859079	0.009859079
5	1000	5	1022.675110	0.022675110	0.022675110
5	1000	6	1006.022077	0.006022077	0.006022077
5	1000	7	1003.466070	0.003466070	0.003466070
5	1000	8	1004.743874	0.004743874	0.004743874
5	1000	9	1023.958921	0.023958921	0.023958921
5	1000	10	1000.911658	0.000911658	0.000911658
5	1000	11	986.890795	-0.013109205	0.013109205
5	1000	12	1006.022077	0.006022077	0.006022077
5	1000	13	1011.138879	0.011138879	0.011138879
5	1000	14	999.635049	-0.000364951	0.000364951
5	1000	15	998.358838	-0.001641162	0.001641162
5	1000	16	1002.188665	0.002188665	0.002188665
5	1000	17	1034.243923	0.034243923	0.034243923
5	1000	18	1002.188665	0.002188665	0.002188665
5	1000	19	988.163437	-0.011836563	0.011836563
5	1000	20	995.807607	-0.004192393	0.004192393
5	1000	21	1014.980680	0.014980680	0.014980680
5	1000	22	1021.391701	0.021391701	0.021391701
5	1000	23	1004.743874	0.004743874	0.004743874
5	5000	0	4967.631743	-0.006473651	0.006473651
5	5000	1	5107.884276	0.021576855	0.021576855
5	5000	2	5107.884276	0.021576855	0.021576855
5	5000	3	5100.930114	0.020186023	0.020186023
5	5000	4	5111.365789	0.022273158	0.022273158
5	5000	5	5021.794515	0.004358903	0.004358903
5	5000	6	4930.805994	-0.013838801	0.013838801
5	5000	7	5107.884276	0.021576855	0.021576855
5	5000	8	4904.230070	-0.019153986	0.019153986
5	5000	9	5014.984871	0.002996974	0.002996974
5	5000	10	4914.175845	-0.017164831	0.017164831
5	5000	11	5080.138191	0.016027638	0.016027638
5	5000	12	5069.781675	0.013956335	0.013956335
5	5000	13	4944.158899	-0.011168220	0.011168220
5	5000	14	4984.480800	-0.003103840	0.003103840
5	5000	15	5001.399453	0.000279891	0.000279891
5	5000	16	4964.270233	-0.007145953	0.007145953
5	5000	17	4964.270233	-0.007145953	0.007145953
5	5000	18	5021.794515	0.004358903	0.004358903
5	5000	19	5018.388278	0.003677656	0.003677656
5	5000	20	4904.230070	-0.019153986	0.019153986
5	5000	21	4944.158899	-0.011168220	0.011168220
5	5000	22	4970.996014	-0.005800797	0.005800797
5	5000	23	5097.457456	0.019491491	0.019491491
5	10000	0	9847.861908	-0.015213809	0.015213809
5	10000	1	9836.806570	-0.016319343	0.016319343
5	10000	2	10134.412287	0.013441229	0.013441229
5	10000	3	9937.395527	-0.006260447	0.006260447
5	10000	4	10353.893359	0.035389336	0.035389336
5	10000	5	9994.364457	-0.000563554	0.000563554
5	10000	6	10052.136924	0.005213692	0.005213692
5	10000	7	10110.735920	0.011073592	0.011073592
5	10000	8	9960.088106	-0.003991189	0.003991189
5	10000	9	10052.136924	0.005213692	0.005213692
5	10000	10	9903.590659	-0.009640934	0.009640934
5	10000	11	9903.590659	-0.009640934	0.009640934
5	10000	12	10267.136712	0.026713671	0.026713671
5	10000	13	9994.364457	-0.000563554	0.000563554
5	10000	14	9960.088106	-0.003991189	0.003991189
5	10000	15	10146.301990	0.014630199	0.014630199
5	10000	16	9781.973088	-0.021802691	0.021802691
5	10000	17	10170.185440	0.017018544	0.017018544
5	10000	18	9926.096210	-0.007390379	0.007390379
5	10000	19	10040.517058	0.004051706	0.004051706
5	10000	20	10254.891561	0.025489156	0.025489156
5	10000	21	10052.136924	0.005213692	0.005213692
5	10000	22	9903.590659	-0.009640934	0.009640934
5	10000	23	10040.517058	0.004051706	0.004051706
5	50000	0	50391.452277	0.007829046	0.007829046
5	50000	1	51345.546947	0.026910939	0.026910939
5	50000	2	49788.922441	-0.004221551	0.004221551
5	50000	3	50706.652690	0.014133054	0.014133054
5	50000	4	49229.207214	-0.015415856	0.015415856
5	50000	5	51116.766431	0.022335329	0.022335329
5	50000	6	50489.706879	0.009794138	0.009794138
5	50000	7	50537.087487	0.010741750	0.010741750
5	50000	8	49082.918379	-0.018341632	0.018341632
5	50000	9	49661.741440	-0.006765171	0.006765171
5	50000	10	50725.329638	0.014506593	0.014506593
5	50000	11	49644.005103	-0.007119898	0.007119898
5	50000	12	50944.130520	0.018882610	0.018882610
5	50000	13	49841.423902	-0.003171522	0.003171522
5	50000	14	50103.067342	0.002061347	0.002061347
5	50000	15	50172.263822	0.003445276	0.003445276
5	50000	16	50876.998437	0.017539969	0.017539969
5	50000	17	49863.156177	-0.002736876	0.002736876
5	50000	18	49327.134639	-0.013457307	0.013457307
5	50000	19	49184.348758	-0.016313025	0.016313025
5	50000	20	50646.793921	0.012935878	0.012935878
5	50000	21	49726.404570	-0.005471909	0.005471909
5	50000	22	48706.937818	-0.025861244	0.025861244
5	50000	23	49138.690983	-0.017226180	0.017226180
6	100	0	100.216046	0.002160456	0.002160456
6	100	1	99.191405	-0.008085948	0.008085948
6	100	2	101.240942	0.012409424	0.012409424
6	100	3	98.167021	-0.018329790	0.018329790
6	100	4	96.119021	-0.038809790	0.038809790
6	100	5	101.240942	0.012409424	0.012409424
6	100	6	101.240942	0.012409424	0.012409424
6	100	7	100.216046	0.002160456	0.002160456
6	100	8	100.216046	0.002160456	0.002160456
6	100	9	100.216046	0.002160456	0.002160456
6	100	10	100.216046	0.002160456	0.002160456
6	100	11	101.240942	0.012409424	0.012409424
6	100	12	100.216046	0.002160456	0.002160456
6	100	13	100.216046	0.002160456	0.002160456
6	100	14	100.216046	0.002160456	0.002160456
6	100	15	99.191405	-0.008085948	0.008085948
6	100	16	100.216046	0.002160456	0.002160456
6	100	17	100.216046	0.002160456	0.002160456
6	100	18	98.167021	-0.018329790	0.018329790
6	100	19	100.216046	0.002160456	0.002160456
6	100	20	99.191405	-0.008085948	0.008085948
6	100	21	101.240942	0.012409424	0.012409424
6	100	22	100.216046	0.002160456	0.002160456
6	100	23	101.240942	0.012409424	0.012409424
6	500	0	501.483518	0.002967036	0.002967036
6	500	1	496.965040	-0.006069920	0.006069920
6	500	2	492.451541	-0.015096918	0.015096918
6	500	3	503.744628	0.007489256	0.007489256
6	500	4	501.483518	0.002967036	0.002967036
6	500	5	506.006986	0.012013973	0.012013973
6	500	6	499.223656	-0.001552688	0.001552688
6	500	7	499.223656	-0.001552688	0.001552688
6	500	8	503.744628	0.007489256	0.007489256
6	500	9	501.483518	0.002967036	0.002967036
6	500	10	503.744628	0.007489256	0.007489256
6	500	11	500.353431	0.000706863	0.000706863
6	500	12	492.451541	-0.015096918	0.015096918
6	500	13	501.483518	0.002967036	0.002967036
6	500	14	508.270595	0.016541190	0.016541190
6	500	15	493.579450	-0.012841101	0.012841101
6	500	16	496.965040	-0.006069920	0.006069920
6	500	17	502.613917	0.005227834	0.005227834
6	500	18	501.483518	0.002967036	0.002967036
6	500	19	492.451541	-0.015096918	0.015096918
6	500	20	502.613917	0.005227834	0.005227834
6	500	21	498.094192	-0.003811615	0.003811615
6	500	22	495.836199	-0.008327602	0.008327602
6	500	23	507.138634	0.014277269	0.014277269
6	1000	0	1004.743874	0.004743874	0.004743874
6	1000	1	995.807607	-0.004192393	0.004192393
6	1000	2	1025.243135	0.025243135	0.025243135
6	1000	3	990.709909	-0.009290091	0.009290091
6	1000	4	974.186070	-0.025813930	0.025813930
6	1000	5	1006.022077	0.006022077	0.006022077
6	1000	6	1002.188665	0.002188665	0.002188665
6	1000	7	995.807607	-0.004192393	0.004192393
6	1000	8	1012.419079	0.012419079	0.012419079
6	1000	9	991.983739	-0.008016261	0.008016261
6	1000	10	1007.300678	0.007300678	0.007300678
6	1000	11	997.083024	-0.002916976	0.002916976
6	1000	12	1002.188665	0.002188665	0.002188665
6	1000	13	999.635049	-0.000364951	0.000364951
6	1000	14	1002.188665	0.002188665	0.002188665
6	1000	15	1012.419079	0.012419079	0.012419079
6	1000	16	1006.022077	0.006022077	0.006022077
6	1000	17	1007.300678	0.007300678	0.007300678
6	1000	18	1016.262082	0.016262082	0.016262082
6	1000	19	999.635049	-0.000364951	0.000364951
6	1000	20	1013.699680	0.013699680	0.013699680
6	1000	21	1011.138879	0.011138879	0.011138879
6	1000	22	995.807607	-0.004192393	0.004192393
6	1000	23	1011.138879	0.011138879	0.011138879
6	5000	0	5069.781675	0.013956335	0.013956335
6	5000	1	4994.623603	-0.001075279	0.001075279
6	5000	2	5100.930114	0.020186023	0.020186023
6	5000	3	4970.996014	-0.005800797	0.005800797
6	5000	4	5025.203588	0.005040718	0.005040718
6	5000	5	5025.203588	0.005040718	0.005040718
6	5000	6	4917.496478	-0.016500704	0.016500704
6	5000	7	5090.520960	0.018104192	0.018104192
6	5000	8	5090.520960	0.018104192	0.018104192
6	5000	9	4930.805994	-0.013838801	0.013838801
6	5000	10	5097.457456	0.019491491	0.019491491
6	5000	11	5025.203588	0.005040718	0.005040718
6	5000	12	5014.984871	0.002996974	0.002996974
6	5000	13	4970.996014	-0.005800797	0.005800797
6	5000	14	5083.596191	0.016719238	0.016719238
6	5000	15	4991.239877	-0.001752025	0.001752025
6	5000	16	4981.105439	-0.003778912	0.003778912
6	5000	17	4917.496478	-0.016500704	0.016500704
6	5000	18	5049.146871	0.009829374	0.009829374
6	5000	19	5121.828119	0.024365624	0.024365624
6	5000	20	5049.146871	0.009829374	0.009829374
6	5000	21	4960.911479	-0.007817704	0.007817704
6	5000	22	5008.186530	0.001637306	0.001637306
6	5000	23	4867.967458	-0.026406508	0.026406508
6	10000	0	9781.973088	-0.021802691	0.021802691
6	10000	1	9926.096210	-0.007390379	0.007390379
6	10000	2	9926.096210	-0.007390379	0.007390379
6	10000	3	10075.476018	0.007547602	0.007547602
6	10000	4	10134.412287	0.013441229	0.013441229
6	10000	5	9937.395527	-0.006260447	0.006260447
6	10000	6	10087.195626	0.008719563	0.008719563
6	10000	7	9926.096210	-0.007390379	0.007390379
6	10000	8	9960.088106	-0.003991189	0.003991189
6	10000	9	9781.973088	-0.021802691	0.021802691
6	10000	10	9960.088106	-0.003991189	0.003991189
6	10000	11	10087.195626	0.008719563	0.008719563
6	10000	12	9881.208089	-0.011879191	0.011879191
6	10000	13	10279.418580	0.027941858	0.027941858
6	10000	14	9836.806570	-0.016319343	0.016319343
6	10000	15	10353.893359	0.035389336	0.035389336
6	10000	16	9847.861908	-0.015213809	0.015213809
6	10000	17	10040.517058	0.004051706	0.004051706
6	10000	18	9914.827977	-0.008517202	0.008517202
6	10000	19	10040.517058	0.004051706	0.004051706
6	10000	20	9858.947165	-0.014105284	0.014105284
6	10000	21	10206.273779	0.020627378	0.020627378
6	10000	22	9994.364457	-0.000563554	0.000563554
6	10000	23	10028.930063	0.002893006	0.002893006
6	50000	0	50866.556030	0.017331121	0.017331121
6	50000	1	50994.299755	0.019885995	0.019885995
6	50000	2	50152.785619	0.003055712	0.003055712
6	50000	3	50009.246521	0.000184930	0.000184930
6	50000	4	51192.753437	0.023855069	0.023855069
6	50000	5	51317.809025	0.026356181	0.026356181
6	50000	6	49690.014183	-0.006199716	0.006199716
6	50000	7	49670.900822	-0.006581984	0.006581984
6	50000	8	50409.216098	0.008184322	0.008184322
6	50000	9	48467.454489	-0.030650910	0.030650910
6	50000	10	48748.920627	-0.025021587	0.025021587
6	50000	11	50478.177491	0.009563550	0.009563550
6	50000	12	49772.743748	-0.004545125	0.004545125
6	50000	13	49249.226793	-0.015015464	0.015015464
6	50000	14	51134.369389	0.022687388	0.022687388
6	50000	15	50809.167987	0.016183360	0.016183360
6	50000	16	49709.829366	-0.005803413	0.005803413
6	50000	17	50661.608947	0.013232179	0.013232179
6	50000	18	50944.463991	0.018889280	0.018889280
6	50000	19	49980.739480	-0.000385210	0.000385210
6	50000	20	50029.610910	0.000592218	0.000592218
6	50000	21	49041.580992	-0.019168380	0.019168380
6	50000	22	50248.168995	0.004963380	0.004963380
6	50000	23	52078.280917	0.041565618	0.041565618
7	100	0	101.240942	0.012409424	0.012409424
7	100	1	99.191405	-0.008085948	0.008085948
7	100	2	99.191405	-0.008085948	0.008085948
7	100	3	100.216046	0.002160456	0.002160456
7	100	4	98.167021	-0.018329790	0.018329790
7	100	5	100.216046	0.002160456	0.002160456
7	100	6	101.240942	0.012409424	0.012409424
7	100	7	99.191405	-0.008085948	0.008085948
7	100	8	99.191405	-0.008085948	0.008085948
7	100	9	101.240942	0.012409424	0.012409424
7	100	10	97.142893	-0.028571070	0.028571070
7	100	11	101.240942	0.012409424	0.012409424
7	100	12	101.240942	0.012409424	0.012409424
7	100	13	99.191405	-0.008085948	0.008085948
7	100	14	101.240942	0.012409424	0.012409424
7	100	15	101.240942	0.012409424	0.012409424
7	100	16	101.240942	0.012409424	0.012409424
7	100	17	101.240942	0.012409424	0.012409424
7	100	18	99.191405	-0.008085948	0.008085948
7	100	19	99.191405	-0.008085948	0.008085948
7	100	20	99.191405	-0.008085948	0.008085948
7	100	21	100.216046	0.002160456	0.002160456
7	100	22	100.216046	0.002160456	0.002160456
7	100	23	100.216046	0.002160456	0.002160456
7	500	0	492.451541	-0.015096918	0.015096918
7	500	1	500.353431	0.000706863	0.000706863
7	500	2	516.203092	0.032406183	0.032406183
7	500	3	499.223656	-0.001552688	0.001552688
7	500	4	508.270595	0.016541190	0.016541190
7	500	5	499.223656	-0.001552688	0.001552688
7	500	6	500.353431	0.000706863	0.000706863
7	500	7	499.223656	-0.001552688	0.001552688
7	500	8	503.744628	0.007489256	0.007489256
7	500	9	492.451541	-0.015096918	0.015096918
7	500	10	489.069678	-0.021860645	0.021860645
7	500	11	498.094192	-0.003811615	0.003811615
7	500	12	504.875651	0.009751302	0.009751302
7	500	13	506.006986	0.012013973	0.012013973
7	500	14	501.483518	0.002967036	0.002967036
7	500	15	499.223656	-0.001552688	0.001552688
7	500	16	509.402869	0.018805738	0.018805738
7	500	17	504.875651	0.009751302	0.009751302
7	500	18	495.836199	-0.008327602	0.008327602
7	500	19	499.223656	-0.001552688	0.001552688
7	500	20	503.744628	0.007489256	0.007489256
7	500	21	495.836199	-0.008327602	0.008327602
7	500	22	503.744628	0.007489256	0.007489256
7	500	23	504.875651	0.009751302	0.009751302
7	1000	0	1003.466070	0.003466070	0.003466070
7	1000	1	1021.391701	0.021391701	0.021391701
7	1000	2	994.532588	-0.005467412	0.005467412
7	1000	3	995.807607	-0.004192393	0.004192393
7	1000	4	997.083024	-0.002916976	0.002916976
7	1000	5	1011.138879	0.011138879	0.011138879
7	1000	6	997.083024	-0.002916976	0.002916976
7	1000	7	1003.466070	0.003466070	0.003466070
7	1000	8	991.983739	-0.008016261	0.008016261
7	1000	9	1008.579679	0.008579679	0.008579679
7	1000	10	1012.419079	0.012419079	0.012419079
7	1000	11	1003.466070	0.003466070	0.003466070
7	1000	12	999.635049	-0.000364951	0.000364951
7	1000	13	999.635049	-0.000364951	0.000364951
7	1000	14	986.890795	-0.013109205	0.013109205
7	1000	15	995.807607	-0.004192393	0.004192393
7	1000	16	995.807607	-0.004192393	0.004192393
7	1000	17	1008.579679	0.008579679	0.008579679
7	1000	18	980.533506	-0.019466494	0.019466494
7	1000	19	997.083024	-0.002916976	0.002916976
7	1000	20	989.436475	-0.010563525	0.010563525
7	1000	21	1000.911658	0.000911658	0.000911658
7	1000	22	1011.138879	0.011138879	0.011138879
7	1000	23	994.532588	-0.005467412	0.005467412
7	5000	0	5035.447861	0.007089572	0.007089572
7	5000	1	4867.967458	-0.026406508	0.026406508
7	5000	2	5021.794515	0.004358903	0.004358903
7	5000	3	5121.828119	0.024365624	0.024365624
7	5000	4	5025.203588	0.005040718	0.005040718
7	5000	5	4881.116747	-0.023776651	0.023776651
7	5000	6	5087.057112	0.017411422	0.017411422
7	5000	7	5069.781675	0.013956335	0.013956335
7	5000	8	4930.805994	-0.013838801	0.013838801
7	5000	9	4994.623603	-0.001075279	0.001075279
7	5000	10	5100.930114	0.020186023	0.020186023
7	5000	11	4998.010127	-0.000397975	0.000397975
7	5000	12	5004.791585	0.000958317	0.000958317
7	5000	13	4974.363051	-0.005127390	0.005127390
7	5000	14	4950.851711	-0.009829658	0.009829658
7	5000	15	5049.146871	0.009829374	0.009829374
7	5000	16	4937.477005	-0.012504599	0.012504599
7	5000	17	5021.794515	0.004358903	0.004358903
7	5000	18	5056.013595	0.011202719	0.011202719
7	5000	19	5066.335314	0.013267063	0.013267063
7	5000	20	4987.858944	-0.002428211	0.002428211
7	5000	21	5032.030256	0.006406051	0.006406051
7	5000	22	4937.477005	-0.012504599	0.012504599
7	5000	23	4970.996014	-0.005800797	0.005800797
7	10000	0	10052.136924	0.005213692	0.005213692
7	10000	1	10194.208969	0.019420897	0.019420897
7	10000	2	10122.556996	0.012255700	0.012255700
7	10000	3	9858.947165	-0.014105284	0.014105284
7	10000	4	10028.930063	0.002893006	0.002893006
7	10000	5	9994.364457	-0.000563554	0.000563554
7	10000	6	10182.179592	0.018217959	0.018217959
7	10000	7	9642.749227	-0.035725077	0.035725077
7	10000	8	9600.846049	-0.039915395	0.039915395
7	10000	9	10052.136924	0.005213692	0.005213692
7	10000	10	10052.136924	0.005213692	0.005213692
7	10000	11	10218.374231	0.021837423	0.021837423
7	10000	12	10218.374231	0.021837423	0.021837423
7	10000	13	9858.947165	-0.014105284	0.014105284
7	10000	14	10098.948862	0.009894886	0.009894886
7	10000	15	10063.789848	0.006378985	0.006378985
7	10000	16	10075.476018	0.007547602	0.007547602
7	10000	17	10417.007088	0.041700709	0.041700709
7	10000	18	10417.007088	0.041700709	0.041700709
7	10000	19	10063.789848	0.006378985	0.006378985
7	10000	20	10005.853945	0.000585395	0.000585395
7	10000	21	9825.780992	-0.017421901	0.017421901
7	10000	22	10075.476018	0.007547602	0.007547602
7	10000	23	10028.930063	0.002893006	0.002893006
7	50000	0	51039.222125	0.020784443	0.020784443
7	50000	1	49065.056027	-0.018698879	0.018698879
7	50000	2	50549.920019	0.010998400	0.010998400
7	50000	3	50006.522955	0.000130459	0.000130459
7	50000	4	50279.074305	0.005581486	0.005581486
7	50000	5	50317.402595	0.006348052	0.006348052
7	50000	6	48925.374587	-0.021492508	0.021492508
7	50000	7	49215.294265	-0.015694115	0.015694115
7	50000	8	49652.641648	-0.006947167	0.006947167
7	50000	9	50000.410993	0.000008220	0.000008220
7	50000	10	49349.287603	-0.013014248	0.013014248
7	50000	11	49362.199253	-0.012756015	0.012756015
7	50000	12	48828.715976	-0.023425680	0.023425680
7	50000	13	49265.381603	-0.014692368	0.014692368
7	50000	14	48760.906360	-0.024781873	0.024781873
7	50000	15	49933.816813	-0.001323664	0.001323664
7	50000	16	50579.842511	0.011596850	0.011596850
7	50000	17	50091.397074	0.001827941	0.001827941
7	50000	18	49830.663896	-0.003386722	0.003386722
7	50000	19	49618.548207	-0.007629036	0.007629036
7	50000	20	49233.792602	-0.015324148	0.015324148
7	50000	21	50647.397700	0.012947954	0.012947954
7	50000	22	50538.824383	0.010776488	0.010776488
7	50000	23	49336.876975	-0.013262461	0.013262461
8	100	0	99.191405	-0.008085948	0.008085948
8	100	1	98.167021	-0.018329790	0.018329790
8	100	2	101.240942	0.012409424	0.012409424
8	100	3	100.216046	0.002160456	0.002160456
8	100	4	99.191405	-0.008085948	0.008085948
8	100	5	99.191405	-0.008085948	0.008085948
8	100	6	101.240942	0.012409424	0.012409424
8	100	7	101.240942	0.012409424	0.012409424
8	100	8	99.191405	-0.008085948	0.008085948
8	100	9	99.191405	-0.008085948	0.008085948
8	100	10	95.095405	-0.049045951	0.049045951
8	100	11	100.216046	0.002160456	0.002160456
8	100	12	99.191405	-0.008085948	0.008085948
8	100	13	100.216046	0.002160456	0.002160456
8	100	14	98.167021	-0.018329790	0.018329790
8	100	15	101.240942	0.012409424	0.012409424
8	100	16	99.191405	-0.008085948	0.008085948
8	100	17	101.240942	0.012409424	0.012409424
8	100	18	99.191405	-0.008085948	0.008085948
8	100	19	101.240942	0.012409424	0.012409424
8	100	20	101.240942	0.012409424	0.012409424
8	100	21	96.119021	-0.038809790	0.038809790
8	100	22	99.191405	-0.008085948	0.008085948
8	100	23	100.216046	0.002160456	0.002160456
8	500	0	510.535456	0.021070911	0.021070911
8	500	1	500.353431	0.000706863	0.000706863
8	500	2	507.138634	0.014277269	0.014277269
8	500	3	500.353431	0.000706863	0.000706863
8	500	4	492.451541	-0.015096918	0.015096918
8	500	5	504.875651	0.009751302	0.009751302
8	500	6	508.270595	0.016541190	0.016541190
8	500	7	509.402869	0.018805738	0.018805738
8	500	8	507.138634	0.014277269	0.014277269
8	500	9	501.483518	0.002967036	0.002967036
8	500	10	504.875651	0.009751302	0.009751302
8	500	11	493.579450	-0.012841101	0.012841101
8	500	12	493.579450	-0.012841101	0.012841101
8	500	13	494.707669	-0.010584662	0.010584662
8	500	14	500.353431	0.000706863	0.000706863
8	500	15	504.875651	0.009751302	0.009751302
8	500	16	486.816652	-0.026366696	0.026366696
8	500	17	493.579450	-0.012841101	0.012841101
8	500	18	504.875651	0.009751302	0.009751302
8	500	19	502.613917	0.005227834	0.005227834
8	500	20	495.836199	-0.008327602	0.008327602
8	500	21	502.613917	0.005227834	0.005227834
8	500	22	494.707669	-0.010584662	0.010584662
8	500	23	498.094192	-0.003811615	0.003811615
8	1000	0	1007.300678	0.007300678	0.007300678
8	1000	1	1014.980680	0.014980680	0.014980680
8	1000	2	999.635049	-0.000364951	0.000364951
8	1000	3	999.635049	-0.000364951	0.000364951
8	1000	4	975.454771	-0.024545229	0.024545229
8	1000	5	986.890795	-0.013109205	0.013109205
8	1000	6	988.163437	-0.011836563	0.011836563
8	1000	7	1016.262082	0.016262082	0.016262082
8	1000	8	990.709909	-0.009290091	0.009290091
8	1000	9	1003.466070	0.003466070	0.003466070
8	1000	10	983.075238	-0.016924762	0.016924762
8	1000	11	995.807607	-0.004192393	0.004192393
8	1000	12	1004.743874	0.004743874	0.004743874
8	1000	13	981.804175	-0.018195825	0.018195825
8	1000	14	1002.188665	0.002188665	0.002188665
8	1000	15	1002.188665	0.002188665	0.002188665
8	1000	16	989.436475	-0.010563525	0.010563525
8	1000	17	1002.188665	0.002188665	0.002188665
8	1000	18	976.723864	-0.023276136	0.023276136
8	1000	19	1006.022077	0.006022077	0.006022077
8	1000	20	980.533506	-0.019466494	0.019466494
8	1000	21	1009.859079	0.009859079	0.009859079
8	1000	22	999.635049	-0.000364951	0.000364951
8	1000	23	995.807607	-0.004192393	0.004192393
8	5000	0	5146.344652	0.029268930	0.029268930
8	5000	1	4954.202223	-0.009159555	0.009159555
8	5000	2	4991.239877	-0.001752025	0.001752025
8	5000	3	4954.202223	-0.009159555	0.009159555
8	5000	4	5146.344652	0.029268930	0.029268930
8	5000	5	4904.230070	-0.019153986	0.019153986
8	5000	6	5021.794515	0.004358903	0.004358903
8	5000	7	4984.480800	-0.003103840	0.003103840
8	5000	8	4907.542646	-0.018491471	0.018491471
8	5000	9	5073.230939	0.014646188	0.014646188
8	5000	10	5083.596191	0.016719238	0.016719238
8	5000	11	4950.851711	-0.009829658	0.009829658
8	5000	12	5083.596191	0.016719238	0.016719238
8	5000	13	4838.534996	-0.032293001	0.032293001
8	5000	14	4964.270233	-0.007145953	0.007145953
8	5000	15	4914.175845	-0.017164831	0.017164831
8	5000	16	4900.920170	-0.019815966	0.019815966
8	5000	17	5080.138191	0.016027638	0.016027638
8	5000	18	5001.399453	0.000279891	0.000279891
8	5000	19	5021.794515	0.004358903	0.004358903
8	5000	20	4998.010127	-0.000397975	0.000397975
8	5000	21	4991.239877	-0.001752025	0.001752025
8	5000	22	5069.781675	0.013956335	0.013956335
8	5000	23	5073.230939	0.014646188	0.014646188
8	10000	0	10254.891561	0.025489156	0.025489156
8	10000	1	10134.412287	0.013441229	0.013441229
8	10000	2	10028.930063	0.002893006	0.002893006
8	10000	3	9881.208089	-0.011879191	0.011879191
8	10000	4	10110.735920	0.011073592	0.011073592
8	10000	5	9892.384085	-0.010761591	0.010761591
8	10000	6	10098.948862	0.009894886	0.009894886
8	10000	7	9738.628768	-0.026137123	0.026137123
8	10000	8	9994.364457	-0.000563554	0.000563554
8	10000	9	10170.185440	0.017018544	0.017018544
8	10000	10	10040.517058	0.004051706	0.004051706
8	10000	11	9994.364457	-0.000563554	0.000563554
8	10000	12	9903.590659	-0.009640934	0.009640934
8	10000	13	10052.136924	0.005213692	0.005213692
8	10000	14	9760.243594	-0.023975641	0.023975641
8	10000	15	9814.785012	-0.018521499	0.018521499
8	10000	16	9937.395527	-0.006260447	0.006260447
8	10000	17	10005.853945	0.000585395	0.000585395
8	10000	18	9948.726102	-0.005127390	0.005127390
8	10000	19	9903.590659	-0.009640934	0.009640934
8	10000	20	10052.136924	0.005213692	0.005213692
8	10000	21	10017.375753	0.001737575	0.001737575
8	10000	22	10028.930063	0.002893006	0.002893006
8	10000	23	9982.907107	-0.001709289	0.001709289
8	50000	0	50408.969170	0.008179383	0.008179383
8	50000	1	49668.336884	-0.006633262	0.006633262
8	50000	2	50692.030180	0.013840604	0.013840604
8	50000	3	49088.277360	-0.018234453	0.018234453
8	50000	4	50384.302927	0.007686059	0.007686059
8	50000	5	49036.761417	-0.019264772	0.019264772
8	50000	6	50522.479497	0.010449590	0.010449590
8	50000	7	50763.162684	0.015263254	0.015263254
8	50000	8	49296.106988	-0.014077860	0.014077860
8	50000	9	50358.575100	0.007171502	0.007171502
8	50000	10	51453.084189	0.029061684	0.029061684
8	50000	11	49456.256018	-0.010874880	0.010874880
8	50000	12	49808.017293	-0.003839654	0.003839654
8	50000	13	48777.222091	-0.024455558	0.024455558
8	50000	14	48664.539638	-0.026709207	0.026709207
8	50000	15	49539.185464	-0.009216291	0.009216291
8	50000	16	49157.072434	-0.016858551	0.016858551
8	50000	17	50303.946579	0.006078932	0.006078932
8	50000	18	50632.624429	0.012652489	0.012652489
8	50000	19	49301.147724	-0.013977046	0.013977046
8	50000	20	50965.932614	0.019318652	0.019318652
8	50000	21	48982.142652	-0.020357147	0.020357147
8	50000	22	49718.730649	-0.005625387	0.005625387
8	50000	23	50000.926934	0.000018539	0.000018539
9	100	0	99.191405	-0.008085948	0.008085948
9	100	1	100.216046	0.002160456	0.002160456
9	100	2	100.216046	0.002160456	0.002160456
9	100	3	100.216046	0.002160456	0.002160456
9	100	4	99.191405	-0.008085948	0.008085948
9	100	5	101.240942	0.012409424	0.012409424
9	100	6	98.167021	-0.018329790	0.018329790
9	100	7	101.240942	0.012409424	0.012409424
9	100	8	98.167021	-0.018329790	0.018329790
9	100	9	100.216046	0.002160456	0.002160456
9	100	10	101.240942	0.012409424	0.012409424
9	100	11	100.216046	0.002160456	0.002160456
9	100	12	100.216046	0.002160456	0.002160456
9	100	13	100.216046	0.002160456	0.002160456
9	100	14	100.216046	0.002160456	0.002160456
9	100	15	100.216046	0.002160456	0.002160456
9	100	16	101.240942	0.012409424	0.012409424
9	100	17	98.167021	-0.018329790	0.018329790
9	100	18	100.216046	0.002160456	0.002160456
9	100	19	100.216046	0.002160456	0.002160456
9	100	20	100.216046	0.002160456	0.002160456
9	100	21	100.216046	0.002160456	0.002160456
9	100	22	100.216046	0.002160456	0.002160456
9	100	23	101.240942	0.012409424	0.012409424
9	500	0	500.353431	0.000706863	0.000706863
9	500	1	499.223656	-0.001552688	0.001552688
9	500	2	496.965040	-0.006069920	0.006069920
9	500	3	502.613917	0.005227834	0.005227834
9	500	4	509.402869	0.018805738	0.018805738
9	500	5	508.270595	0.016541190	0.016541190
9	500	6	502.613917	0.005227834	0.005227834
9	500	7	499.223656	-0.001552688	0.001552688
9	500	8	502.613917	0.005227834	0.005227834
9	500	9	506.006986	0.012013973	0.012013973
9	500	10	511.668356	0.023336711	0.023336711
9	500	11	501.483518	0.002967036	0.002967036
9	500	12	496.965040	-0.006069920	0.006069920
9	500	13	500.353431	0.000706863	0.000706863
9	500	14	503.744628	0.007489256	0.007489256
9	500	15	491.323943	-0.017352114	0.017352114
9	500	16	492.451541	-0.015096918	0.015096918
9	500	17	492.451541	-0.015096918	0.015096918
9	500	18	507.138634	0.014277269	0.014277269
9	500	19	504.875651	0.009751302	0.009751302
9	500	20	496.965040	-0.006069920	0.006069920
9	500	21	500.353431	0.000706863	0.000706863
9	500	22	507.138634	0.014277269	0.014277269
9	500	23	500.353431	0.000706863	0.000706863
9	1000	0	1008.579679	0.008579679	0.008579679
9	1000	1	995.807607	-0.004192393	0.004192393
9	1000	2	984.346695	-0.015653305	0.015653305
9	1000	3	1002.188665	0.002188665	0.002188665
9	1000	4	990.709909	-0.009290091	0.009290091
9	1000	5	1012.419079	0.012419079	0.012419079
9	1000	6	986.890795	-0.013109205	0.013109205
9	1000	7	1007.300678	0.007300678	0.007300678
9	1000	8	1004.743874	0.004743874	0.004743874
9	1000	9	1023.958921	0.023958921	0.023958921
9	1000	10	1021.391701	0.021391701	0.021391701
9	1000	11	1021.391701	0.021391701	0.021391701
9	1000	12	980.533506	-0.019466494	0.019466494
9	1000	13	1012.419079	0.012419079	0.012419079
9	1000	14	1009.859079	0.009859079	0.009859079
9	1000	15	977.993351	-0.022006649	0.022006649
9	1000	16	1003.466070	0.003466070	0.003466070
9	1000	17	1000.911658	0.000911658	0.000911658
9	1000	18	989.436475	-0.010563525	0.010563525
9	1000	19	1004.743874	0.004743874	0.004743874
9	1000	20	1000.911658	0.000911658	0.000911658
9	1000	21	999.635049	-0.000364951	0.000364951
9	1000	22	1008.579679	0.008579679	0.008579679
9	1000	23	1011.138879	0.011138879	0.011138879
9	5000	0	5001.399453	0.000279891	0.000279891
9	5000	1	4974.363051	-0.005127390	0.005127390
9	5000	2	5045.717821	0.009143564	0.009143564
9	5000	3	5069.781675	0.013956335	0.013956335
9	5000	4	4950.851711	-0.009829658	0.009829658
9	5000	5	4944.158899	-0.011168220	0.011168220
9	5000	6	4954.202223	-0.009159555	0.009159555
9	5000	7	5032.030256	0.006406051	0.006406051
9	5000	8	5069.781675	0.013956335	0.013956335
9	5000	9	4977.732858	-0.004453428	0.004453428
9	5000	10	5038.868321	0.007773664	0.007773664
9	5000	11	5090.520960	0.018104192	0.018104192
9	5000	12	4970.996014	-0.005800797	0.005800797
9	5000	13	4947.503938	-0.010499212	0.010499212
9	5000	14	5042.291639	0.008458328	0.008458328
9	5000	15	5021.794515	0.004358903	0.004358903
9	5000	16	4900.920170	-0.019815966	0.019815966
9	5000	17	4894.308385	-0.021138323	0.021138323
9	5000	18	4947.503938	-0.010499212	0.010499212
9	5000	19	5038.868321	0.007773664	0.007773664
9	5000	20	5188.717444	0.037743489	0.037743489
9	5000	21	4950.851711	-0.009829658	0.009829658
9	5000	22	4954.202223	-0.009159555	0.009159555
9	5000	23	4967.631743	-0.006473651	0.006473651
9	10000	0	10075.476018	0.007547602	0.007547602
9	10000	1	10005.853945	0.000585395	0.000585395
9	10000	2	10146.301990	0.014630199	0.014630199
9	10000	3	10182.179592	0.018217959	0.018217959
9	10000	4	9803.818473	-0.019618153	0.019618153
9	10000	5	10017.375753	0.001737575	0.001737575
9	10000	6	10170.185440	0.017018544	0.017018544
9	10000	7	10279.418580	0.027941858	0.027941858
9	10000	8	9847.861908	-0.015213809	0.015213809
9	10000	9	10017.375753	0.001737575	0.001737575
9	10000	10	10040.517058	0.004051706	0.004051706
9	10000	11	10075.476018	0.007547602	0.007547602
9	10000	12	10194.208969	0.019420897	0.019420897
9	10000	13	9858.947165	-0.014105284	0.014105284
9	10000	14	9760.243594	-0.023975641	0.023975641
9	10000	15	9926.096210	-0.007390379	0.007390379
9	10000	16	9926.096210	-0.007390379	0.007390379
9	10000	17	10052.136924	0.005213692	0.005213692
9	10000	18	9914.827977	-0.008517202	0.008517202
9	10000	19	9982.907107	-0.001709289	0.001709289
9	10000	20	10353.893359	0.035389336	0.035389336
9	10000	21	10040.517058	0.004051706	0.004051706
9	10000	22	10218.374231	0.021837423	0.021837423
9	10000	23	9771.093931	-0.022890607	0.022890607
9	50000	0	49701.364717	-0.005972706	0.005972706
9	50000	1	51071.235187	0.021424704	0.021424704
9	50000	2	49205.277718	-0.015894446	0.015894446
9	50000	3	49630.972036	-0.007380559	0.007380559
9	50000	4	50670.441406	0.013408828	0.013408828
9	50000	5	48729.633961	-0.025407321	0.025407321
9	50000	6	49130.990442	-0.017380191	0.017380191
9	50000	7	49720.395573	-0.005592089	0.005592089
9	50000	8	50034.545541	0.000690911	0.000690911
9	50000	9	50297.547522	0.005950950	0.005950950
9	50000	10	48701.564547	-0.025968709	0.025968709
9	50000	11	49330.407649	-0.013391847	0.013391847
9	50000	12	48806.207617	-0.023875848	0.023875848
9	50000	13	50805.029150	0.016100583	0.016100583
9	50000	14	49936.826142	-0.001263477	0.001263477
9	50000	15	51869.549762	0.037390995	0.037390995
9	50000	16	51027.497137	0.020549943	0.020549943
9	50000	17	50147.797507	0.002955950	0.002955950
9	50000	18	50341.345114	0.006826902	0.006826902
9	50000	19	49376.272270	-0.012474555	0.012474555
9	50000	20	49877.529688	-0.002449406	0.002449406
9	50000	21	49600.476435	-0.007990471	0.007990471
9	50000	22	51019.429550	0.020388591	0.020388591
9	50000	23	49825.156869	-0.003496863	0.003496863
10	100	0	99.191405	-0.008085948	0.008085948
10	100	1	99.191405	-0.008085948	0.008085948
10	100	2	100.216046	0.002160456	0.002160456
10	100	3	100.216046	0.002160456	0.002160456
10	100	4	99.191405	-0.008085948	0.008085948
10	100	5	101.240942	0.012409424	0.012409424
10	100	6	101.240942	0.012409424	0.012409424
10	100	7	100.216046	0.002160456	0.002160456
10	100	8	100.216046	0.002160456	0.002160456
10	100	9	100.216046	0.002160456	0.002160456
10	100	10	100.216046	0.002160456	0.002160456
10	100	11	100.216046	0.002160456	0.002160456
10	100	12	100.216046	0.002160456	0.002160456
10	100	13	100.216046	0.002160456	0.002160456
10	100	14	100.216046	0.002160456	0.002160456
10	100	15	101.240942	0.012409424	0.012409424
10	100	16	100.216046	0.002160456	0.002160456
10	100	17	100.216046	0.002160456	0.002160456
10	100	18	100.216046	0.002160456	0.002160456
10	100	19	98.167021	-0.018329790	0.018329790
10	100	20	100.216046	0.002160456	0.002160456
10	100	21	100.216046	0.002160456	0.002160456
10	100	22	98.167021	-0.018329790	0.018329790
10	100	23	101.240942	0.012409424	0.012409424
10	500	0	496.965040	-0.006069920	0.006069920
10	500	1	487.943010	-0.024113980	0.024113980
10	500	2	501.483518	0.002967036	0.002967036
10	500	3	493.579450	-0.012841101	0.012841101
10	500	4	492.451541	-0.015096918	0.015096918
10	500	5	503.744628	0.007489256	0.007489256
10	500	6	496.965040	-0.006069920	0.006069920
10	500	7	506.006986	0.012013973	0.012013973
10	500	8	502.613917	0.005227834	0.005227834
10	500	9	501.483518	0.002967036	0.002967036
10	500	10	495.836199	-0.008327602	0.008327602
10	500	11	508.270595	0.016541190	0.016541190
10	500	12	508.270595	0.016541190	0.016541190
10	500	13	506.006986	0.012013973	0.012013973
10	500	14	493.579450	-0.012841101	0.012841101
10	500	15	507.138634	0.014277269	0.014277269
10	500	16	501.483518	0.002967036	0.002967036
10	500	17	503.744628	0.007489256	0.007489256
10	500	18	494.707669	-0.010584662	0.010584662
10	500	19	498.094192	-0.003811615	0.003811615
10	500	20	498.094192	-0.003811615	0.003811615
10	500	21	501.483518	0.002967036	0.002967036
10	500	22	508.270595	0.016541190	0.016541190
10	500	23	507.138634	0.014277269	0.014277269
10	1000	0	998.358838	-0.001641162	0.001641162
10	1000	1	989.436475	-0.010563525	0.010563525
10	1000	2	988.163437	-0.011836563	0.011836563
10	1000	3	997.083024	-0.002916976	0.002916976
10	1000	4	995.807607	-0.004192393	0.004192393
10	1000	5	1009.859079	0.009859079	0.009859079
10	1000	6	1014.980680	0.014980680	0.014980680
10	1000	7	1016.262082	0.016262082	0.016262082
10	1000	8	990.709909	-0.009290091	0.009290091
10	1000	9	989.436475	-0.010563525	0.010563525
10	1000	10	998.358838	-0.001641162	0.001641162
10	1000	11	998.358838	-0.001641162	0.001641162
10	1000	12	993.257965	-0.006742035	0.006742035
10	1000	13	999.635049	-0.000364951	0.000364951
10	1000	14	998.358838	-0.001641162	0.001641162
10	1000	15	980.533506	-0.019466494	0.019466494
10	1000	16	1003.466070	0.003466070	0.003466070
10	1000	17	995.807607	-0.004192393	0.004192393
10	1000	18	998.358838	-0.001641162	0.001641162
10	1000	19	1013.699680	0.013699680	0.013699680
10	1000	20	1021.391701	0.021391701	0.021391701
10	1000	21	1003.466070	0.003466070	0.003466070
10	1000	22	1004.743874	0.004743874	0.004743874
10	1000	23	1012.419079	0.012419079	0.012419079
10	5000	0	5107.884276	0.021576855	0.021576855
10	5000	1	5111.365789	0.022273158	0.022273158
10	5000	2	4861.408610	-0.027718278	0.027718278
10	5000	3	5038.868321	0.007773664	0.007773664
10	5000	4	4897.612944	-0.020477411	0.020477411
10	5000	5	5025.203588	0.005040718	0.005040718
10	5000	6	4977.732858	-0.004453428	0.004453428
10	5000	7	5059.451279	0.011890256	0.011890256
10	5000	8	5128.817882	0.025763576	0.025763576
10	5000	9	5021.794515	0.004358903	0.004358903
10	5000	10	5008.186530	0.001637306	0.001637306
10	5000	11	4881.116747	-0.023776651	0.023776651
10	5000	12	4917.496478	-0.016500704	0.016500704
10	5000	13	5156.896826	0.031379365	0.031379365
10	5000	14	4998.010127	-0.000397975	0.000397975
10	5000	15	4967.631743	-0.006473651	0.006473651
10	5000	16	4924.145830	-0.015170834	0.015170834
10	5000	17	4960.911479	-0.007817704	0.007817704
10	5000	18	5100.930114	0.020186023	0.020186023
10	5000	19	4934.140142	-0.013171972	0.013171972
10	5000	20	5021.794515	0.004358903	0.004358903
10	5000	21	5021.794515	0.004358903	0.004358903
10	5000	22	4974.363051	-0.005127390	0.005127390
10	5000	23	5018.388278	0.003677656	0.003677656
10	10000	0	9836.806570	-0.016319343	0.016319343
10	10000	1	9803.818473	-0.019618153	0.019618153
10	10000	2	10194.208969	0.019420897	0.019420897
10	10000	3	9803.818473	-0.019618153	0.019618153
10	10000	4	9994.364457	-0.000563554	0.000563554
10	10000	5	9903.590659	-0.009640934	0.009640934
10	10000	6	10028.930063	0.002893006	0.002893006
10	10000	7	10075.476018	0.007547602	0.007547602
10	10000	8	9685.085522	-0.031491448	0.031491448
10	10000	9	10087.195626	0.008719563	0.008719563
10	10000	10	9926.096210	-0.007390379	0.007390379
10	10000	11	9982.907107	-0.001709289	0.001709289
10	10000	12	10122.556996	0.012255700	0.012255700
10	10000	13	9836.806570	-0.016319343	0.016319343
10	10000	14	10063.789848	0.006378985	0.006378985
10	10000	15	9937.395527	-0.006260447	0.006260447
10	10000	16	10267.136712	0.026713671	0.026713671
10	10000	17	10194.208969	0.019420897	0.019420897
10	10000	18	9881.208089	-0.011879191	0.011879191
10	10000	19	9881.208089	-0.011879191	0.011879191
10	10000	20	10005.853945	0.000585395	0.000585395
10	10000	21	10005.853945	0.000585395	0.000585395
10	10000	22	9738.628768	-0.026137123	0.026137123
10	10000	23	10087.195626	0.008719563	0.008719563
10	50000	0	49697.473695	-0.006050526	0.006050526
10	50000	1	50202.991565	0.004059831	0.004059831
10	50000	2	50133.674400	0.002673488	0.002673488
10	50000	3	51157.984300	0.023159686	0.023159686
10	50000	4	49646.048938	-0.007079021	0.007079021
10	50000	5	50284.767843	0.005695357	0.005695357
10	50000	6	51157.127745	0.023142555	0.023142555
10	50000	7	50047.288368	0.000945767	0.000945767
10	50000	8	50278.930827	0.005578617	0.005578617
10	50000	9	49889.990955	-0.002200181	0.002200181
10	50000	10	49759.500331	-0.004809993	0.004809993
10	50000	11	50005.404912	0.000108098	0.000108098
10	50000	12	50450.077244	0.009001545	0.009001545
10	50000	13	50570.370400	0.011407408	0.011407408
10	50000	14	49365.005223	-0.012699896	0.012699896
10	50000	15	50431.532535	0.008630651	0.008630651
10	50000	16	50518.421834	0.010368437	0.010368437
10	50000	17	49667.173243	-0.006656535	0.006656535
10	50000	18	49699.872217	-0.006002556	0.006002556
10	50000	19	50020.987706	0.000419754	0.000419754
10	50000	20	50071.853529	0.001437071	0.001437071
10	50000	21	50128.460311	0.002569206	0.002569206
10	50000	22	48521.811987	-0.029563760	0.029563760
10	50000	23	49698.336583	-0.006033268	0.006033268
11	100	0	100.216046	0.002160456	0.002160456
11	100	1	100.216046	0.002160456	0.002160456
11	100	2	97.142893	-0.028571070	0.028571070
11	100	3	99.191405	-0.008085948	0.008085948
11	100	4	100.216046	0.002160456	0.002160456
11	100	5	100.216046	0.002160456	0.002160456
11	100	6	99.191405	-0.008085948	0.008085948
11	100	7	101.240942	0.012409424	0.012409424
11	100	8	99.191405	-0.008085948	0.008085948
11	100	9	98.167021	-0.018329790	0.018329790
11	100	10	100.216046	0.002160456	0.002160456
11	100	11	99.191405	-0.008085948	0.008085948
11	100	12	101.240942	0.012409424	0.012409424
11	100	13	100.216046	0.002160456	0.002160456
11	100	14	99.191405	-0.008085948	0.008085948
11	100	15	98.167021	-0.018329790	0.018329790
11	100	16	100.216046	0.002160456	0.002160456
11	100	17	101.240942	0.012409424	0.012409424
11	100	18	100.216046	0.002160456	0.002160456
11	100	19	101.240942	0.012409424	0.012409424
11	100	20	101.240942	0.012409424	0.012409424
11	100	21	101.240942	0.012409424	0.012409424
11	100	22	100.216046	0.002160456	0.002160456
11	100	23	101.240942	0.012409424	0.012409424
11	500	0	499.223656	-0.001552688	0.001552688
11	500	1	512.801569	0.025603138	0.025603138
11	500	2	499.223656	-0.001552688	0.001552688
11	500	3	502.613917	0.005227834	0.005227834
11	500	4	502.613917	0.005227834	0.005227834
11	500	5	500.353431	0.000706863	0.000706863
11	500	6	502.613917	0.005227834	0.005227834
11	500	7	492.451541	-0.015096918	0.015096918
11	500	8	503.744628	0.007489256	0.007489256
11	500	9	499.223656	-0.001552688	0.001552688
11	500	10	508.270595	0.016541190	0.016541190
11	500	11	512.801569	0.025603138	0.025603138
11	500	12	506.006986	0.012013973	0.012013973
11	500	13	499.223656	-0.001552688	0.001552688
11	500	14	500.353431	0.000706863	0.000706863
11	500	15	502.613917	0.005227834	0.005227834
11	500	16	503.744628	0.007489256	0.007489256
11	500	17	498.094192	-0.003811615	0.003811615
11	500	18	496.965040	-0.006069920	0.006069920
11	500	19	500.353431	0.000706863	0.000706863
11	500	20	496.965040	-0.006069920	0.006069920
11	500	21	511.668356	0.023336711	0.023336711
11	500	22	495.836199	-0.008327602	0.008327602
11	500	23	503.744628	0.007489256	0.007489256
11	1000	0	1012.419079	0.012419079	0.012419079
11	1000	1	1003.466070	0.003466070	0.003466070
11	1000	2	1017.543884	0.017543884	0.017543884
11	1000	3	1006.022077	0.006022077	0.006022077
11	1000	4	1002.188665	0.002188665	0.002188665
11	1000	5	989.436475	-0.010563525	0.010563525
11	1000	6	1013.699680	0.013699680	0.013699680
11	1000	7	1013.699680	0.013699680	0.013699680
11	1000	8	1011.138879	0.011138879	0.011138879
11	1000	9	1006.022077	0.006022077	0.006022077
11	1000	10	1008.579679	0.008579679	0.008579679
11	1000	11	1007.300678	0.007300678	0.007300678
11	1000	12	1000.911658	0.000911658	0.000911658
11	1000	13	1013.699680	0.013699680	0.013699680
11	1000	14	988.163437	-0.011836563	0.011836563
11	1000	15	1002.188665	0.002188665	0.002188665
11	1000	16	972.917762	-0.027082238	0.027082238
11	1000	17	1006.022077	0.006022077	0.006022077
11	1000	18	967.848454	-0.032151546	0.032151546
11	1000	19	984.346695	-0.015653305	0.015653305
11	1000	20	989.436475	-0.010563525	0.010563525
11	1000	21	991.983739	-0.008016261	0.008016261
11	1000	22	989.436475	-0.010563525	0.010563525
11	1000	23	990.709909	-0.009290091	0.009290091
11	5000	0	4994.623603	-0.001075279	0.001075279
11	5000	1	5018.388278	0.003677656	0.003677656
11	5000	2	4904.230070	-0.019153986	0.019153986
11	5000	3	4994.623603	-0.001075279	0.001075279
11	5000	4	4987.858944	-0.002428211	0.002428211
11	5000	5	5100.930114	0.020186023	0.020186023
11	5000	6	5093.987740	0.018797548	0.018797548
11	5000	7	4998.010127	-0.000397975	0.000397975
11	5000	8	4871.250825	-0.025749835	0.025749835
11	5000	9	5028.615500	0.005723100	0.005723100
11	5000	10	4974.363051	-0.005127390	0.005127390
11	5000	11	5001.399453	0.000279891	0.000279891
11	5000	12	4998.010127	-0.000397975	0.000397975
11	5000	13	4940.816590	-0.011836682	0.011836682
11	5000	14	4940.816590	-0.011836682	0.011836682
11	5000	15	5011.584290	0.002316858	0.002316858
11	5000	16	5014.984871	0.002996974	0.002996974
11	5000	17	4967.631743	-0.006473651	0.006473651
11	5000	18	4987.858944	-0.002428211	0.002428211
11	5000	19	4974.363051	-0.005127390	0.005127390
11	5000	20	5035.447861	0.007089572	0.007089572
11	5000	21	5038.868321	0.007773664	0.007773664
11	5000	22	5011.584290	0.002316858	0.002316858
11	5000	23	5014.984871	0.002996974	0.002996974
11	10000	0	10316.486706	0.031648671	0.031648671
11	10000	1	10218.374231	0.021837423	0.021837423
11	10000	2	9960.088106	-0.003991189	0.003991189
11	10000	3	9781.973088	-0.021802691	0.021802691
11	10000	4	10017.375753	0.001737575	0.001737575
11	10000	5	10122.556996	0.012255700	0.012255700
11	10000	6	9580.054126	-0.041994587	0.041994587
11	10000	7	9892.384085	-0.010761591	0.010761591
11	10000	8	9948.726102	-0.005127390	0.005127390
11	10000	9	9892.384085	-0.010761591	0.010761591
11	10000	10	9695.738323	-0.030426168	0.030426168
11	10000	11	10291.737386	0.029173739	0.029173739
11	10000	12	10110.735920	0.011073592	0.011073592
11	10000	13	9674.460354	-0.032553965	0.032553965
11	10000	14	9814.785012	-0.018521499	0.018521499
11	10000	15	9994.364457	-0.000563554	0.000563554
11	10000	16	9926.096210	-0.007390379	0.007390379
11	10000	17	9914.827977	-0.008517202	0.008517202
11	10000	18	10242.682908	0.024268291	0.024268291
11	10000	19	10075.476018	0.007547602	0.007547602
11	10000	20	9771.093931	-0.022890607	0.022890607
11	10000	21	9971.481716	-0.002851828	0.002851828
11	10000	22	9994.364457	-0.000563554	0.000563554
11	10000	23	10146.301990	0.014630199	0.014630199
11	50000	0	49940.742939	-0.001185141	0.001185141
11	50000	1	49132.307205	-0.017353856	0.017353856
11	50000	2	50197.251380	0.003945028	0.003945028
11	50000	3	50924.694486	0.018493890	0.018493890
11	50000	4	49053.666701	-0.018926666	0.018926666
11	50000	5	49577.650242	-0.008446995	0.008446995
11	50000	6	49268.344959	-0.014633101	0.014633101
11	50000	7	51098.033262	0.021960665	0.021960665
11	50000	8	48435.479821	-0.031290404	0.031290404
11	50000	9	49634.527948	-0.007309441	0.007309441
11	50000	10	50340.509294	0.006810186	0.006810186
11	50000	11	50361.309960	0.007226199	0.007226199
11	50000	12	50173.266903	0.003465338	0.003465338
11	50000	13	50647.877740	0.012957555	0.012957555
11	50000	14	50197.916392	0.003958328	0.003958328
11	50000	15	50960.358205	0.019207164	0.019207164
11	50000	16	49242.140199	-0.015157196	0.015157196
11	50000	17	49894.799175	-0.002104017	0.002104017
11	50000	18	49396.624392	-0.012067512	0.012067512
11	50000	19	49312.764507	-0.013744710	0.013744710
11	50000	20	50284.169889	0.005683398	0.005683398
11	50000	21	49812.412276	-0.003751754	0.003751754
11	50000	22	50104.343815	0.002086876	0.002086876
11	50000	23	50564.524335	0.011290487	0.011290487
12	100	0	101.240942	0.012409424	0.012409424
12	100	1	100.216046	0.002160456	0.002160456
12	100	2	98.167021	-0.018329790	0.018329790
12	100	3	101.240942	0.012409424	0.012409424
12	100	4	100.216046	0.002160456	0.002160456
12	100	5	99.191405	-0.008085948	0.008085948
12	100	6	101.240942	0.012409424	0.012409424
12	100	7	101.240942	0.012409424	0.012409424
12	100	8	100.216046	0.002160456	0.002160456
12	100	9	99.191405	-0.008085948	0.008085948
12	100	10	101.240942	0.012409424	0.012409424
12	100	11	100.216046	0.002160456	0.002160456
12	100	12	101.240942	0.012409424	0.012409424
12	100	13	99.191405	-0.008085948	0.008085948
12	100	14	99.191405	-0.008085948	0.008085948
12	100	15	100.216046	0.002160456	0.002160456
12	100	16	98.167021	-0.018329790	0.018329790
12	100	17	100.216046	0.002160456	0.002160456
12	100	18	100.216046	0.002160456	0.002160456
12	100	19	100.216046	0.002160456	0.002160456
12	100	20	100.216046	0.002160456	0.002160456
12	100	21	100.216046	0.002160456	0.002160456
12	100	22	101.240942	0.012409424	0.012409424
12	100	23	100.216046	0.002160456	0.002160456
12	500	0	495.836199	-0.008327602	0.008327602
12	500	1	504.875651	0.009751302	0.009751302
12	500	2	495.836199	-0.008327602	0.008327602
12	500	3	484.564865	-0.030870269	0.030870269
12	500	4	495.836199	-0.008327602	0.008327602
12	500	5	494.707669	-0.010584662	0.010584662
12	500	6	491.323943	-0.017352114	0.017352114
12	500	7	496.965040	-0.006069920	0.006069920
12	500	8	495.836199	-0.008327602	0.008327602
12	500	9	495.836199	-0.008327602	0.008327602
12	500	10	504.875651	0.009751302	0.009751302
12	500	11	507.138634	0.014277269	0.014277269
12	500	12	513.935096	0.027870192	0.027870192
12	500	13	493.579450	-0.012841101	0.012841101
12	500	14	494.707669	-0.010584662	0.010584662
12	500	15	502.613917	0.005227834	0.005227834
12	500	16	506.006986	0.012013973	0.012013973
12	500	17	507.138634	0.014277269	0.014277269
12	500	18	493.579450	-0.012841101	0.012841101
12	500	19	499.223656	-0.001552688	0.001552688
12	500	20	494.707669	-0.010584662	0.010584662
12	500	21	492.451541	-0.015096918	0.015096918
12	500	22	493.579450	-0.012841101	0.012841101
12	500	23	503.744628	0.007489256	0.007489256
12	1000	0	998.358838	-0.001641162	0.001641162
12	1000	1	1013.699680	0.013699680	0.013699680
12	1000	2	977.993351	-0.022006649	0.022006649
12	1000	3	1017.543884	0.017543884	0.017543884
12	1000	4	1003.466070	0.003466070	0.003466070
12	1000	5	979.263232	-0.020736768	0.020736768
12	1000	6	1004.743874	0.004743874	0.004743874
12	1000	7	1014.980680	0.014980680	0.014980680
12	1000	8	1003.466070	0.003466070	0.003466070
12	1000	9	993.257965	-0.006742035	0.006742035
12	1000	10	1008.579679	0.008579679	0.008579679
12	1000	11	986.890795	-0.013109205	0.013109205
12	1000	12	986.890795	-0.013109205	0.013109205
12	1000	13	1012.419079	0.012419079	0.012419079
12	1000	14	1000.911658	0.000911658	0.000911658
12	1000	15	989.436475	-0.010563525	0.010563525
12	1000	16	1007.300678	0.007300678	0.007300678
12	1000	17	1007.300678	0.007300678	0.007300678
12	1000	18	993.257965	-0.006742035	0.006742035
12	1000	19	999.635049	-0.000364951	0.000364951
12	1000	20	999.635049	-0.000364951	0.000364951
12	1000	21	986.890795	-0.013109205	0.013109205
12	1000	22	1000.911658	0.000911658	0.000911658
12	1000	23	995.807607	-0.004192393	0.004192393
12	5000	0	4900.920170	-0.019815966	0.019815966
12	5000	1	4937.477005	-0.012504599	0.012504599
12	5000	2	4984.480800	-0.003103840	0.003103840
12	5000	3	5107.884276	0.021576855	0.021576855
12	5000	4	5104.405719	0.020881144	0.020881144
12	5000	5	4994.623603	-0.001075279	0.001075279
12	5000	6	5056.013595	0.011202719	0.011202719
12	5000	7	5032.030256	0.006406051	0.006406051
12	5000	8	4927.474558	-0.014505088	0.014505088
12	5000	9	5025.203588	0.005040718	0.005040718
12	5000	10	4970.996014	-0.005800797	0.005800797
12	5000	11	4954.202223	-0.009159555	0.009159555
12	5000	12	4994.623603	-0.001075279	0.001075279
12	5000	13	4934.140142	-0.013171972	0.013171972
12	5000	14	5153.376413	0.030675283	0.030675283
12	5000	15	4910.857903	-0.017828419	0.017828419
12	5000	16	5028.615500	0.005723100	0.005723100
12	5000	17	4924.145830	-0.015170834	0.015170834
12	5000	18	5087.057112	0.017411422	0.017411422
12	5000	19	4967.631743	-0.006473651	0.006473651
12	5000	20	4851.589988	-0.029682002	0.029682002
12	5000	21	5038.868321	0.007773664	0.007773664
12	5000	22	5087.057112	0.017411422	0.017411422
12	5000	23	4977.732858	-0.004453428	0.004453428
12	10000	0	10417.007088	0.041700709	0.041700709
12	10000	1	10017.375753	0.001737575	0.001737575
12	10000	2	9948.726102	-0.005127390	0.005127390
12	10000	3	10218.374231	0.021837423	0.021837423
12	10000	4	10098.948862	0.009894886	0.009894886
12	10000	5	10005.853945	0.000585395	0.000585395
12	10000	6	9903.590659	-0.009640934	0.009640934
12	10000	7	10291.737386	0.029173739	0.029173739
12	10000	8	9982.907107	-0.001709289	0.001709289
12	10000	9	10242.682908	0.024268291	0.024268291
12	10000	10	9738.628768	-0.026137123	0.026137123
12	10000	11	10110.735920	0.011073592	0.011073592
12	10000	12	10075.476018	0.007547602	0.007547602
12	10000	13	9926.096210	-0.007390379	0.007390379
12	10000	14	10182.179592	0.018217959	0.018217959
12	10000	15	10063.789848	0.006378985	0.006378985
12	10000	16	10087.195626	0.008719563	0.008719563
12	10000	17	9569.697610	-0.043030239	0.043030239
12	10000	18	9847.861908	-0.015213809	0.015213809
12	10000	19	10028.930063	0.002893006	0.002893006
12	10000	20	10063.789848	0.006378985	0.006378985
12	10000	21	9706.418903	-0.029358110	0.029358110
12	10000	22	10134.412287	0.013441229	0.013441229
12	10000	23	9836.806570	-0.016319343	0.016319343
12	50000	0	49590.871660	-0.008182567	0.008182567
12	50000	1	50150.049568	0.003000991	0.003000991
12	50000	2	48958.191138	-0.020836177	0.020836177
12	50000	3	50621.095940	0.012421919	0.012421919
12	50000	4	49692.692529	-0.006146149	0.006146149
12	50000	5	50419.926495	0.008398530	0.008398530
12	50000	6	50346.313362	0.006926267	0.006926267
12	50000	7	50113.736763	0.002274735	0.002274735
12	50000	8	49900.709076	-0.001985818	0.001985818
12	50000	9	50330.003183	0.006600064	0.006600064
12	50000	10	50184.771961	0.003695439	0.003695439
12	50000	11	50036.781126	0.000735623	0.000735623
12	50000	12	49474.389538	-0.010512209	0.010512209
12	50000	13	49212.465196	-0.015750696	0.015750696
12	50000	14	49462.101052	-0.010757979	0.010757979
12	50000	15	51790.442734	0.035808855	0.035808855
12	50000	16	49553.965457	-0.008920691	0.008920691
12	50000	17	49933.755884	-0.001324882	0.001324882
12	50000	18	50266.880029	0.005337601	0.005337601
12	50000	19	50195.486044	0.003909721	0.003909721
12	50000	20	49080.305360	-0.018393893	0.018393893
12	50000	21	50025.362161	0.000507243	0.000507243
12	50000	22	48726.047062	-0.025479059	0.025479059
12	50000	23	48994.732687	-0.020105346	0.020105346
13	100	0	100.216046	0.002160456	0.002160456
13	100	1	101.240942	0.012409424	0.012409424
13	100	2	101.240942	0.012409424	0.012409424
13	100	3	101.240942	0.012409424	0.012409424
13	100	4	99.191405	-0.008085948	0.008085948
13	100	5	101.240942	0.012409424	0.012409424
13	100	6	99.191405	-0.008085948	0.008085948
13	100	7	101.240942	0.012409424	0.012409424
13	100	8	98.167021	-0.018329790	0.018329790
13	100	9	100.216046	0.002160456	0.002160456
13	100	10	99.191405	-0.008085948	0.008085948
13	100	11	101.240942	0.012409424	0.012409424
13	100	12	101.240942	0.012409424	0.012409424
13	100	13	100.216046	0.002160456	0.002160456
13	100	14	100.216046	0.002160456	0.002160456
13	100	15	100.216046	0.002160456	0.002160456
13	100	16	101.240942	0.012409424	0.012409424
13	100	17	101.240942	0.012409424	0.012409424
13	100	18	99.191405	-0.008085948	0.008085948
13	100	19	99.191405	-0.008085948	0.008085948
13	100	20	101.240942	0.012409424	0.012409424
13	100	21	101.240942	0.012409424	0.012409424
13	100	22	101.240942	0.012409424	0.012409424
13	100	23	97.142893	-0.028571070	0.028571070
13	500	0	501.483518	0.002967036	0.002967036
13	500	1	489.069678	-0.021860645	0.021860645
13	500	2	503.744628	0.007489256	0.007489256
13	500	3	510.535456	0.021070911	0.021070911
13	500	4	510.535456	0.021070911	0.021070911
13	500	5	499.223656	-0.001552688	0.001552688
13	500	6	495.836199	-0.008327602	0.008327602
13	500	7	495.836199	-0.008327602	0.008327602
13	500	8	501.483518	0.002967036	0.002967036
13	500	9	491.323943	-0.017352114	0.017352114
13	500	10	499.223656	-0.001552688	0.001552688
13	500	11	504.875651	0.009751302	0.009751302
13	500	12	491.323943	-0.017352114	0.017352114
13	500	13	498.094192	-0.003811615	0.003811615
13	500	14	487.943010	-0.024113980	0.024113980
13	500	15	508.270595	0.016541190	0.016541190
13	500	16	502.613917	0.005227834	0.005227834
13	500	17	501.483518	0.002967036	0.002967036
13	500	18	504.875651	0.009751302	0.009751302
13	500	19	503.744628	0.007489256	0.007489256
13	500	20	502.613917	0.005227834	0.005227834
13	500	21	495.836199	-0.008327602	0.008327602
13	500	22	495.836199	-0.008327602	0.008327602
13	500	23	500.353431	0.000706863	0.000706863
13	1000	0	999.635049	-0.000364951	0.000364951
13	1000	1	997.083024	-0.002916976	0.002916976
13	1000	2	994.532588	-0.005467412	0.005467412
13	1000	3	993.257965	-0.006742035	0.006742035
13	1000	4	1003.466070	0.003466070	0.003466070
13	1000	5	1009.859079	0.009859079	0.009859079
13	1000	6	1004.743874	0.004743874	0.004743874
13	1000	7	1004.743874	0.004743874	0.004743874
13	1000	8	1020.108694	0.020108694	0.020108694
13	1000	9	1008.579679	0.008579679	0.008579679
13	1000	10	986.890795	-0.013109205	0.013109205
13	1000	11	1007.300678	0.007300678	0.007300678
13	1000	12	1018.826088	0.018826088	0.018826088
13	1000	13	1029.098194	0.029098194	0.029098194
13	1000	14	990.709909	-0.009290091	0.009290091
13	1000	15	1002.188665	0.002188665	0.002188665
13	1000	16	997.083024	-0.002916976	0.002916976
13	1000	17	1013.699680	0.013699680	0.013699680
13	1000	18	998.358838	-0.001641162	0.001641162
13	1000	19	1023.958921	0.023958921	0.023958921
13	1000	20	1002.188665	0.002188665	0.002188665
13	1000	21	1014.980680	0.014980680	0.014980680
13	1000	22	981.804175	-0.018195825	0.018195825
13	1000	23	979.263232	-0.020736768	0.020736768
13	5000	0	5073.230939	0.014646188	0.014646188
13	5000	1	4900.920170	-0.019815966	0.019815966
13	5000	2	4967.631743	-0.006473651	0.006473651
13	5000	3	4977.732858	-0.004453428	0.004453428
13	5000	4	5011.584290	0.002316858	0.002316858
13	5000	5	5069.781675	0.013956335	0.013956335
13	5000	6	4930.805994	-0.013838801	0.013838801
13	5000	7	5042.291639	0.008458328	0.008458328
13	5000	8	5004.791585	0.000958317	0.000958317
13	5000	9	5080.138191	0.016027638	0.016027638
13	5000	10	5073.230939	0.014646188	0.014646188
13	5000	11	5042.291639	0.008458328	0.008458328
13	5000	12	5090.520960	0.018104192	0.018104192
13	5000	13	5125.321509	0.025064302	0.025064302
13	5000	14	4848.322337	-0.030335533	0.030335533
13	5000	15	5008.186530	0.001637306	0.001637306
13	5000	16	5066.335314	0.013267063	0.013267063
13	5000	17	5114.850264	0.022970053	0.022970053
13	5000	18	4991.239877	-0.001752025	0.001752025
13	5000	19	5018.388278	0.003677656	0.003677656
13	5000	20	4994.623603	-0.001075279	0.001075279
13	5000	21	4867.967458	-0.026406508	0.026406508
13	5000	22	5014.984871	0.002996974	0.002996974
13	5000	23	4950.851711	-0.009829658	0.009829658
13	10000	0	10206.273779	0.020627378	0.020627378
13	10000	1	9803.818473	-0.019618153	0.019618153
13	10000	2	10005.853945	0.000585395	0.000585395
13	10000	3	10134.412287	0.013441229	0.013441229
13	10000	4	9642.749227	-0.035725077	0.035725077
13	10000	5	10087.195626	0.008719563	0.008719563
13	10000	6	9695.738323	-0.030426168	0.030426168
13	10000	7	9892.384085	-0.010761591	0.010761591
13	10000	8	10341.386479	0.034138648	0.034138648
13	10000	9	10028.930063	0.002893006	0.002893006
13	10000	10	9926.096210	-0.007390379	0.007390379
13	10000	11	9994.364457	-0.000563554	0.000563554
13	10000	12	10170.185440	0.017018544	0.017018544
13	10000	13	9914.827977	-0.008517202	0.008517202
13	10000	14	9781.973088	-0.021802691	0.021802691
13	10000	15	10087.195626	0.008719563	0.008719563
13	10000	16	9847.861908	-0.015213809	0.015213809
13	10000	17	10391.644778	0.039164478	0.039164478
13	10000	18	9948.726102	-0.005127390	0.005127390
13	10000	19	10075.476018	0.007547602	0.007547602
13	10000	20	9971.481716	-0.002851828	0.002851828
13	10000	21	10075.476018	0.007547602	0.007547602
13	10000	22	9960.088106	-0.003991189	0.003991189
13	10000	23	10063.789848	0.006378985	0.006378985
13	50000	0	49594.767529	-0.008104649	0.008104649
13	50000	1	50363.820776	0.007276416	0.007276416
13	50000	2	51625.170884	0.032503418	0.032503418
13	50000	3	48930.368236	-0.021392635	0.021392635
13	50000	4	50929.260948	0.018585219	0.018585219
13	50000	5	49257.797089	-0.014844058	0.014844058
13	50000	6	48973.333931	-0.020533321	0.020533321
13	50000	7	49501.350522	-0.009972990	0.009972990
13	50000	8	49744.003348	-0.005119933	0.005119933
13	50000	9	50521.217544	0.010424351	0.010424351
13	50000	10	49600.469066	-0.007990619	0.007990619
13	50000	11	51710.773107	0.034215462	0.034215462
13	50000	12	49653.241390	-0.006935172	0.006935172
13	50000	13	50011.692779	0.000233856	0.000233856
13	50000	14	50018.657488	0.000373150	0.000373150
13	50000	15	50376.710691	0.007534214	0.007534214
13	50000	16	49048.674073	-0.019026519	0.019026519
13	50000	17	49696.932361	-0.006061353	0.006061353
13	50000	18	49686.864488	-0.006262710	0.006262710
13	50000	19	49894.949888	-0.002101002	0.002101002
13	50000	20	48155.165293	-0.036896694	0.036896694
13	50000	21	50277.190030	0.005543801	0.005543801
13	50000	22	48678.239277	-0.026435214	0.026435214
13	50000	23	50387.332377	0.007746648	0.007746648
14	100	0	100.216046	0.002160456	0.002160456
14	100	1	100.216046	0.002160456	0.002160456
14	100	2	101.240942	0.012409424	0.012409424
14	100	3	100.216046	0.002160456	0.002160456
14	100	4	97.142893	-0.028571070	0.028571070
14	100	5	101.240942	0.012409424	0.012409424
14	100	6	100.216046	0.002160456	0.002160456
14	100	7	98.167021	-0.018329790	0.018329790
14	100	8	98.167021	-0.018329790	0.018329790
14	100	9	99.191405	-0.008085948	0.008085948
14	100	10	98.167021	-0.018329790	0.018329790
14	100	11	101.240942	0.012409424	0.012409424
14	100	12	100.216046	0.002160456	0.002160456
14	100	13	98.167021	-0.018329790	0.018329790
14	100	14	100.216046	0.002160456	0.002160456
14	100	15	100.216046	0.002160456	0.002160456
14	100	16	100.216046	0.002160456	0.002160456
14	100	17	101.240942	0.012409424	0.012409424
14	100	18	99.191405	-0.008085948	0.008085948
14	100	19	99.191405	-0.008085948	0.008085948
14	100	20	100.216046	0.002160456	0.002160456
14	100	21	100.216046	0.002160456	0.002160456
14	100	22	98.167021	-0.018329790	0.018329790
14	100	23	101.240942	0.012409424	0.012409424
14	500	0	495.836199	-0.008327602	0.008327602
14	500	1	490.196655	-0.019606690	0.019606690
14	500	2	489.069678	-0.021860645	0.021860645
14	500	3	496.965040	-0.006069920	0.006069920
14	500	4	508.270595	0.016541190	0.016541190
14	500	5	494.707669	-0.010584662	0.010584662
14	500	6	496.965040	-0.006069920	0.006069920
14	500	7	506.006986	0.012013973	0.012013973
14	500	8	502.613917	0.005227834	0.005227834
14	500	9	511.668356	0.023336711	0.023336711
14	500	10	501.483518	0.002967036	0.002967036
14	500	11	494.707669	-0.010584662	0.010584662
14	500	12	503.744628	0.007489256	0.007489256
14	500	13	508.270595	0.016541190	0.016541190
14	500	14	496.965040	-0.006069920	0.006069920
14	500	15	502.613917	0.005227834	0.005227834
14	500	16	495.836199	-0.008327602	0.008327602
14	500	17	494.707669	-0.010584662	0.010584662
14	500	18	502.613917	0.005227834	0.005227834
14	500	19	494.707669	-0.010584662	0.010584662
14	500	20	498.094192	-0.003811615	0.003811615
14	500	21	502.613917	0.005227834	0.005227834
14	500	22	503.744628	0.007489256	0.007489256
14	500	23	498.094192	-0.003811615	0.003811615
14	1000	0	1023.958921	0.023958921	0.023958921
14	1000	1	993.257965	-0.006742035	0.006742035
14	1000	2	994.532588	-0.005467412	0.005467412
14	1000	3	1020.108694	0.020108694	0.020108694
14	1000	4	1013.699680	0.013699680	0.013699680
14	1000	5	986.890795	-0.013109205	0.013109205
14	1000	6	1003.466070	0.003466070	0.003466070
14	1000	7	1007.300678	0.007300678	0.007300678
14	1000	8	993.257965	-0.006742035	0.006742035
14	1000	9	1004.743874	0.004743874	0.004743874
14	1000	10	1011.138879	0.011138879	0.011138879
14	1000	11	990.709909	-0.009290091	0.009290091
14	1000	12	990.709909	-0.009290091	0.009290091
14	1000	13	1002.188665	0.002188665	0.002188665
14	1000	14	1007.300678	0.007300678	0.007300678
14	1000	15	980.533506	-0.019466494	0.019466494
14	1000	16	1002.188665	0.002188665	0.002188665
14	1000	17	999.635049	-0.000364951	0.000364951
14	1000	18	997.083024	-0.002916976	0.002916976
14	1000	19	998.358838	-0.001641162	0.001641162
14	1000	20	997.083024	-0.002916976	0.002916976
14	1000	21	1003.466070	0.003466070	0.003466070
14	1000	22	999.635049	-0.000364951	0.000364951
14	1000	23	1006.022077	0.006022077	0.006022077
14	5000	0	4964.270233	-0.007145953	0.007145953
14	5000	1	5032.030256	0.006406051	0.006406051
14	5000	2	5076.683109	0.015336622	0.015336622
14	5000	3	4981.105439	-0.003778912	0.003778912
14	5000	4	5014.984871	0.002996974	0.002996974
14	5000	5	5025.203588	0.005040718	0.005040718
14	5000	6	4981.105439	-0.003778912	0.003778912
14	5000	7	5087.057112	0.017411422	0.017411422
14	5000	8	5093.987740	0.018797548	0.018797548
14	5000	9	4991.239877	-0.001752025	0.001752025
14	5000	10	5076.683109	0.015336622	0.015336622
14	5000	11	5011.584290	0.002316858	0.002316858
14	5000	12	4930.805994	-0.013838801	0.013838801
14	5000	13	5028.615500	0.005723100	0.005723100
14	5000	14	5018.388278	0.003677656	0.003677656
14	5000	15	5025.203588	0.005040718	0.005040718
14	5000	16	5097.457456	0.019491491	0.019491491
14	5000	17	4884.410676	-0.023117865	0.023117865
14	5000	18	5097.457456	0.019491491	0.019491491
14	5000	19	4904.230070	-0.019153986	0.019153986
14	5000	20	5018.388278	0.003677656	0.003677656
14	5000	21	4977.732858	-0.004453428	0.004453428
14	5000	22	4917.496478	-0.016500704	0.016500704
14	5000	23	5069.781675	0.013956335	0.013956335
14	10000	0	10098.948862	0.009894886	0.009894886
14	10000	1	10028.930063	0.002893006	0.002893006
14	10000	2	10206.273779	0.020627378	0.020627378
14	10000	3	10206.273779	0.020627378	0.020627378
14	10000	4	10098.948862	0.009894886	0.009894886
14	10000	5	9960.088106	-0.003991189	0.003991189
14	10000	6	9926.096210	-0.007390379	0.007390379
14	10000	7	10279.418580	0.027941858	0.027941858
14	10000	8	9717.127406	-0.028287259	0.028287259
14	10000	9	10063.789848	0.006378985	0.006378985
14	10000	10	9685.085522	-0.031491448	0.031491448
14	10000	11	9760.243594	-0.023975641	0.023975641
14	10000	12	9937.395527	-0.006260447	0.006260447
14	10000	13	9994.364457	-0.000563554	0.000563554
14	10000	14	9706.418903	-0.029358110	0.029358110
14	10000	15	9760.243594	-0.023975641	0.023975641
14	10000	16	9825.780992	-0.017421901	0.017421901
14	10000	17	9892.384085	-0.010761591	0.010761591
14	10000	18	10170.185440	0.017018544	0.017018544
14	10000	19	10028.930063	0.002893006	0.002893006
14	10000	20	10366.438545	0.036643854	0.036643854
14	10000	21	9825.780992	-0.017421901	0.017421901
14	10000	22	10533.121950	0.053312195	0.053312195
14	10000	23	10028.930063	0.002893006	0.002893006
14	50000	0	49455.953700	-0.010880926	0.010880926
14	50000	1	50023.298022	0.000465960	0.000465960
14	50000	2	50188.070131	0.003761403	0.003761403
14	50000	3	50590.145730	0.011802915	0.011802915
14	50000	4	51201.795980	0.024035920	0.024035920
14	50000	5	48968.547418	-0.020629052	0.020629052
14	50000	6	49267.036871	-0.014659263	0.014659263
14	50000	7	51956.922584	0.039138452	0.039138452
14	50000	8	49232.101259	-0.015357975	0.015357975
14	50000	9	49804.953467	-0.003900931	0.003900931
14	50000	10	49880.363173	-0.002392737	0.002392737
14	50000	11	49975.176790	-0.000496464	0.000496464
14	50000	12	49689.308891	-0.006213822	0.006213822
14	50000	13	49723.239200	-0.005535216	0.005535216
14	50000	14	49920.293664	-0.001594127	0.001594127
14	50000	15	49243.699954	-0.015126001	0.015126001
14	50000	16	51465.515094	0.029310302	0.029310302
14	50000	17	50539.167669	0.010783353	0.010783353
14	50000	18	50886.700489	0.017734010	0.017734010
14	50000	19	49589.996216	-0.008200076	0.008200076
14	50000	20	49812.204067	-0.003755919	0.003755919
14	50000	21	50353.467623	0.007069352	0.007069352
14	50000	22	48913.682097	-0.021726358	0.021726358
14	50000	23	49830.906611	-0.003381868	0.003381868
15	100	0	100.216046	0.002160456	0.002160456
15	100	1	101.240942	0.012409424	0.012409424
15	100	2	100.216046	0.002160456	0.002160456
15	100	3	100.216046	0.002160456	0.002160456
15	100	4	99.191405	-0.008085948	0.008085948
15	100	5	100.216046	0.002160456	0.002160456
15	100	6	101.240942	0.012409424	0.012409424
15	100	7	100.216046	0.002160456	0.002160456
15	100	8	97.142893	-0.028571070	0.028571070
15	100	9	98.167021	-0.018329790	0.018329790
15	100	10	101.240942	0.012409424	0.012409424
15	100	11	100.216046	0.002160456	0.002160456
15	100	12	101.240942	0.012409424	0.012409424
15	100	13	101.240942	0.012409424	0.012409424
15	100	14	100.216046	0.002160456	0.002160456
15	100	15	100.216046	0.002160456	0.002160456
15	100	16	99.191405	-0.008085948	0.008085948
15	100	17	100.216046	0.002160456	0.002160456
15	100	18	101.240942	0.012409424	0.012409424
15	100	19	99.191405	-0.008085948	0.008085948
15	100	20	99.191405	-0.008085948	0.008085948
15	100	21	101.240942	0.012409424	0.012409424
15	100	22	99.191405	-0.008085948	0.008085948
15	100	23	101.240942	0.012409424	0.012409424
15	500	0	503.744628	0.007489256	0.007489256
15	500	1	506.006986	0.012013973	0.012013973
15	500	2	494.707669	-0.010584662	0.010584662
15	500	3	493.579450	-0.012841101	0.012841101
15	500	4	507.138634	0.014277269	0.014277269
15	500	5	509.402869	0.018805738	0.018805738
15	500	6	515.068937	0.030137874	0.030137874
15	500	7	492.451541	-0.015096918	0.015096918
15	500	8	496.965040	-0.006069920	0.006069920
15	500	9	493.579450	-0.012841101	0.012841101
15	500	10	499.223656	-0.001552688	0.001552688
15	500	11	511.668356	0.023336711	0.023336711
15	500	12	509.402869	0.018805738	0.018805738
15	500	13	502.613917	0.005227834	0.005227834
15	500	14	495.836199	-0.008327602	0.008327602
15	500	15	503.744628	0.007489256	0.007489256
15	500	16	507.138634	0.014277269	0.014277269
15	500	17	501.483518	0.002967036	0.002967036
15	500	18	507.138634	0.014277269	0.014277269
15	500	19	506.006986	0.012013973	0.012013973
15	500	20	504.875651	0.009751302	0.009751302
15	500	21	500.353431	0.000706863	0.000706863
15	500	22	501.483518	0.002967036	0.002967036
15	500	23	493.579450	-0.012841101	0.012841101
15	1000	0	993.257965	-0.006742035	0.006742035
15	1000	1	1007.300678	0.007300678	0.007300678
15	1000	2	991.983739	-0.008016261	0.008016261
15	1000	3	1012.419079	0.012419079	0.012419079
15	1000	4	1004.743874	0.004743874	0.004743874
15	1000	5	1008.579679	0.008579679	0.008579679
15	1000	6	1007.300678	0.007300678	0.007300678
15	1000	7	977.993351	-0.022006649	0.022006649
15	1000	8	998.358838	-0.001641162	0.001641162
15	1000	9	995.807607	-0.004192393	0.004192393
15	1000	10	1030.384020	0.030384020	0.030384020
15	1000	11	983.075238	-0.016924762	0.016924762
15	1000	12	1000.911658	0.000911658	0.000911658
15	1000	13	993.257965	-0.006742035	0.006742035
15	1000	14	1006.022077	0.006022077	0.006022077
15	1000	15	991.983739	-0.008016261	0.008016261
15	1000	16	999.635049	-0.000364951	0.000364951
15	1000	17	1017.543884	0.017543884	0.017543884
15	1000	18	1013.699680	0.013699680	0.013699680
15	1000	19	1007.300678	0.007300678	0.007300678
15	1000	20	1013.699680	0.013699680	0.013699680
15	1000	21	1009.859079	0.009859079	0.009859079
15	1000	22	1021.391701	0.021391701	0.021391701
15	1000	23	1016.262082	0.016262082	0.016262082
15	5000	0	4914.175845	-0.017164831	0.017164831
15	5000	1	4947.503938	-0.010499212	0.010499212
15	5000	2	4894.308385	-0.021138323	0.021138323
15	5000	3	5001.399453	0.000279891	0.000279891
15	5000	4	4914.175845	-0.017164831	0.017164831
15	5000	5	5056.013595	0.011202719	0.011202719
15	5000	6	5035.447861	0.007089572	0.007089572
15	5000	7	4967.631743	-0.006473651	0.006473651
15	5000	8	4937.477005	-0.012504599	0.012504599
15	5000	9	5014.984871	0.002996974	0.002996974
15	5000	10	5035.447861	0.007089572	0.007089572
15	5000	11	5025.203588	0.005040718	0.005040718
15	5000	12	4967.631743	-0.006473651	0.006473651
15	5000	13	4917.496478	-0.016500704	0.016500704
15	5000	14	4967.631743	-0.006473651	0.006473651
15	5000	15	4974.363051	-0.005127390	0.005127390
15	5000	16	5121.828119	0.024365624	0.024365624
15	5000	17	5035.447861	0.007089572	0.007089572
15	5000	18	5035.447861	0.007089572	0.007089572
15	5000	19	5052.578794	0.010515759	0.010515759
15	5000	20	5114.850264	0.022970053	0.022970053
15	5000	21	5045.717821	0.009143564	0.009143564
15	5000	22	4947.503938	-0.010499212	0.010499212
15	5000	23	4977.732858	-0.004453428	0.004453428
15	10000	0	10218.374231	0.021837423	0.021837423
15	10000	1	10291.737386	0.029173739	0.029173739
15	10000	2	9781.973088	-0.021802691	0.021802691
15	10000	3	9738.628768	-0.026137123	0.026137123
15	10000	4	9858.947165	-0.014105284	0.014105284
15	10000	5	10316.486706	0.031648671	0.031648671
15	10000	6	10028.930063	0.002893006	0.002893006
15	10000	7	10017.375753	0.001737575	0.001737575
15	10000	8	9926.096210	-0.007390379	0.007390379
15	10000	9	10353.893359	0.035389336	0.035389336
15	10000	10	10291.737386	0.029173739	0.029173739
15	10000	11	9825.780992	-0.017421901	0.017421901
15	10000	12	10218.374231	0.021837423	0.021837423
15	10000	13	9847.861908	-0.015213809	0.015213809
15	10000	14	9870.062504	-0.012993750	0.012993750
15	10000	15	9971.481716	-0.002851828	0.002851828
15	10000	16	10005.853945	0.000585395	0.000585395
15	10000	17	9892.384085	-0.010761591	0.010761591
15	10000	18	9870.062504	-0.012993750	0.012993750
15	10000	19	10206.273779	0.020627378	0.020627378
15	10000	20	9903.590659	-0.009640934	0.009640934
15	10000	21	10218.374231	0.021837423	0.021837423
15	10000	22	10028.930063	0.002893006	0.002893006
15	10000	23	9781.973088	-0.021802691	0.021802691
15	50000	0	49651.203570	-0.006975929	0.006975929
15	50000	1	48195.460687	-0.036090786	0.036090786
15	50000	2	49875.570088	-0.002488598	0.002488598
15	50000	3	49960.350706	-0.000792986	0.000792986
15	50000	4	50353.101473	0.007062029	0.007062029
15	50000	5	50793.944294	0.015878886	0.015878886
15	50000	6	48918.483167	-0.021630337	0.021630337
15	50000	7	51075.788486	0.021515770	0.021515770
15	50000	8	49521.829104	-0.009563418	0.009563418
15	50000	9	49676.473010	-0.006470540	0.006470540
15	50000	10	50761.124957	0.015222499	0.015222499
15	50000	11	49550.605716	-0.008987886	0.008987886
15	50000	12	48943.549508	-0.021129010	0.021129010
15	50000	13	51892.798416	0.037855968	0.037855968
15	50000	14	50610.054042	0.012201081	0.012201081
15	50000	15	50872.676358	0.017453527	0.017453527
15	50000	16	50345.471083	0.006909422	0.006909422
15	50000	17	49848.296604	-0.003034068	0.003034068
15	50000	18	50321.645206	0.006432904	0.006432904
15	50000	19	49845.307729	-0.003093845	0.003093845
15	50000	20	50767.822528	0.015356451	0.015356451
15	50000	21	50481.919324	0.009638386	0.009638386
15	50000	22	50810.888835	0.016217777	0.016217777
15	50000	23	49437.308883	-0.011253822	0.011253822
16	100	0	98.167021	-0.018329790	0.018329790
16	100	1	99.191405	-0.008085948	0.008085948
16	100	2	101.240942	0.012409424	0.012409424
16	100	3	101.240942	0.012409424	0.012409424
16	100	4	100.216046	0.002160456	0.002160456
16	100	5	100.216046	0.002160456	0.002160456
16	100	6	100.216046	0.002160456	0.002160456
16	100	7	100.216046	0.002160456	0.002160456
16	100	8	101.240942	0.012409424	0.012409424
16	100	9	101.240942	0.012409424	0.012409424
16	100	10	100.216046	0.002160456	0.002160456
16	100	11	101.240942	0.012409424	0.012409424
16	100	12	100.216046	0.002160456	0.002160456
16	100	13	101.240942	0.012409424	0.012409424
16	100	14	100.216046	0.002160456	0.002160456
16	100	15	100.216046	0.002160456	0.002160456
16	100	16	99.191405	-0.008085948	0.008085948
16	100	17	101.240942	0.012409424	0.012409424
16	100	18	100.216046	0.002160456	0.002160456
16	100	19	100.216046	0.002160456	0.002160456
16	100	20	101.240942	0.012409424	0.012409424
16	100	21	100.216046	0.002160456	0.002160456
16	100	22	99.191405	-0.008085948	0.008085948
16	100	23	99.191405	-0.008085948	0.008085948
16	500	0	495.836199	-0.008327602	0.008327602
16	500	1	498.094192	-0.003811615	0.003811615
16	500	2	502.613917	0.005227834	0.005227834
16	500	3	503.744628	0.007489256	0.007489256
16	500	4	509.402869	0.018805738	0.018805738
16	500	5	502.613917	0.005227834	0.005227834
16	500	6	494.707669	-0.010584662	0.010584662
16	500	7	503.744628	0.007489256	0.007489256
16	500	8	500.353431	0.000706863	0.000706863
16	500	9	493.579450	-0.012841101	0.012841101
16	500	10	500.353431	0.000706863	0.000706863
16	500	11	503.744628	0.007489256	0.007489256
16	500	12	501.483518	0.002967036	0.002967036
16	500	13	502.613917	0.005227834	0.005227834
16	500	14	496.965040	-0.006069920	0.006069920
16	500	15	504.875651	0.009751302	0.009751302
16	500	16	491.323943	-0.017352114	0.017352114
16	500	17	495.836199	-0.008327602	0.008327602
16	500	18	495.836199	-0.008327602	0.008327602
16	500	19	506.006986	0.012013973	0.012013973
16	500	20	486.816652	-0.026366696	0.026366696
16	500	21	495.836199	-0.008327602	0.008327602
16	500	22	496.965040	-0.006069920	0.006069920
16	500	23	503.744628	0.007489256	0.007489256
16	1000	0	984.346695	-0.015653305	0.015653305
16	1000	1	1014.980680	0.014980680	0.014980680
16	1000	2	1006.022077	0.006022077	0.006022077
16	1000	3	986.890795	-0.013109205	0.013109205
16	1000	4	999.635049	-0.000364951	0.000364951
16	1000	5	976.723864	-0.023276136	0.023276136
16	1000	6	981.804175	-0.018195825	0.018195825
16	1000	7	1009.859079	0.009859079	0.009859079
16	1000	8	989.436475	-0.010563525	0.010563525
16	1000	9	1007.300678	0.007300678	0.007300678
16	1000	10	997.083024	-0.002916976	0.002916976
16	1000	11	1002.188665	0.002188665	0.002188665
16	1000	12	1000.911658	0.000911658	0.000911658
16	1000	13	1007.300678	0.007300678	0.007300678
16	1000	14	990.709909	-0.009290091	0.009290091
16	1000	15	1006.022077	0.006022077	0.006022077
16	1000	16	975.454771	-0.024545229	0.024545229
16	1000	17	1003.466070	0.003466070	0.003466070
16	1000	18	1006.022077	0.006022077	0.006022077
16	1000	19	1014.980680	0.014980680	0.014980680
16	1000	20	1007.300678	0.007300678	0.007300678
16	1000	21	999.635049	-0.000364951	0.000364951
16	1000	22	993.257965	-0.006742035	0.006742035
16	1000	23	1002.188665	0.002188665	0.002188665
16	5000	0	5035.447861	0.007089572	0.007089572
16	5000	1	5042.291639	0.008458328	0.008458328
16	5000	2	5045.717821	0.009143564	0.009143564
16	5000	3	4977.732858	-0.004453428	0.004453428
16	5000	4	4924.145830	-0.015170834	0.015170834
16	5000	5	5032.030256	0.006406051	0.006406051
16	5000	6	4900.920170	-0.019815966	0.019815966
16	5000	7	4954.202223	-0.009159555	0.009159555
16	5000	8	4984.480800	-0.003103840	0.003103840
16	5000	9	5093.987740	0.018797548	0.018797548
16	5000	10	4967.631743	-0.006473651	0.006473651
16	5000	11	5146.344652	0.029268930	0.029268930
16	5000	12	4950.851711	-0.009829658	0.009829658
16	5000	13	5080.138191	0.016027638	0.016027638
16	5000	14	4947.503938	-0.010499212	0.010499212
16	5000	15	4957.555477	-0.008488905	0.008488905
16	5000	16	4970.996014	-0.005800797	0.005800797
16	5000	17	5028.615500	0.005723100	0.005723100
16	5000	18	5021.794515	0.004358903	0.004358903
16	5000	19	5066.335314	0.013267063	0.013267063
16	5000	20	5042.291639	0.008458328	0.008458328
16	5000	21	4825.521483	-0.034895703	0.034895703
16	5000	22	4984.480800	-0.003103840	0.003103840
16	5000	23	5104.405719	0.020881144	0.020881144
16	10000	0	10429.747379	0.042974738	0.042974738
16	10000	1	10110.735920	0.011073592	0.011073592
16	10000	2	10063.789848	0.006378985	0.006378985
16	10000	3	10087.195626	0.008719563	0.008719563
16	10000	4	10533.121950	0.053312195	0.053312195
16	10000	5	10110.735920	0.011073592	0.011073592
16	10000	6	9903.590659	-0.009640934	0.009640934
16	10000	7	10028.930063	0.002893006	0.002893006
16	10000	8	10304.093353	0.030409335	0.030409335
16	10000	9	9982.907107	-0.001709289	0.001709289
16	10000	10	9881.208089	-0.011879191	0.011879191
16	10000	11	10146.301990	0.014630199	0.014630199
16	10000	12	9971.481716	-0.002851828	0.002851828
16	10000	13	9836.806570	-0.016319343	0.016319343
16	10000	14	10040.517058	0.004051706	0.004051706
16	10000	15	10279.418580	0.027941858	0.027941858
16	10000	16	10267.136712	0.026713671	0.026713671
16	10000	17	10291.737386	0.029173739	0.029173739
16	10000	18	9960.088106	-0.003991189	0.003991189
16	10000	19	10087.195626	0.008719563	0.008719563
16	10000	20	9937.395527	-0.006260447	0.006260447
16	10000	21	9760.243594	-0.023975641	0.023975641
16	10000	22	10366.438545	0.036643854	0.036643854
16	10000	23	9914.827977	-0.008517202	0.008517202
16	50000	0	49644.700804	-0.007105984	0.007105984
16	50000	1	49671.317020	-0.006573660	0.006573660
16	50000	2	49891.913818	-0.002161724	0.002161724
16	50000	3	48948.801795	-0.021023964	0.021023964
16	50000	4	49833.320183	-0.003333596	0.003333596
16	50000	5	50339.059859	0.006781197	0.006781197
16	50000	6	50393.440413	0.007868808	0.007868808
16	50000	7	49614.045329	-0.007719093	0.007719093
16	50000	8	48468.989997	-0.030620200	0.030620200
16	50000	9	49943.519118	-0.001129618	0.001129618
16	50000	10	48973.139957	-0.020537201	0.020537201
16	50000	11	51901.892895	0.038037858	0.038037858
16	50000	12	49406.551212	-0.011868976	0.011868976
16	50000	13	50927.015232	0.018540305	0.018540305
16	50000	14	49386.735398	-0.012265292	0.012265292
16	50000	15	50416.063159	0.008321263	0.008321263
16	50000	16	48448.238868	-0.031035223	0.031035223
16	50000	17	51570.020366	0.031400407	0.031400407
16	50000	18	51334.824920	0.026696498	0.026696498
16	50000	19	49336.852414	-0.013262952	0.013262952
16	50000	20	50823.337724	0.016466754	0.016466754
16	50000	21	49082.131420	-0.018357372	0.018357372
16	50000	22	51790.860534	0.035817211	0.035817211
16	50000	23	49083.990993	-0.018320180	0.018320180
17	100	0	100.216046	0.002160456	0.002160456
17	100	1	101.240942	0.012409424	0.012409424
17	100	2	101.240942	0.012409424	0.012409424
17	100	3	101.240942	0.012409424	0.012409424
17	100	4	101.240942	0.012409424	0.012409424
17	100	5	99.191405	-0.008085948	0.008085948
17	100	6	101.240942	0.012409424	0.012409424
17	100	7	100.216046	0.002160456	0.002160456
17	100	8	99.191405	-0.008085948	0.008085948
17	100	9	99.191405	-0.008085948	0.008085948
17	100	10	101.240942	0.012409424	0.012409424
17	100	11	99.191405	-0.008085948	0.008085948
17	100	12	99.191405	-0.008085948	0.008085948
17	100	13	99.191405	-0.008085948	0.008085948
17	100	14	100.216046	0.002160456	0.002160456
17	100	15	101.240942	0.012409424	0.012409424
17	100	16	101.240942	0.012409424	0.012409424
17	100	17	96.119021	-0.038809790	0.038809790
17	100	18	99.191405	-0.008085948	0.008085948
17	100	19	101.240942	0.012409424	0.012409424
17	100	20	99.191405	-0.008085948	0.008085948
17	100	21	99.191405	-0.008085948	0.008085948
17	100	22	100.216046	0.002160456	0.002160456
17	100	23	99.191405	-0.008085948	0.008085948
17	500	0	500.353431	0.000706863	0.000706863
17	500	1	503.744628	0.007489256	0.007489256
17	500	2	506.006986	0.012013973	0.012013973
17	500	3	496.965040	-0.006069920	0.006069920
17	500	4	501.483518	0.002967036	0.002967036
17	500	5	495.836199	-0.008327602	0.008327602
17	500	6	494.707669	-0.010584662	0.010584662
17	500	7	510.535456	0.021070911	0.021070911
17	500	8	500.353431	0.000706863	0.000706863
17	500	9	498.094192	-0.003811615	0.003811615
17	500	10	498.094192	-0.003811615	0.003811615
17	500	11	495.836199	-0.008327602	0.008327602
17	500	12	496.965040	-0.006069920	0.006069920
17	500	13	506.006986	0.012013973	0.012013973
17	500	14	491.323943	-0.017352114	0.017352114
17	500	15	503.744628	0.007489256	0.007489256
17	500	16	502.613917	0.005227834	0.005227834
17	500	17	498.094192	-0.003811615	0.003811615
17	500	18	503.744628	0.007489256	0.007489256
17	500	19	491.323943	-0.017352114	0.017352114
17	500	20	493.579450	-0.012841101	0.012841101
17	500	21	509.402869	0.018805738	0.018805738
17	500	22	498.094192	-0.003811615	0.003811615
17	500	23	504.875651	0.009751302	0.009751302
17	1000	0	988.163437	-0.011836563	0.011836563
17	1000	1	991.983739	-0.008016261	0.008016261
17	1000	2	991.983739	-0.008016261	0.008016261
17	1000	3	1018.826088	0.018826088	0.018826088
17	1000	4	983.075238	-0.016924762	0.016924762
17	1000	5	993.257965	-0.006742035	0.006742035
17	1000	6	1011.138879	0.011138879	0.011138879
17	1000	7	1020.108694	0.020108694	0.020108694
17	1000	8	1006.022077	0.006022077	0.006022077
17	1000	9	1006.022077	0.006022077	0.006022077
17	1000	10	981.804175	-0.018195825	0.018195825
17	1000	11	1012.419079	0.012419079	0.012419079
17	1000	12	997.083024	-0.002916976	0.002916976
17	1000	13	1018.826088	0.018826088	0.018826088
17	1000	14	994.532588	-0.005467412	0.005467412
17	1000	15	1018.826088	0.018826088	0.018826088
17	1000	16	1008.579679	0.008579679	0.008579679
17	1000	17	1011.138879	0.011138879	0.011138879
17	1000	18	1004.743874	0.004743874	0.004743874
17	1000	19	1008.579679	0.008579679	0.008579679
17	1000	20	1013.699680	0.013699680	0.013699680
17	1000	21	1012.419079	0.012419079	0.012419079
17	1000	22	980.533506	-0.019466494	0.019466494
17	1000	23	1013.699680	0.013699680	0.013699680
17	5000	0	4907.542646	-0.018491471	0.018491471
17	5000	1	5032.030256	0.006406051	0.006406051
17	5000	2	5181.624801	0.036324960	0.036324960
17	5000	3	4970.996014	-0.005800797	0.005800797
17	5000	4	5066.335314	0.013267063	0.013267063
17	5000	5	4947.503938	-0.010499212	0.010499212
17	5000	6	5056.013595	0.011202719	0.011202719
17	5000	7	4957.555477	-0.008488905	0.008488905
17	5000	8	5045.717821	0.009143564	0.009143564
17	5000	9	4934.140142	-0.013171972	0.013171972
17	5000	10	4944.158899	-0.011168220	0.011168220
17	5000	11	5069.781675	0.013956335	0.013956335
17	5000	12	5083.596191	0.016719238	0.016719238
17	5000	13	5125.321509	0.025064302	0.025064302
17	5000	14	5104.405719	0.020881144	0.020881144
17	5000	15	5008.186530	0.001637306	0.001637306
17	5000	16	5052.578794	0.010515759	0.010515759
17	5000	17	4920.819805	-0.015836039	0.015836039
17	5000	18	4977.732858	-0.004453428	0.004453428
17	5000	19	5014.984871	0.002996974	0.002996974
17	5000	20	5097.457456	0.019491491	0.019491491
17	5000	21	4914.175845	-0.017164831	0.017164831
17	5000	22	5018.388278	0.003677656	0.003677656
17	5000	23	4987.858944	-0.002428211	0.002428211
17	10000	0	9437.392940	-0.056260706	0.056260706
17	10000	1	10017.375753	0.001737575	0.001737575
17	10000	2	10170.185440	0.017018544	0.017018544
17	10000	3	10230.510536	0.023051054	0.023051054
17	10000	4	10254.891561	0.025489156	0.025489156
17	10000	5	9497.926061	-0.050207394	0.050207394
17	10000	6	9836.806570	-0.016319343	0.016319343
17	10000	7	10087.195626	0.008719563	0.008719563
17	10000	8	10087.195626	0.008719563	0.008719563
17	10000	9	9814.785012	-0.018521499	0.018521499
17	10000	10	10158.226307	0.015822631	0.015822631
17	10000	11	9982.907107	-0.001709289	0.001709289
17	10000	12	9982.907107	-0.001709289	0.001709289
17	10000	13	9914.827977	-0.008517202	0.008517202
17	10000	14	9814.785012	-0.018521499	0.018521499
17	10000	15	9792.881217	-0.020711878	0.020711878
17	10000	16	10182.179592	0.018217959	0.018217959
17	10000	17	9653.292348	-0.034670765	0.034670765
17	10000	18	10063.789848	0.006378985	0.006378985
17	10000	19	9926.096210	-0.007390379	0.007390379
17	10000	20	9870.062504	-0.012993750	0.012993750
17	10000	21	10468.207755	0.046820776	0.046820776
17	10000	22	9914.827977	-0.008517202	0.008517202
17	10000	23	9760.243594	-0.023975641	0.023975641
17	50000	0	50798.226154	0.015964523	0.015964523
17	50000	1	50155.018299	0.003100366	0.003100366
17	50000	2	49128.209490	-0.017435810	0.017435810
17	50000	3	48513.703837	-0.029725923	0.029725923
17	50000	4	48970.159453	-0.020596811	0.020596811
17	50000	5	49319.976137	-0.013600477	0.013600477
17	50000	6	49889.376455	-0.002212471	0.002212471
17	50000	7	49482.306290	-0.010353874	0.010353874
17	50000	8	49929.133519	-0.001417330	0.001417330
17	50000	9	49504.561789	-0.009908764	0.009908764
17	50000	10	49566.903879	-0.008661922	0.008661922
17	50000	11	50897.389580	0.017947792	0.017947792
17	50000	12	50038.224258	0.000764485	0.000764485
17	50000	13	49527.346238	-0.009453075	0.009453075
17	50000	14	50087.079289	0.001741586	0.001741586
17	50000	15	48855.235033	-0.022895299	0.022895299
17	50000	16	51114.924707	0.022298494	0.022298494
17	50000	17	49828.268196	-0.003434636	0.003434636
17	50000	18	50782.485347	0.015649707	0.015649707
17	50000	19	48972.432419	-0.020551352	0.020551352
17	50000	20	49232.300729	-0.015353985	0.015353985
17	50000	21	49619.604767	-0.007607905	0.007607905
17	50000	22	50320.018016	0.006400360	0.006400360
17	50000	23	49016.696927	-0.019666061	0.019666061
18	100	0	99.191405	-0.008085948	0.008085948
18	100	1	100.216046	0.002160456	0.002160456
18	100	2	99.191405	-0.008085948	0.008085948
18	100	3	100.216046	0.002160456	0.002160456
18	100	4	99.191405	-0.008085948	0.008085948
18	100	5	100.216046	0.002160456	0.002160456
18	100	6	101.240942	0.012409424	0.012409424
18	100	7	101.240942	0.012409424	0.012409424
18	100	8	101.240942	0.012409424	0.012409424
18	100	9	100.216046	0.002160456	0.002160456
18	100	10	100.216046	0.002160456	0.002160456
18	100	11	100.216046	0.002160456	0.002160456
18	100	12	100.216046	0.002160456	0.002160456
18	100	13	100.216046	0.002160456	0.002160456
18	100	14	100.216046	0.002160456	0.002160456
18	100	15	100.216046	0.002160456	0.002160456
18	100	16	100.216046	0.002160456	0.002160456
18	100	17	99.191405	-0.008085948	0.008085948
18	100	18	97.142893	-0.028571070	0.028571070
18	100	19	101.240942	0.012409424	0.012409424
18	100	20	100.216046	0.002160456	0.002160456
18	100	21	99.191405	-0.008085948	0.008085948
18	100	22	100.216046	0.002160456	0.002160456
18	100	23	100.216046	0.002160456	0.002160456
18	500	0	500.353431	0.000706863	0.000706863
18	500	1	507.138634	0.014277269	0.014277269
18	500	2	502.613917	0.005227834	0.005227834
18	500	3	507.138634	0.014277269	0.014277269
18	500	4	500.353431	0.000706863	0.000706863
18	500	5	495.836199	-0.008327602	0.008327602
18	500	6	493.579450	-0.012841101	0.012841101
18	500	7	498.094192	-0.003811615	0.003811615
18	500	8	500.353431	0.000706863	0.000706863
18	500	9	501.483518	0.002967036	0.002967036
18	500	10	493.579450	-0.012841101	0.012841101
18	500	11	493.579450	-0.012841101	0.012841101
18	500	12	499.223656	-0.001552688	0.001552688
18	500	13	509.402869	0.018805738	0.018805738
18	500	14	496.965040	-0.006069920	0.006069920
18	500	15	510.535456	0.021070911	0.021070911
18	500	16	493.579450	-0.012841101	0.012841101
18	500	17	502.613917	0.005227834	0.005227834
18	500	18	498.094192	-0.003811615	0.003811615
18	500	19	501.483518	0.002967036	0.002967036
18	500	20	504.875651	0.009751302	0.009751302
18	500	21	508.270595	0.016541190	0.016541190
18	500	22	490.196655	-0.019606690	0.019606690
18	500	23	503.744628	0.007489256	0.007489256
18	1000	0	1009.859079	0.009859079	0.009859079
18	1000	1	985.618547	-0.014381453	0.014381453
18	1000	2	1018.826088	0.018826088	0.018826088
18	1000	3	1000.911658	0.000911658	0.000911658
18	1000	4	993.257965	-0.006742035	0.006742035
18	1000	5	1004.743874	0.004743874	0.004743874
18	1000	6	1004.743874	0.004743874	0.004743874
18	1000	7	999.635049	-0.000364951	0.000364951
18	1000	8	976.723864	-0.023276136	0.023276136
18	1000	9	1012.419079	0.012419079	0.012419079
18	1000	10	988.163437	-0.011836563	0.011836563
18	1000	11	1014.980680	0.014980680	0.014980680
18	1000	12	983.075238	-0.016924762	0.016924762
18	1000	13	991.983739	-0.008016261	0.008016261
18	1000	14	1003.466070	0.003466070	0.003466070
18	1000	15	1008.579679	0.008579679	0.008579679
18	1000	16	984.346695	-0.015653305	0.015653305
18	1000	17	994.532588	-0.005467412	0.005467412
18	1000	18	1007.300678	0.007300678	0.007300678
18	1000	19	1007.300678	0.007300678	0.007300678
18	1000	20	1006.022077	0.006022077	0.006022077
18	1000	21	1003.466070	0.003466070	0.003466070
18	1000	22	989.436475	-0.010563525	0.010563525
18	1000	23	995.807607	-0.004192393	0.004192393
18	5000	0	4954.202223	-0.009159555	0.009159555
18	5000	1	5080.138191	0.016027638	0.016027638
18	5000	2	4897.612944	-0.020477411	0.020477411
18	5000	3	5171.008813	0.034201763	0.034201763
18	5000	4	5008.186530	0.001637306	0.001637306
18	5000	5	5028.615500	0.005723100	0.005723100
18	5000	6	5087.057112	0.017411422	0.017411422
18	5000	7	4967.631743	-0.006473651	0.006473651
18	5000	8	4924.145830	-0.015170834	0.015170834
18	5000	9	5062.891850	0.012578370	0.012578370
18	5000	10	4974.363051	-0.005127390	0.005127390
18	5000	11	4940.816590	-0.011836682	0.011836682
18	5000	12	5018.388278	0.003677656	0.003677656
18	5000	13	5032.030256	0.006406051	0.006406051
18	5000	14	5059.451279	0.011890256	0.011890256
18	5000	15	4987.858944	-0.002428211	0.002428211
18	5000	16	5018.388278	0.003677656	0.003677656
18	5000	17	5097.457456	0.019491491	0.019491491
18	5000	18	5038.868321	0.007773664	0.007773664
18	5000	19	5018.388278	0.003677656	0.003677656
18	5000	20	4981.105439	-0.003778912	0.003778912
18	5000	21	5021.794515	0.004358903	0.004358903
18	5000	22	5008.186530	0.001637306	0.001637306
18	5000	23	5045.717821	0.009143564	0.009143564
18	10000	0	9994.364457	-0.000563554	0.000563554
18	10000	1	9903.590659	-0.009640934	0.009640934
18	10000	2	9749.421923	-0.025057808	0.025057808
18	10000	3	9749.421923	-0.025057808	0.025057808
18	10000	4	10017.375753	0.001737575	0.001737575
18	10000	5	9836.806570	-0.016319343	0.016319343
18	10000	6	9695.738323	-0.030426168	0.030426168
18	10000	7	9960.088106	-0.003991189	0.003991189
18	10000	8	10098.948862	0.009894886	0.009894886
18	10000	9	10110.735920	0.011073592	0.011073592
18	10000	10	9994.364457	-0.000563554	0.000563554
18	10000	11	9858.947165	-0.014105284	0.014105284
18	10000	12	9960.088106	-0.003991189	0.003991189
18	10000	13	10110.735920	0.011073592	0.011073592
18	10000	14	10122.556996	0.012255700	0.012255700
18	10000	15	9994.364457	-0.000563554	0.000563554
18	10000	16	10146.301990	0.014630199	0.014630199
18	10000	17	9847.861908	-0.015213809	0.015213809
18	10000	18	9836.806570	-0.016319343	0.016319343
18	10000	19	9653.292348	-0.034670765	0.034670765
18	10000	20	9881.208089	-0.011879191	0.011879191
18	10000	21	10353.893359	0.035389336	0.035389336
18	10000	22	9825.780992	-0.017421901	0.017421901
18	10000	23	10455.347462	0.045534746	0.045534746
18	50000	0	49247.783310	-0.015044334	0.015044334
18	50000	1	49340.959679	-0.013180806	0.013180806
18	50000	2	48796.706746	-0.024065865	0.024065865
18	50000	3	50097.419918	0.001948398	0.001948398
18	50000	4	49787.806291	-0.004243874	0.004243874
18	50000	5	51433.017717	0.028660354	0.028660354
18	50000	6	51087.264162	0.021745283	0.021745283
18	50000	7	49222.789107	-0.015544218	0.015544218
18	50000	8	50057.153729	0.001143075	0.001143075
18	50000	9	48581.458606	-0.028370828	0.028370828
18	50000	10	50778.237847	0.015564757	0.015564757
18	50000	11	49749.547078	-0.005009058	0.005009058
18	50000	12	50784.546747	0.015690935	0.015690935
18	50000	13	48726.726818	-0.025465464	0.025465464
18	50000	14	49659.166128	-0.006816677	0.006816677
18	50000	15	49776.010051	-0.004479799	0.004479799
18	50000	16	51363.586526	0.027271731	0.027271731
18	50000	17	50466.613215	0.009332264	0.009332264
18	50000	18	48878.666997	-0.022426660	0.022426660
18	50000	19	49551.687643	-0.008966247	0.008966247
18	50000	20	48686.516128	-0.026269677	0.026269677
18	50000	21	51256.196106	0.025123922	0.025123922
18	50000	22	48537.088558	-0.029258229	0.029258229
18	50000	23	51320.471245	0.026409425	0.026409425
19	100	0	100.216046	0.002160456	0.002160456
19	100	1	100.216046	0.002160456	0.002160456
19	100	2	99.191405	-0.008085948	0.008085948
19	100	3	98.167021	-0.018329790	0.018329790
19	100	4	100.216046	0.002160456	0.002160456
19	100	5	101.240942	0.012409424	0.012409424
19	100	6	101.240942	0.012409424	0.012409424
19	100	7	100.216046	0.002160456	0.002160456
19	100	8	98.167021	-0.018329790	0.018329790
19	100	9	100.216046	0.002160456	0.002160456
19	100	10	100.216046	0.002160456	0.002160456
19	100	11	101.240942	0.012409424	0.012409424
19	100	12	101.240942	0.012409424	0.012409424
19	100	13	99.191405	-0.008085948	0.008085948
19	100	14	100.216046	0.002160456	0.002160456
19	100	15	100.216046	0.002160456	0.002160456
19	100	16	101.240942	0.012409424	0.012409424
19	100	17	100.216046	0.002160456	0.002160456
19	100	18	99.191405	-0.008085948	0.008085948
19	100	19	101.240942	0.012409424	0.012409424
19	100	20	101.240942	0.012409424	0.012409424
19	100	21	100.216046	0.002160456	0.002160456
19	100	22	101.240942	0.012409424	0.012409424
19	100	23	98.167021	-0.018329790	0.018329790
19	500	0	500.353431	0.000706863	0.000706863
19	500	1	493.579450	-0.012841101	0.012841101
19	500	2	496.965040	-0.006069920	0.006069920
19	500	3	501.483518	0.002967036	0.002967036
19	500	4	507.138634	0.014277269	0.014277269
19	500	5	502.613917	0.005227834	0.005227834
19	500	6	494.707669	-0.010584662	0.010584662
19	500	7	503.744628	0.007489256	0.007489256
19	500	8	499.223656	-0.001552688	0.001552688
19	500	9	493.579450	-0.012841101	0.012841101
19	500	10	503.744628	0.007489256	0.007489256
19	500	11	499.223656	-0.001552688	0.001552688
19	500	12	496.965040	-0.006069920	0.006069920
19	500	13	503.744628	0.007489256	0.007489256
19	500	14	503.744628	0.007489256	0.007489256
19	500	15	493.579450	-0.012841101	0.012841101
19	500	16	492.451541	-0.015096918	0.015096918
19	500	17	492.451541	-0.015096918	0.015096918
19	500	18	512.801569	0.025603138	0.025603138
19	500	19	504.875651	0.009751302	0.009751302
19	500	20	500.353431	0.000706863	0.000706863
19	500	21	498.094192	-0.003811615	0.003811615
19	500	22	504.875651	0.009751302	0.009751302
19	500	23	495.836199	-0.008327602	0.008327602
19	1000	0	979.263232	-0.020736768	0.020736768
19	1000	1	1013.699680	0.013699680	0.013699680
19	1000	2	991.983739	-0.008016261	0.008016261
19	1000	3	979.263232	-0.020736768	0.020736768
19	1000	4	1004.743874	0.004743874	0.004743874
19	1000	5	999.635049	-0.000364951	0.000364951
19	1000	6	989.436475	-0.010563525	0.010563525
19	1000	7	1004.743874	0.004743874	0.004743874
19	1000	8	1011.138879	0.011138879	0.011138879
19	1000	9	989.436475	-0.010563525	0.010563525
19	1000	10	998.358838	-0.001641162	0.001641162
19	1000	11	995.807607	-0.004192393	0.004192393
19	1000	12	998.358838	-0.001641162	0.001641162
19	1000	13	1002.188665	0.002188665	0.002188665
19	1000	14	1016.262082	0.016262082	0.016262082
19	1000	15	1012.419079	0.012419079	0.012419079
19	1000	16	1000.911658	0.000911658	0.000911658
19	1000	17	1009.859079	0.009859079	0.009859079
19	1000	18	1017.543884	0.017543884	0.017543884
19	1000	19	997.083024	-0.002916976	0.002916976
19	1000	20	1003.466070	0.003466070	0.003466070
19	1000	21	988.163437	-0.011836563	0.011836563
19	1000	22	1009.859079	0.009859079	0.009859079
19	1000	23	1011.138879	0.011138879	0.011138879
19	5000	0	4998.010127	-0.000397975	0.000397975
19	5000	1	5163.946742	0.032789348	0.032789348
19	5000	2	5093.987740	0.018797548	0.018797548
19	5000	3	5021.794515	0.004358903	0.004358903
19	5000	4	4930.805994	-0.013838801	0.013838801
19	5000	5	4974.363051	-0.005127390	0.005127390
19	5000	6	4970.996014	-0.005800797	0.005800797
19	5000	7	5062.891850	0.012578370	0.012578370
19	5000	8	4994.623603	-0.001075279	0.001075279
19	5000	9	4987.858944	-0.002428211	0.002428211
19	5000	10	4940.816590	-0.011836682	0.011836682
19	5000	11	4960.911479	-0.007817704	0.007817704
19	5000	12	5001.399453	0.000279891	0.000279891
19	5000	13	4897.612944	-0.020477411	0.020477411
19	5000	14	5014.984871	0.002996974	0.002996974
19	5000	15	5021.794515	0.004358903	0.004358903
19	5000	16	4991.239877	-0.001752025	0.001752025
19	5000	17	5090.520960	0.018104192	0.018104192
19	5000	18	4934.140142	-0.013171972	0.013171972
19	5000	19	4914.175845	-0.017164831	0.017164831
19	5000	20	4974.363051	-0.005127390	0.005127390
19	5000	21	5059.451279	0.011890256	0.011890256
19	5000	22	4914.175845	-0.017164831	0.017164831
19	5000	23	4981.105439	-0.003778912	0.003778912
19	10000	0	10075.476018	0.007547602	0.007547602
19	10000	1	9749.421923	-0.025057808	0.025057808
19	10000	2	10075.476018	0.007547602	0.007547602
19	10000	3	9814.785012	-0.018521499	0.018521499
19	10000	4	10267.136712	0.026713671	0.026713671
19	10000	5	9749.421923	-0.025057808	0.025057808
19	10000	6	9858.947165	-0.014105284	0.014105284
19	10000	7	9892.384085	-0.010761591	0.010761591
19	10000	8	9971.481716	-0.002851828	0.002851828
19	10000	9	9994.364457	-0.000563554	0.000563554
19	10000	10	9914.827977	-0.008517202	0.008517202
19	10000	11	9825.780992	-0.017421901	0.017421901
19	10000	12	10134.412287	0.013441229	0.013441229
19	10000	13	9971.481716	-0.002851828	0.002851828
19	10000	14	10267.136712	0.026713671	0.026713671
19	10000	15	10017.375753	0.001737575	0.001737575
19	10000	16	9632.233175	-0.036776682	0.036776682
19	10000	17	9632.233175	-0.036776682	0.036776682
19	10000	18	10170.185440	0.017018544	0.017018544
19	10000	19	9881.208089	-0.011879191	0.011879191
19	10000	20	10028.930063	0.002893006	0.002893006
19	10000	21	10005.853945	0.000585395	0.000585395
19	10000	22	10559.378451	0.055937845	0.055937845
19	10000	23	10087.195626	0.008719563	0.008719563
19	50000	0	49327.915664	-0.013441687	0.013441687
19	50000	1	51223.969072	0.024479381	0.024479381
19	50000	2	50250.340111	0.005006802	0.005006802
19	50000	3	51197.625165	0.023952503	0.023952503
19	50000	4	50862.374394	0.017247488	0.017247488
19	50000	5	49463.073045	-0.010738539	0.010738539
19	50000	6	50071.426638	0.001428533	0.001428533
19	50000	7	50110.396891	0.002207938	0.002207938
19	50000	8	51724.023737	0.034480475	0.034480475
19	50000	9	50034.818663	0.000696373	0.000696373
19	50000	10	49751.169971	-0.004976601	0.004976601
19	50000	11	49329.055790	-0.013418884	0.013418884
19	50000	12	51102.387544	0.022047751	0.022047751
19	50000	13	50430.321832	0.008606437	0.008606437
19	50000	14	49325.294187	-0.013494116	0.013494116
19	50000	15	50055.060895	0.001101218	0.001101218
19	50000	16	50554.483982	0.011089680	0.011089680
19	50000	17	49666.965566	-0.006660689	0.006660689
19	50000	18	50888.165302	0.017763306	0.017763306
19	50000	19	49364.699409	-0.012706012	0.012706012
19	50000	20	49613.156648	-0.007736867	0.007736867
19	50000	21	51830.592452	0.036611849	0.036611849
19	50000	22	50350.621702	0.007012434	0.007012434
19	50000	23	50794.818832	0.015896377	0.015896377
