tenant_id	unix_hour	exact_count	estimate	signed_relative_error	absolute_relative_error	serialized_size
0	0	1000	1008.579679	0.008579679	0.008579679	4124
0	1	1000	993.257965	-0.006742035	0.006742035	4124
0	2	1000	1011.138879	0.011138879	0.011138879	4124
0	3	1000	1012.419079	0.012419079	0.012419079	4124
0	4	1000	998.358838	-0.001641162	0.001641162	4124
0	5	1000	984.346695	-0.015653305	0.015653305	4124
0	6	1000	1004.743874	0.004743874	0.004743874	4124
0	7	1000	1008.579679	0.008579679	0.008579679	4124
0	8	1000	998.358838	-0.001641162	0.001641162	4124
0	9	1000	1008.579679	0.008579679	0.008579679	4124
0	10	1000	999.635049	-0.000364951	0.000364951	4124
0	11	1000	1003.466070	0.003466070	0.003466070	4124
0	12	1000	993.257965	-0.006742035	0.006742035	4124
0	13	1000	1007.300678	0.007300678	0.007300678	4124
0	14	1000	1012.419079	0.012419079	0.012419079	4124
0	15	1000	1009.859079	0.009859079	0.009859079	4124
0	16	1000	1002.188665	0.002188665	0.002188665	4124
0	17	1000	1003.466070	0.003466070	0.003466070	4124
0	18	1000	991.983739	-0.008016261	0.008016261	4124
0	19	1000	995.807607	-0.004192393	0.004192393	4124
0	20	5000	4894.308385	-0.021138323	0.021138323	4124
0	21	5000	4934.140142	-0.013171972	0.013171972	4124
0	22	5000	4937.477005	-0.012504599	0.012504599	4124
0	23	10000	9881.208089	-0.011879191	0.011879191	4124
1	0	1000	994.532588	-0.005467412	0.005467412	4124
1	1	1000	999.635049	-0.000364951	0.000364951	4124
1	2	1000	985.618547	-0.014381453	0.014381453	4124
1	3	1000	1017.543884	0.017543884	0.017543884	4124
1	4	1000	983.075238	-0.016924762	0.016924762	4124
1	5	1000	1002.188665	0.002188665	0.002188665	4124
1	6	1000	1000.911658	0.000911658	0.000911658	4124
1	7	1000	1003.466070	0.003466070	0.003466070	4124
1	8	1000	1018.826088	0.018826088	0.018826088	4124
1	9	1000	1013.699680	0.013699680	0.013699680	4124
1	10	1000	1002.188665	0.002188665	0.002188665	4124
1	11	1000	980.533506	-0.019466494	0.019466494	4124
1	12	1000	999.635049	-0.000364951	0.000364951	4124
1	13	1000	1000.911658	0.000911658	0.000911658	4124
1	14	1000	989.436475	-0.010563525	0.010563525	4124
1	15	1000	999.635049	-0.000364951	0.000364951	4124
1	16	1000	1007.300678	0.007300678	0.007300678	4124
1	17	1000	1009.859079	0.009859079	0.009859079	4124
1	18	1000	1002.188665	0.002188665	0.002188665	4124
1	19	1000	1008.579679	0.008579679	0.008579679	4124
1	20	5000	4974.363051	-0.005127390	0.005127390	4124
1	21	5000	4950.851711	-0.009829658	0.009829658	4124
1	22	5000	4900.920170	-0.019815966	0.019815966	4124
1	23	10000	10098.948862	0.009894886	0.009894886	4124
2	0	1000	993.257965	-0.006742035	0.006742035	4124
2	1	1000	1006.022077	0.006022077	0.006022077	4124
2	2	1000	990.709909	-0.009290091	0.009290091	4124
2	3	1000	1002.188665	0.002188665	0.002188665	4124
2	4	1000	997.083024	-0.002916976	0.002916976	4124
2	5	1000	989.436475	-0.010563525	0.010563525	4124
2	6	1000	999.635049	-0.000364951	0.000364951	4124
2	7	1000	1009.859079	0.009859079	0.009859079	4124
2	8	1000	1004.743874	0.004743874	0.004743874	4124
2	9	1000	1011.138879	0.011138879	0.011138879	4124
2	10	1000	1007.300678	0.007300678	0.007300678	4124
2	11	1000	997.083024	-0.002916976	0.002916976	4124
2	12	1000	1020.108694	0.020108694	0.020108694	4124
2	13	1000	994.532588	-0.005467412	0.005467412	4124
2	14	1000	983.075238	-0.016924762	0.016924762	4124
2	15	1000	1002.188665	0.002188665	0.002188665	4124
2	16	1000	1009.859079	0.009859079	0.009859079	4124
2	17	1000	1002.188665	0.002188665	0.002188665	4124
2	18	1000	1000.911658	0.000911658	0.000911658	4124
2	19	1000	999.635049	-0.000364951	0.000364951	4124
2	20	5000	5049.146871	0.009829374	0.009829374	4124
2	21	5000	5035.447861	0.007089572	0.007089572	4124
2	22	5000	4934.140142	-0.013171972	0.013171972	4124
2	23	10000	9870.062504	-0.012993750	0.012993750	4124
3	0	1000	990.709909	-0.009290091	0.009290091	4124
3	1	1000	994.532588	-0.005467412	0.005467412	4124
3	2	1000	1011.138879	0.011138879	0.011138879	4124
3	3	1000	1009.859079	0.009859079	0.009859079	4124
3	4	1000	1017.543884	0.017543884	0.017543884	4124
3	5	1000	985.618547	-0.014381453	0.014381453	4124
3	6	1000	995.807607	-0.004192393	0.004192393	4124
3	7	1000	997.083024	-0.002916976	0.002916976	4124
3	8	1000	1002.188665	0.002188665	0.002188665	4124
3	9	1000	995.807607	-0.004192393	0.004192393	4124
3	10	1000	985.618547	-0.014381453	0.014381453	4124
3	11	1000	994.532588	-0.005467412	0.005467412	4124
3	12	1000	1000.911658	0.000911658	0.000911658	4124
3	13	1000	997.083024	-0.002916976	0.002916976	4124
3	14	1000	1002.188665	0.002188665	0.002188665	4124
3	15	1000	993.257965	-0.006742035	0.006742035	4124
3	16	1000	1009.859079	0.009859079	0.009859079	4124
3	17	1000	1009.859079	0.009859079	0.009859079	4124
3	18	1000	1003.466070	0.003466070	0.003466070	4124
3	19	1000	1003.466070	0.003466070	0.003466070	4124
3	20	5000	4994.623603	-0.001075279	0.001075279	4124
3	21	5000	4835.277740	-0.032944452	0.032944452	4124
3	22	5000	4920.819805	-0.015836039	0.015836039	4124
3	23	10000	9870.062504	-0.012993750	0.012993750	4124
4	0	1000	1014.980680	0.014980680	0.014980680	4124
4	1	1000	1000.911658	0.000911658	0.000911658	4124
4	2	1000	1004.743874	0.004743874	0.004743874	4124
4	3	1000	1003.466070	0.003466070	0.003466070	4124
4	4	1000	1009.859079	0.009859079	0.009859079	4124
4	5	1000	997.083024	-0.002916976	0.002916976	4124
4	6	1000	995.807607	-0.004192393	0.004192393	4124
4	7	1000	1003.466070	0.003466070	0.003466070	4124
4	8	1000	1014.980680	0.014980680	0.014980680	4124
4	9	1000	1000.911658	0.000911658	0.000911658	4124
4	10	1000	983.075238	-0.016924762	0.016924762	4124
4	11	1000	1006.022077	0.006022077	0.006022077	4124
4	12	1000	993.257965	-0.006742035	0.006742035	4124
4	13	1000	986.890795	-0.013109205	0.013109205	4124
4	14	1000	983.075238	-0.016924762	0.016924762	4124
4	15	1000	998.358838	-0.001641162	0.001641162	4124
4	16	1000	988.163437	-0.011836563	0.011836563	4124
4	17	1000	997.083024	-0.002916976	0.002916976	4124
4	18	1000	1009.859079	0.009859079	0.009859079	4124
4	19	1000	1000.911658	0.000911658	0.000911658	4124
4	20	5000	5011.584290	0.002316858	0.002316858	4124
4	21	5000	5011.584290	0.002316858	0.002316858	4124
4	22	5000	4924.145830	-0.015170834	0.015170834	4124
4	23	10000	10005.853945	0.000585395	0.000585395	4124
5	0	1000	1007.300678	0.007300678	0.007300678	4124
5	1	1000	1006.022077	0.006022077	0.006022077	4124
5	2	1000	1003.466070	0.003466070	0.003466070	4124
5	3	1000	1008.579679	0.008579679	0.008579679	4124
5	4	1000	993.257965	-0.006742035	0.006742035	4124
5	5	1000	1007.300678	0.007300678	0.007300678	4124
5	6	1000	997.083024	-0.002916976	0.002916976	4124
5	7	1000	1004.743874	0.004743874	0.004743874	4124
5	8	1000	1009.859079	0.009859079	0.009859079	4124
5	9	1000	985.618547	-0.014381453	0.014381453	4124
5	10	1000	989.436475	-0.010563525	0.010563525	4124
5	11	1000	1009.859079	0.009859079	0.009859079	4124
5	12	1000	991.983739	-0.008016261	0.008016261	4124
5	13	1000	981.804175	-0.018195825	0.018195825	4124
5	14	1000	995.807607	-0.004192393	0.004192393	4124
5	15	1000	1025.243135	0.025243135	0.025243135	4124
5	16	1000	1008.579679	0.008579679	0.008579679	4124
5	17	1000	989.436475	-0.010563525	0.010563525	4124
5	18	1000	965.316151	-0.034683849	0.034683849	4124
5	19	1000	975.454771	-0.024545229	0.024545229	4124
5	20	5000	4934.140142	-0.013171972	0.013171972	4124
5	21	5000	5087.057112	0.017411422	0.017411422	4124
5	22	5000	4987.858944	-0.002428211	0.002428211	4124
5	23	10000	10017.375753	0.001737575	0.001737575	4124
6	0	1000	1000.911658	0.000911658	0.000911658	4124
6	1	1000	995.807607	-0.004192393	0.004192393	4124
6	2	1000	981.804175	-0.018195825	0.018195825	4124
6	3	1000	976.723864	-0.023276136	0.023276136	4124
6	4	1000	1016.262082	0.016262082	0.016262082	4124
6	5	1000	999.635049	-0.000364951	0.000364951	4124
6	6	1000	1004.743874	0.004743874	0.004743874	4124
6	7	1000	1009.859079	0.009859079	0.009859079	4124
6	8	1000	1020.108694	0.020108694	0.020108694	4124
6	9	1000	1002.188665	0.002188665	0.002188665	4124
6	10	1000	991.983739	-0.008016261	0.008016261	4124
6	11	1000	1014.980680	0.014980680	0.014980680	4124
6	12	1000	997.083024	-0.002916976	0.002916976	4124
6	13	1000	980.533506	-0.019466494	0.019466494	4124
6	14	1000	1000.911658	0.000911658	0.000911658	4124
6	15	1000	1007.300678	0.007300678	0.007300678	4124
6	16	1000	980.533506	-0.019466494	0.019466494	4124
6	17	1000	995.807607	-0.004192393	0.004192393	4124
6	18	1000	1011.138879	0.011138879	0.011138879	4124
6	19	1000	989.436475	-0.010563525	0.010563525	4124
6	20	5000	5042.291639	0.008458328	0.008458328	4124
6	21	5000	5028.615500	0.005723100	0.005723100	4124
6	22	5000	4977.732858	-0.004453428	0.004453428	4124
6	23	10000	10110.735920	0.011073592	0.011073592	4124
7	0	1000	999.635049	-0.000364951	0.000364951	4124
7	1	1000	985.618547	-0.014381453	0.014381453	4124
7	2	1000	1003.466070	0.003466070	0.003466070	4124
7	3	1000	997.083024	-0.002916976	0.002916976	4124
7	4	1000	999.635049	-0.000364951	0.000364951	4124
7	5	1000	988.163437	-0.011836563	0.011836563	4124
7	6	1000	1002.188665	0.002188665	0.002188665	4124
7	7	1000	995.807607	-0.004192393	0.004192393	4124
7	8	1000	994.532588	-0.005467412	0.005467412	4124
7	9	1000	1013.699680	0.013699680	0.013699680	4124
7	10	1000	1002.188665	0.002188665	0.002188665	4124
7	11	1000	985.618547	-0.014381453	0.014381453	4124
7	12	1000	997.083024	-0.002916976	0.002916976	4124
7	13	1000	1021.391701	0.021391701	0.021391701	4124
7	14	1000	1008.579679	0.008579679	0.008579679	4124
7	15	1000	1002.188665	0.002188665	0.002188665	4124
7	16	1000	1004.743874	0.004743874	0.004743874	4124
7	17	1000	974.186070	-0.025813930	0.025813930	4124
7	18	1000	986.890795	-0.013109205	0.013109205	4124
7	19	1000	985.618547	-0.014381453	0.014381453	4124
7	20	5000	4927.474558	-0.014505088	0.014505088	4124
7	21	5000	4981.105439	-0.003778912	0.003778912	4124
7	22	5000	4891.006491	-0.021798702	0.021798702	4124
7	23	10000	9937.395527	-0.006260447	0.006260447	4124
8	0	1000	977.993351	-0.022006649	0.022006649	4124
8	1	1000	1008.579679	0.008579679	0.008579679	4124
8	2	1000	1000.911658	0.000911658	0.000911658	4124
8	3	1000	1009.859079	0.009859079	0.009859079	4124
8	4	1000	999.635049	-0.000364951	0.000364951	4124
8	5	1000	997.083024	-0.002916976	0.002916976	4124
8	6	1000	977.993351	-0.022006649	0.022006649	4124
8	7	1000	977.993351	-0.022006649	0.022006649	4124
8	8	1000	990.709909	-0.009290091	0.009290091	4124
8	9	1000	1000.911658	0.000911658	0.000911658	4124
8	10	1000	984.346695	-0.015653305	0.015653305	4124
8	11	1000	993.257965	-0.006742035	0.006742035	4124
8	12	1000	989.436475	-0.010563525	0.010563525	4124
8	13	1000	1013.699680	0.013699680	0.013699680	4124
8	14	1000	993.257965	-0.006742035	0.006742035	4124
8	15	1000	997.083024	-0.002916976	0.002916976	4124
8	16	1000	988.163437	-0.011836563	0.011836563	4124
8	17	1000	993.257965	-0.006742035	0.006742035	4124
8	18	1000	991.983739	-0.008016261	0.008016261	4124
8	19	1000	1011.138879	0.011138879	0.011138879	4124
8	20	5000	4977.732858	-0.004453428	0.004453428	4124
8	21	5000	4964.270233	-0.007145953	0.007145953	4124
8	22	5000	4934.140142	-0.013171972	0.013171972	4124
8	23	10000	10063.789848	0.006378985	0.006378985	4124
9	0	1000	998.358838	-0.001641162	0.001641162	4124
9	1	1000	999.635049	-0.000364951	0.000364951	4124
9	2	1000	1002.188665	0.002188665	0.002188665	4124
9	3	1000	1002.188665	0.002188665	0.002188665	4124
9	4	1000	1000.911658	0.000911658	0.000911658	4124
9	5	1000	977.993351	-0.022006649	0.022006649	4124
9	6	1000	1022.675110	0.022675110	0.022675110	4124
9	7	1000	993.257965	-0.006742035	0.006742035	4124
9	8	1000	1004.743874	0.004743874	0.004743874	4124
9	9	1000	994.532588	-0.005467412	0.005467412	4124
9	10	1000	1000.911658	0.000911658	0.000911658	4124
9	11	1000	1000.911658	0.000911658	0.000911658	4124
9	12	1000	998.358838	-0.001641162	0.001641162	4124
9	13	1000	1002.188665	0.002188665	0.002188665	4124
9	14	1000	971.649847	-0.028350153	0.028350153	4124
9	15	1000	1013.699680	0.013699680	0.013699680	4124
9	16	1000	998.358838	-0.001641162	0.001641162	4124
9	17	1000	995.807607	-0.004192393	0.004192393	4124
9	18	1000	997.083024	-0.002916976	0.002916976	4124
9	19	1000	1003.466070	0.003466070	0.003466070	4124
9	20	5000	4920.819805	-0.015836039	0.015836039	4124
9	21	5000	4934.140142	-0.013171972	0.013171972	4124
9	22	5000	5035.447861	0.007089572	0.007089572	4124
9	23	10000	9858.947165	-0.014105284	0.014105284	4124
10	0	1000	1011.138879	0.011138879	0.011138879	4124
10	1	1000	1008.579679	0.008579679	0.008579679	4124
10	2	1000	1008.579679	0.008579679	0.008579679	4124
10	3	1000	999.635049	-0.000364951	0.000364951	4124
10	4	1000	998.358838	-0.001641162	0.001641162	4124
10	5	1000	1012.419079	0.012419079	0.012419079	4124
10	6	1000	993.257965	-0.006742035	0.006742035	4124
10	7	1000	995.807607	-0.004192393	0.004192393	4124
10	8	1000	1009.859079	0.009859079	0.009859079	4124
10	9	1000	998.358838	-0.001641162	0.001641162	4124
10	10	1000	1011.138879	0.011138879	0.011138879	4124
10	11	1000	994.532588	-0.005467412	0.005467412	4124
10	12	1000	1009.859079	0.009859079	0.009859079	4124
10	13	1000	984.346695	-0.015653305	0.015653305	4124
10	14	1000	976.723864	-0.023276136	0.023276136	4124
10	15	1000	1021.391701	0.021391701	0.021391701	4124
10	16	1000	1003.466070	0.003466070	0.003466070	4124
10	17	1000	967.848454	-0.032151546	0.032151546	4124
10	18	1000	1003.466070	0.003466070	0.003466070	4124
10	19	1000	989.436475	-0.010563525	0.010563525	4124
10	20	5000	5042.291639	0.008458328	0.008458328	4124
10	21	5000	4981.105439	-0.003778912	0.003778912	4124
10	22	5000	5028.615500	0.005723100	0.005723100	4124
10	23	10000	9738.628768	-0.026137123	0.026137123	4124
11	0	1000	995.807607	-0.004192393	0.004192393	4124
11	1	1000	1007.300678	0.007300678	0.007300678	4124
11	2	1000	998.358838	-0.001641162	0.001641162	4124
11	3	1000	1006.022077	0.006022077	0.006022077	4124
11	4	1000	995.807607	-0.004192393	0.004192393	4124
11	5	1000	998.358838	-0.001641162	0.001641162	4124
11	6	1000	999.635049	-0.000364951	0.000364951	4124
11	7	1000	1014.980680	0.014980680	0.014980680	4124
11	8	1000	993.257965	-0.006742035	0.006742035	4124
11	9	1000	1004.743874	0.004743874	0.004743874	4124
11	10	1000	990.709909	-0.009290091	0.009290091	4124
11	11	1000	997.083024	-0.002916976	0.002916976	4124
11	12	1000	1002.188665	0.002188665	0.002188665	4124
11	13	1000	984.346695	-0.015653305	0.015653305	4124
11	14	1000	1014.980680	0.014980680	0.014980680	4124
11	15	1000	990.709909	-0.009290091	0.009290091	4124
11	16	1000	1016.262082	0.016262082	0.016262082	4124
11	17	1000	995.807607	-0.004192393	0.004192393	4124
11	18	1000	1007.300678	0.007300678	0.007300678	4124
11	19	1000	991.983739	-0.008016261	0.008016261	4124
11	20	5000	4947.503938	-0.010499212	0.010499212	4124
11	21	5000	5021.794515	0.004358903	0.004358903	4124
11	22	5000	5056.013595	0.011202719	0.011202719	4124
11	23	10000	9937.395527	-0.006260447	0.006260447	4124
12	0	1000	1030.384020	0.030384020	0.030384020	4124
12	1	1000	1000.911658	0.000911658	0.000911658	4124
12	2	1000	986.890795	-0.013109205	0.013109205	4124
12	3	1000	983.075238	-0.016924762	0.016924762	4124
12	4	1000	998.358838	-0.001641162	0.001641162	4124
12	5	1000	989.436475	-0.010563525	0.010563525	4124
12	6	1000	999.635049	-0.000364951	0.000364951	4124
12	7	1000	1000.911658	0.000911658	0.000911658	4124
12	8	1000	999.635049	-0.000364951	0.000364951	4124
12	9	1000	991.983739	-0.008016261	0.008016261	4124
12	10	1000	1008.579679	0.008579679	0.008579679	4124
12	11	1000	988.163437	-0.011836563	0.011836563	4124
12	12	1000	1018.826088	0.018826088	0.018826088	4124
12	13	1000	1006.022077	0.006022077	0.006022077	4124
12	14	1000	991.983739	-0.008016261	0.008016261	4124
12	15	1000	1000.911658	0.000911658	0.000911658	4124
12	16	1000	1017.543884	0.017543884	0.017543884	4124
12	17	1000	999.635049	-0.000364951	0.000364951	4124
12	18	1000	995.807607	-0.004192393	0.004192393	4124
12	19	1000	998.358838	-0.001641162	0.001641162	4124
12	20	5000	4904.230070	-0.019153986	0.019153986	4124
12	21	5000	4998.010127	-0.000397975	0.000397975	4124
12	22	5000	5083.596191	0.016719238	0.016719238	4124
12	23	10000	10291.737386	0.029173739	0.029173739	4124
13	0	1000	979.263232	-0.020736768	0.020736768	4124
13	1	1000	998.358838	-0.001641162	0.001641162	4124
13	2	1000	1000.911658	0.000911658	0.000911658	4124
13	3	1000	993.257965	-0.006742035	0.006742035	4124
13	4	1000	1000.911658	0.000911658	0.000911658	4124
13	5	1000	1006.022077	0.006022077	0.006022077	4124
13	6	1000	1020.108694	0.020108694	0.020108694	4124
13	7	1000	1017.543884	0.017543884	0.017543884	4124
13	8	1000	995.807607	-0.004192393	0.004192393	4124
13	9	1000	983.075238	-0.016924762	0.016924762	4124
13	10	1000	995.807607	-0.004192393	0.004192393	4124
13	11	1000	989.436475	-0.010563525	0.010563525	4124
13	12	1000	1007.300678	0.007300678	0.007300678	4124
13	13	1000	991.983739	-0.008016261	0.008016261	4124
13	14	1000	1012.419079	0.012419079	0.012419079	4124
13	15	1000	1007.300678	0.007300678	0.007300678	4124
13	16	1000	1029.098194	0.029098194	0.029098194	4124
13	17	1000	991.983739	-0.008016261	0.008016261	4124
13	18	1000	999.635049	-0.000364951	0.000364951	4124
13	19	1000	1004.743874	0.004743874	0.004743874	4124
13	20	5000	5090.520960	0.018104192	0.018104192	4124
13	21	5000	5100.930114	0.020186023	0.020186023	4124
13	22	5000	4998.010127	-0.000397975	0.000397975	4124
13	23	10000	9903.590659	-0.009640934	0.009640934	4124
14	0	1000	981.804175	-0.018195825	0.018195825	4124
14	1	1000	1003.466070	0.003466070	0.003466070	4124
14	2	1000	972.917762	-0.027082238	0.027082238	4124
14	3	1000	1002.188665	0.002188665	0.002188665	4124
14	4	1000	995.807607	-0.004192393	0.004192393	4124
14	5	1000	997.083024	-0.002916976	0.002916976	4124
14	6	1000	995.807607	-0.004192393	0.004192393	4124
14	7	1000	980.533506	-0.019466494	0.019466494	4124
14	8	1000	979.263232	-0.020736768	0.020736768	4124
14	9	1000	983.075238	-0.016924762	0.016924762	4124
14	10	1000	985.618547	-0.014381453	0.014381453	4124
14	11	1000	1004.743874	0.004743874	0.004743874	4124
14	12	1000	993.257965	-0.006742035	0.006742035	4124
14	13	1000	993.257965	-0.006742035	0.006742035	4124
14	14	1000	984.346695	-0.015653305	0.015653305	4124
14	15	1000	995.807607	-0.004192393	0.004192393	4124
14	16	1000	1011.138879	0.011138879	0.011138879	4124
14	17	1000	994.532588	-0.005467412	0.005467412	4124
14	18	1000	988.163437	-0.011836563	0.011836563	4124
14	19	1000	1002.188665	0.002188665	0.002188665	4124
14	20	5000	4924.145830	-0.015170834	0.015170834	4124
14	21	5000	5104.405719	0.020881144	0.020881144	4124
14	22	5000	4940.816590	-0.011836682	0.011836682	4124
14	23	10000	9749.421923	-0.025057808	0.025057808	4124
15	0	1000	999.635049	-0.000364951	0.000364951	4124
15	1	1000	1011.138879	0.011138879	0.011138879	4124
15	2	1000	1003.466070	0.003466070	0.003466070	4124
15	3	1000	991.983739	-0.008016261	0.008016261	4124
15	4	1000	1008.579679	0.008579679	0.008579679	4124
15	5	1000	998.358838	-0.001641162	0.001641162	4124
15	6	1000	1011.138879	0.011138879	0.011138879	4124
15	7	1000	984.346695	-0.015653305	0.015653305	4124
15	8	1000	993.257965	-0.006742035	0.006742035	4124
15	9	1000	1004.743874	0.004743874	0.004743874	4124
15	10	1000	1002.188665	0.002188665	0.002188665	4124
15	11	1000	1003.466070	0.003466070	0.003466070	4124
15	12	1000	1011.138879	0.011138879	0.011138879	4124
15	13	1000	1017.543884	0.017543884	0.017543884	4124
15	14	1000	1000.911658	0.000911658	0.000911658	4124
15	15	1000	990.709909	-0.009290091	0.009290091	4124
15	16	1000	977.993351	-0.022006649	0.022006649	4124
15	17	1000	1009.859079	0.009859079	0.009859079	4124
15	18	1000	988.163437	-0.011836563	0.011836563	4124
15	19	1000	1026.527751	0.026527751	0.026527751	4124
15	20	5000	4977.732858	-0.004453428	0.004453428	4124
15	21	5000	4957.555477	-0.008488905	0.008488905	4124
15	22	5000	5008.186530	0.001637306	0.001637306	4124
15	23	10000	10230.510536	0.023051054	0.023051054	4124
16	0	1000	999.635049	-0.000364951	0.000364951	4124
16	1	1000	998.358838	-0.001641162	0.001641162	4124
16	2	1000	980.533506	-0.019466494	0.019466494	4124
16	3	1000	1009.859079	0.009859079	0.009859079	4124
16	4	1000	1014.980680	0.014980680	0.014980680	4124
16	5	1000	1004.743874	0.004743874	0.004743874	4124
16	6	1000	1012.419079	0.012419079	0.012419079	4124
16	7	1000	981.804175	-0.018195825	0.018195825	4124
16	8	1000	995.807607	-0.004192393	0.004192393	4124
16	9	1000	985.618547	-0.014381453	0.014381453	4124
16	10	1000	1008.579679	0.008579679	0.008579679	4124
16	11	1000	1000.911658	0.000911658	0.000911658	4124
16	12	1000	1007.300678	0.007300678	0.007300678	4124
16	13	1000	1000.911658	0.000911658	0.000911658	4124
16	14	1000	1004.743874	0.004743874	0.004743874	4124
16	15	1000	1007.300678	0.007300678	0.007300678	4124
16	16	1000	1012.419079	0.012419079	0.012419079	4124
16	17	1000	1000.911658	0.000911658	0.000911658	4124
16	18	1000	994.532588	-0.005467412	0.005467412	4124
16	19	1000	977.993351	-0.022006649	0.022006649	4124
16	20	5000	5025.203588	0.005040718	0.005040718	4124
16	21	5000	4994.623603	-0.001075279	0.001075279	4124
16	22	5000	4998.010127	-0.000397975	0.000397975	4124
16	23	10000	9836.806570	-0.016319343	0.016319343	4124
17	0	1000	994.532588	-0.005467412	0.005467412	4124
17	1	1000	1018.826088	0.018826088	0.018826088	4124
17	2	1000	998.358838	-0.001641162	0.001641162	4124
17	3	1000	1016.262082	0.016262082	0.016262082	4124
17	4	1000	1011.138879	0.011138879	0.011138879	4124
17	5	1000	1003.466070	0.003466070	0.003466070	4124
17	6	1000	1009.859079	0.009859079	0.009859079	4124
17	7	1000	1007.300678	0.007300678	0.007300678	4124
17	8	1000	1000.911658	0.000911658	0.000911658	4124
17	9	1000	1004.743874	0.004743874	0.004743874	4124
17	10	1000	1007.300678	0.007300678	0.007300678	4124
17	11	1000	984.346695	-0.015653305	0.015653305	4124
17	12	1000	1014.980680	0.014980680	0.014980680	4124
17	13	1000	994.532588	-0.005467412	0.005467412	4124
17	14	1000	1011.138879	0.011138879	0.011138879	4124
17	15	1000	981.804175	-0.018195825	0.018195825	4124
17	16	1000	1002.188665	0.002188665	0.002188665	4124
17	17	1000	999.635049	-0.000364951	0.000364951	4124
17	18	1000	1008.579679	0.008579679	0.008579679	4124
17	19	1000	994.532588	-0.005467412	0.005467412	4124
17	20	5000	5038.868321	0.007773664	0.007773664	4124
17	21	5000	4987.858944	-0.002428211	0.002428211	4124
17	22	5000	5139.324942	0.027864988	0.027864988	4124
17	23	10000	9858.947165	-0.014105284	0.014105284	4124
18	0	1000	1000.911658	0.000911658	0.000911658	4124
18	1	1000	998.358838	-0.001641162	0.001641162	4124
18	2	1000	1007.300678	0.007300678	0.007300678	4124
18	3	1000	1018.826088	0.018826088	0.018826088	4124
18	4	1000	1011.138879	0.011138879	0.011138879	4124
18	5	1000	998.358838	-0.001641162	0.001641162	4124
18	6	1000	985.618547	-0.014381453	0.014381453	4124
18	7	1000	986.890795	-0.013109205	0.013109205	4124
18	8	1000	1007.300678	0.007300678	0.007300678	4124
18	9	1000	1014.980680	0.014980680	0.014980680	4124
18	10	1000	967.848454	-0.032151546	0.032151546	4124
18	11	1000	999.635049	-0.000364951	0.000364951	4124
18	12	1000	1000.911658	0.000911658	0.000911658	4124
18	13	1000	993.257965	-0.006742035	0.006742035	4124
18	14	1000	1009.859079	0.009859079	0.009859079	4124
18	15	1000	1000.911658	0.000911658	0.000911658	4124
18	16	1000	1006.022077	0.006022077	0.006022077	4124
18	17	1000	1007.300678	0.007300678	0.007300678	4124
18	18	1000	997.083024	-0.002916976	0.002916976	4124
18	19	1000	1003.466070	0.003466070	0.003466070	4124
18	20	5000	4934.140142	-0.013171972	0.013171972	4124
18	21	5000	5008.186530	0.001637306	0.001637306	4124
18	22	5000	5080.138191	0.016027638	0.016027638	4124
18	23	10000	9792.881217	-0.020711878	0.020711878	4124
19	0	1000	984.346695	-0.015653305	0.015653305	4124
19	1	1000	990.709909	-0.009290091	0.009290091	4124
19	2	1000	990.709909	-0.009290091	0.009290091	4124
19	3	1000	1020.108694	0.020108694	0.020108694	4124
19	4	1000	999.635049	-0.000364951	0.000364951	4124
19	5	1000	1003.466070	0.003466070	0.003466070	4124
19	6	1000	980.533506	-0.019466494	0.019466494	4124
19	7	1000	999.635049	-0.000364951	0.000364951	4124
19	8	1000	1003.466070	0.003466070	0.003466070	4124
19	9	1000	1007.300678	0.007300678	0.007300678	4124
19	10	1000	1000.911658	0.000911658	0.000911658	4124
19	11	1000	986.890795	-0.013109205	0.013109205	4124
19	12	1000	994.532588	-0.005467412	0.005467412	4124
19	13	1000	1016.262082	0.016262082	0.016262082	4124
19	14	1000	993.257965	-0.006742035	0.006742035	4124
19	15	1000	990.709909	-0.009290091	0.009290091	4124
19	16	1000	998.358838	-0.001641162	0.001641162	4124
19	17	1000	1004.743874	0.004743874	0.004743874	4124
19	18	1000	1006.022077	0.006022077	0.006022077	4124
19	19	1000	1003.466070	0.003466070	0.003466070	4124
19	20	5000	4867.967458	-0.026406508	0.026406508	4124
19	21	5000	5011.584290	0.002316858	0.002316858	4124
19	22	5000	5035.447861	0.007089572	0.007089572	4124
19	23	10000	9685.085522	-0.031491448	0.031491448	4124
20	0	1000	995.807607	-0.004192393	0.004192393	4124
20	1	1000	988.163437	-0.011836563	0.011836563	4124
20	2	1000	984.346695	-0.015653305	0.015653305	4124
20	3	1000	1013.699680	0.013699680	0.013699680	4124
20	4	1000	984.346695	-0.015653305	0.015653305	4124
20	5	1000	1009.859079	0.009859079	0.009859079	4124
20	6	1000	1003.466070	0.003466070	0.003466070	4124
20	7	1000	995.807607	-0.004192393	0.004192393	4124
20	8	1000	1007.300678	0.007300678	0.007300678	4124
20	9	1000	991.983739	-0.008016261	0.008016261	4124
20	10	1000	1002.188665	0.002188665	0.002188665	4124
20	11	1000	1012.419079	0.012419079	0.012419079	4124
20	12	1000	1004.743874	0.004743874	0.004743874	4124
20	13	1000	990.709909	-0.009290091	0.009290091	4124
20	14	1000	971.649847	-0.028350153	0.028350153	4124
20	15	1000	1003.466070	0.003466070	0.003466070	4124
20	16	1000	974.186070	-0.025813930	0.025813930	4124
20	17	1000	1014.980680	0.014980680	0.014980680	4124
20	18	1000	988.163437	-0.011836563	0.011836563	4124
20	19	1000	1012.419079	0.012419079	0.012419079	4124
20	20	5000	4960.911479	-0.007817704	0.007817704	4124
20	21	5000	4960.911479	-0.007817704	0.007817704	4124
20	22	5000	5052.578794	0.010515759	0.010515759	4124
20	23	10000	10052.136924	0.005213692	0.005213692	4124
21	0	1000	988.163437	-0.011836563	0.011836563	4124
21	1	1000	993.257965	-0.006742035	0.006742035	4124
21	2	1000	1008.579679	0.008579679	0.008579679	4124
21	3	1000	1003.466070	0.003466070	0.003466070	4124
21	4	1000	997.083024	-0.002916976	0.002916976	4124
21	5	1000	995.807607	-0.004192393	0.004192393	4124
21	6	1000	991.983739	-0.008016261	0.008016261	4124
21	7	1000	983.075238	-0.016924762	0.016924762	4124
21	8	1000	995.807607	-0.004192393	0.004192393	4124
21	9	1000	991.983739	-0.008016261	0.008016261	4124
21	10	1000	995.807607	-0.004192393	0.004192393	4124
21	11	1000	980.533506	-0.019466494	0.019466494	4124
21	12	1000	991.983739	-0.008016261	0.008016261	4124
21	13	1000	999.635049	-0.000364951	0.000364951	4124
21	14	1000	1000.911658	0.000911658	0.000911658	4124
21	15	1000	994.532588	-0.005467412	0.005467412	4124
21	16	1000	985.618547	-0.014381453	0.014381453	4124
21	17	1000	998.358838	-0.001641162	0.001641162	4124
21	18	1000	983.075238	-0.016924762	0.016924762	4124
21	19	1000	984.346695	-0.015653305	0.015653305	4124
21	20	5000	5181.624801	0.036324960	0.036324960	4124
21	21	5000	5056.013595	0.011202719	0.011202719	4124
21	22	5000	4984.480800	-0.003103840	0.003103840	4124
21	23	10000	10017.375753	0.001737575	0.001737575	4124
22	0	1000	998.358838	-0.001641162	0.001641162	4124
22	1	1000	976.723864	-0.023276136	0.023276136	4124
22	2	1000	1009.859079	0.009859079	0.009859079	4124
22	3	1000	1009.859079	0.009859079	0.009859079	4124
22	4	1000	985.618547	-0.014381453	0.014381453	4124
22	5	1000	1021.391701	0.021391701	0.021391701	4124
22	6	1000	1007.300678	0.007300678	0.007300678	4124
22	7	1000	997.083024	-0.002916976	0.002916976	4124
22	8	1000	1002.188665	0.002188665	0.002188665	4124
22	9	1000	1020.108694	0.020108694	0.020108694	4124
22	10	1000	998.358838	-0.001641162	0.001641162	4124
22	11	1000	994.532588	-0.005467412	0.005467412	4124
22	12	1000	1006.022077	0.006022077	0.006022077	4124
22	13	1000	1002.188665	0.002188665	0.002188665	4124
22	14	1000	981.804175	-0.018195825	0.018195825	4124
22	15	1000	998.358838	-0.001641162	0.001641162	4124
22	16	1000	979.263232	-0.020736768	0.020736768	4124
22	17	1000	986.890795	-0.013109205	0.013109205	4124
22	18	1000	1007.300678	0.007300678	0.007300678	4124
22	19	1000	995.807607	-0.004192393	0.004192393	4124
22	20	5000	5018.388278	0.003677656	0.003677656	4124
22	21	5000	5032.030256	0.006406051	0.006406051	4124
22	22	5000	4974.363051	-0.005127390	0.005127390	4124
22	23	10000	10206.273779	0.020627378	0.020627378	4124
23	0	1000	1009.859079	0.009859079	0.009859079	4124
23	1	1000	989.436475	-0.010563525	0.010563525	4124
23	2	1000	1003.466070	0.003466070	0.003466070	4124
23	3	1000	975.454771	-0.024545229	0.024545229	4124
23	4	1000	1011.138879	0.011138879	0.011138879	4124
23	5	1000	1022.675110	0.022675110	0.022675110	4124
23	6	1000	1007.300678	0.007300678	0.007300678	4124
23	7	1000	1008.579679	0.008579679	0.008579679	4124
23	8	1000	1002.188665	0.002188665	0.002188665	4124
23	9	1000	1003.466070	0.003466070	0.003466070	4124
23	10	1000	991.983739	-0.008016261	0.008016261	4124
23	11	1000	974.186070	-0.025813930	0.025813930	4124
23	12	1000	985.618547	-0.014381453	0.014381453	4124
23	13	1000	994.532588	-0.005467412	0.005467412	4124
23	14	1000	1004.743874	0.004743874	0.004743874	4124
23	15	1000	1007.300678	0.007300678	0.007300678	4124
23	16	1000	1021.391701	0.021391701	0.021391701	4124
23	17	1000	1021.391701	0.021391701	0.021391701	4124
23	18	1000	993.257965	-0.006742035	0.006742035	4124
23	19	1000	998.358838	-0.001641162	0.001641162	4124
23	20	5000	5008.186530	0.001637306	0.001637306	4124
23	21	5000	5014.984871	0.002996974	0.002996974	4124
23	22	5000	5028.615500	0.005723100	0.005723100	4124
23	23	10000	9971.481716	-0.002851828	0.002851828	4124
24	0	1000	1002.188665	0.002188665	0.002188665	4124
24	1	1000	999.635049	-0.000364951	0.000364951	4124
24	2	1000	993.257965	-0.006742035	0.006742035	4124
24	3	1000	1026.527751	0.026527751	0.026527751	4124
24	4	1000	997.083024	-0.002916976	0.002916976	4124
24	5	1000	1003.466070	0.003466070	0.003466070	4124
24	6	1000	1002.188665	0.002188665	0.002188665	4124
24	7	1000	1017.543884	0.017543884	0.017543884	4124
24	8	1000	1006.022077	0.006022077	0.006022077	4124
24	9	1000	1007.300678	0.007300678	0.007300678	4124
24	10	1000	1002.188665	0.002188665	0.002188665	4124
24	11	1000	1003.466070	0.003466070	0.003466070	4124
24	12	1000	990.709909	-0.009290091	0.009290091	4124
24	13	1000	1000.911658	0.000911658	0.000911658	4124
24	14	1000	990.709909	-0.009290091	0.009290091	4124
24	15	1000	974.186070	-0.025813930	0.025813930	4124
24	16	1000	1004.743874	0.004743874	0.004743874	4124
24	17	1000	1017.543884	0.017543884	0.017543884	4124
24	18	1000	972.917762	-0.027082238	0.027082238	4124
24	19	1000	985.618547	-0.014381453	0.014381453	4124
24	20	5000	5021.794515	0.004358903	0.004358903	4124
24	21	5000	5014.984871	0.002996974	0.002996974	4124
24	22	5000	4845.057291	-0.030988542	0.030988542	4124
24	23	10000	10028.930063	0.002893006	0.002893006	4124
25	0	1000	980.533506	-0.019466494	0.019466494	4124
25	1	1000	967.848454	-0.032151546	0.032151546	4124
25	2	1000	995.807607	-0.004192393	0.004192393	4124
25	3	1000	993.257965	-0.006742035	0.006742035	4124
25	4	1000	1002.188665	0.002188665	0.002188665	4124
25	5	1000	1007.300678	0.007300678	0.007300678	4124
25	6	1000	983.075238	-0.016924762	0.016924762	4124
25	7	1000	989.436475	-0.010563525	0.010563525	4124
25	8	1000	994.532588	-0.005467412	0.005467412	4124
25	9	1000	1020.108694	0.020108694	0.020108694	4124
25	10	1000	1006.022077	0.006022077	0.006022077	4124
25	11	1000	1006.022077	0.006022077	0.006022077	4124
25	12	1000	1007.300678	0.007300678	0.007300678	4124
25	13	1000	990.709909	-0.009290091	0.009290091	4124
25	14	1000	989.436475	-0.010563525	0.010563525	4124
25	15	1000	1004.743874	0.004743874	0.004743874	4124
25	16	1000	983.075238	-0.016924762	0.016924762	4124
25	17	1000	980.533506	-0.019466494	0.019466494	4124
25	18	1000	1008.579679	0.008579679	0.008579679	4124
25	19	1000	1022.675110	0.022675110	0.022675110	4124
25	20	5000	5045.717821	0.009143564	0.009143564	4124
25	21	5000	5042.291639	0.008458328	0.008458328	4124
25	22	5000	4991.239877	-0.001752025	0.001752025	4124
25	23	10000	9937.395527	-0.006260447	0.006260447	4124
26	0	1000	1017.543884	0.017543884	0.017543884	4124
26	1	1000	1003.466070	0.003466070	0.003466070	4124
26	2	1000	1007.300678	0.007300678	0.007300678	4124
26	3	1000	1021.391701	0.021391701	0.021391701	4124
26	4	1000	986.890795	-0.013109205	0.013109205	4124
26	5	1000	1000.911658	0.000911658	0.000911658	4124
26	6	1000	990.709909	-0.009290091	0.009290091	4124
26	7	1000	1014.980680	0.014980680	0.014980680	4124
26	8	1000	988.163437	-0.011836563	0.011836563	4124
26	9	1000	999.635049	-0.000364951	0.000364951	4124
26	10	1000	1003.466070	0.003466070	0.003466070	4124
26	11	1000	997.083024	-0.002916976	0.002916976	4124
26	12	1000	998.358838	-0.001641162	0.001641162	4124
26	13	1000	1017.543884	0.017543884	0.017543884	4124
26	14	1000	999.635049	-0.000364951	0.000364951	4124
26	15	1000	1020.108694	0.020108694	0.020108694	4124
26	16	1000	991.983739	-0.008016261	0.008016261	4124
26	17	1000	993.257965	-0.006742035	0.006742035	4124
26	18	1000	986.890795	-0.013109205	0.013109205	4124
26	19	1000	976.723864	-0.023276136	0.023276136	4124
26	20	5000	5011.584290	0.002316858	0.002316858	4124
26	21	5000	4954.202223	-0.009159555	0.009159555	4124
26	22	5000	4967.631743	-0.006473651	0.006473651	4124
26	23	10000	10017.375753	0.001737575	0.001737575	4124
27	0	1000	990.709909	-0.009290091	0.009290091	4124
27	1	1000	998.358838	-0.001641162	0.001641162	4124
27	2	1000	1009.859079	0.009859079	0.009859079	4124
27	3	1000	1013.699680	0.013699680	0.013699680	4124
27	4	1000	993.257965	-0.006742035	0.006742035	4124
27	5	1000	989.436475	-0.010563525	0.010563525	4124
27	6	1000	1022.675110	0.022675110	0.022675110	4124
27	7	1000	988.163437	-0.011836563	0.011836563	4124
27	8	1000	990.709909	-0.009290091	0.009290091	4124
27	9	1000	1000.911658	0.000911658	0.000911658	4124
27	10	1000	1008.579679	0.008579679	0.008579679	4124
27	11	1000	1011.138879	0.011138879	0.011138879	4124
27	12	1000	995.807607	-0.004192393	0.004192393	4124
27	13	1000	1004.743874	0.004743874	0.004743874	4124
27	14	1000	1002.188665	0.002188665	0.002188665	4124
27	15	1000	1000.911658	0.000911658	0.000911658	4124
27	16	1000	999.635049	-0.000364951	0.000364951	4124
27	17	1000	990.709909	-0.009290091	0.009290091	4124
27	18	1000	1000.911658	0.000911658	0.000911658	4124
27	19	1000	1006.022077	0.006022077	0.006022077	4124
27	20	5000	4934.140142	-0.013171972	0.013171972	4124
27	21	5000	5069.781675	0.013956335	0.013956335	4124
27	22	5000	4984.480800	-0.003103840	0.003103840	4124
27	23	10000	9738.628768	-0.026137123	0.026137123	4124
28	0	1000	999.635049	-0.000364951	0.000364951	4124
28	1	1000	988.163437	-0.011836563	0.011836563	4124
28	2	1000	1006.022077	0.006022077	0.006022077	4124
28	3	1000	1000.911658	0.000911658	0.000911658	4124
28	4	1000	1008.579679	0.008579679	0.008579679	4124
28	5	1000	990.709909	-0.009290091	0.009290091	4124
28	6	1000	1011.138879	0.011138879	0.011138879	4124
28	7	1000	991.983739	-0.008016261	0.008016261	4124
28	8	1000	1004.743874	0.004743874	0.004743874	4124
28	9	1000	1006.022077	0.006022077	0.006022077	4124
28	10	1000	1008.579679	0.008579679	0.008579679	4124
28	11	1000	1018.826088	0.018826088	0.018826088	4124
28	12	1000	1000.911658	0.000911658	0.000911658	4124
28	13	1000	980.533506	-0.019466494	0.019466494	4124
28	14	1000	994.532588	-0.005467412	0.005467412	4124
28	15	1000	995.807607	-0.004192393	0.004192393	4124
28	16	1000	1002.188665	0.002188665	0.002188665	4124
28	17	1000	975.454771	-0.024545229	0.024545229	4124
28	18	1000	999.635049	-0.000364951	0.000364951	4124
28	19	1000	1017.543884	0.017543884	0.017543884	4124
28	20	5000	5093.987740	0.018797548	0.018797548	4124
28	21	5000	4917.496478	-0.016500704	0.016500704	4124
28	22	5000	5018.388278	0.003677656	0.003677656	4124
28	23	10000	10087.195626	0.008719563	0.008719563	4124
29	0	1000	1013.699680	0.013699680	0.013699680	4124
29	1	1000	993.257965	-0.006742035	0.006742035	4124
29	2	1000	1014.980680	0.014980680	0.014980680	4124
29	3	1000	1009.859079	0.009859079	0.009859079	4124
29	4	1000	998.358838	-0.001641162	0.001641162	4124
29	5	1000	988.163437	-0.011836563	0.011836563	4124
29	6	1000	994.532588	-0.005467412	0.005467412	4124
29	7	1000	994.532588	-0.005467412	0.005467412	4124
29	8	1000	1009.859079	0.009859079	0.009859079	4124
29	9	1000	999.635049	-0.000364951	0.000364951	4124
29	10	1000	1008.579679	0.008579679	0.008579679	4124
29	11	1000	1003.466070	0.003466070	0.003466070	4124
29	12	1000	1016.262082	0.016262082	0.016262082	4124
29	13	1000	997.083024	-0.002916976	0.002916976	4124
29	14	1000	1002.188665	0.002188665	0.002188665	4124
29	15	1000	1018.826088	0.018826088	0.018826088	4124
29	16	1000	1004.743874	0.004743874	0.004743874	4124
29	17	1000	981.804175	-0.018195825	0.018195825	4124
29	18	1000	1021.391701	0.021391701	0.021391701	4124
29	19	1000	999.635049	-0.000364951	0.000364951	4124
29	20	5000	5121.828119	0.024365624	0.024365624	4124
29	21	5000	4984.480800	-0.003103840	0.003103840	4124
29	22	5000	5059.451279	0.011890256	0.011890256	4124
29	23	10000	10170.185440	0.017018544	0.017018544	4124
30	0	1000	1009.859079	0.009859079	0.009859079	4124
30	1	1000	1007.300678	0.007300678	0.007300678	4124
30	2	1000	1004.743874	0.004743874	0.004743874	4124
30	3	1000	1029.098194	0.029098194	0.029098194	4124
30	4	1000	1007.300678	0.007300678	0.007300678	4124
30	5	1000	991.983739	-0.008016261	0.008016261	4124
30	6	1000	1000.911658	0.000911658	0.000911658	4124
30	7	1000	985.618547	-0.014381453	0.014381453	4124
30	8	1000	1039.396125	0.039396125	0.039396125	4124
30	9	1000	1004.743874	0.004743874	0.004743874	4124
30	10	1000	1011.138879	0.011138879	0.011138879	4124
30	11	1000	1004.743874	0.004743874	0.004743874	4124
30	12	1000	994.532588	-0.005467412	0.005467412	4124
30	13	1000	1007.300678	0.007300678	0.007300678	4124
30	14	1000	985.618547	-0.014381453	0.014381453	4124
30	15	1000	1009.859079	0.009859079	0.009859079	4124
30	16	1000	999.635049	-0.000364951	0.000364951	4124
30	17	1000	995.807607	-0.004192393	0.004192393	4124
30	18	1000	990.709909	-0.009290091	0.009290091	4124
30	19	1000	1004.743874	0.004743874	0.004743874	4124
30	20	5000	4974.363051	-0.005127390	0.005127390	4124
30	21	5000	4994.623603	-0.001075279	0.001075279	4124
30	22	5000	5018.388278	0.003677656	0.003677656	4124
30	23	10000	9982.907107	-0.001709289	0.001709289	4124
31	0	1000	1000.911658	0.000911658	0.000911658	4124
31	1	1000	994.532588	-0.005467412	0.005467412	4124
31	2	1000	988.163437	-0.011836563	0.011836563	4124
31	3	1000	1006.022077	0.006022077	0.006022077	4124
31	4	1000	1017.543884	0.017543884	0.017543884	4124
31	5	1000	994.532588	-0.005467412	0.005467412	4124
31	6	1000	974.186070	-0.025813930	0.025813930	4124
31	7	1000	1012.419079	0.012419079	0.012419079	4124
31	8	1000	980.533506	-0.019466494	0.019466494	4124
31	9	1000	995.807607	-0.004192393	0.004192393	4124
31	10	1000	1009.859079	0.009859079	0.009859079	4124
31	11	1000	997.083024	-0.002916976	0.002916976	4124
31	12	1000	1012.419079	0.012419079	0.012419079	4124
31	13	1000	993.257965	-0.006742035	0.006742035	4124
31	14	1000	999.635049	-0.000364951	0.000364951	4124
31	15	1000	1003.466070	0.003466070	0.003466070	4124
31	16	1000	1004.743874	0.004743874	0.004743874	4124
31	17	1000	1012.419079	0.012419079	0.012419079	4124
31	18	1000	1006.022077	0.006022077	0.006022077	4124
31	19	1000	1002.188665	0.002188665	0.002188665	4124
31	20	5000	5107.884276	0.021576855	0.021576855	4124
31	21	5000	5032.030256	0.006406051	0.006406051	4124
31	22	5000	5032.030256	0.006406051	0.006406051	4124
31	23	10000	10341.386479	0.034138648	0.034138648	4124
32	0	1000	999.635049	-0.000364951	0.000364951	4124
32	1	1000	997.083024	-0.002916976	0.002916976	4124
32	2	1000	995.807607	-0.004192393	0.004192393	4124
32	3	1000	997.083024	-0.002916976	0.002916976	4124
32	4	1000	1006.022077	0.006022077	0.006022077	4124
32	5	1000	1007.300678	0.007300678	0.007300678	4124
32	6	1000	1020.108694	0.020108694	0.020108694	4124
32	7	1000	991.983739	-0.008016261	0.008016261	4124
32	8	1000	1009.859079	0.009859079	0.009859079	4124
32	9	1000	1000.911658	0.000911658	0.000911658	4124
32	10	1000	1007.300678	0.007300678	0.007300678	4124
32	11	1000	1006.022077	0.006022077	0.006022077	4124
32	12	1000	1004.743874	0.004743874	0.004743874	4124
32	13	1000	990.709909	-0.009290091	0.009290091	4124
32	14	1000	998.358838	-0.001641162	0.001641162	4124
32	15	1000	986.890795	-0.013109205	0.013109205	4124
32	16	1000	999.635049	-0.000364951	0.000364951	4124
32	17	1000	1002.188665	0.002188665	0.002188665	4124
32	18	1000	1011.138879	0.011138879	0.011138879	4124
32	19	1000	994.532588	-0.005467412	0.005467412	4124
32	20	5000	5028.615500	0.005723100	0.005723100	4124
32	21	5000	5021.794515	0.004358903	0.004358903	4124
32	22	5000	5001.399453	0.000279891	0.000279891	4124
32	23	10000	10304.093353	0.030409335	0.030409335	4124
33	0	1000	1011.138879	0.011138879	0.011138879	4124
33	1	1000	1004.743874	0.004743874	0.004743874	4124
33	2	1000	990.709909	-0.009290091	0.009290091	4124
33	3	1000	1012.419079	0.012419079	0.012419079	4124
33	4	1000	985.618547	-0.014381453	0.014381453	4124
33	5	1000	988.163437	-0.011836563	0.011836563	4124
33	6	1000	997.083024	-0.002916976	0.002916976	4124
33	7	1000	995.807607	-0.004192393	0.004192393	4124
33	8	1000	1006.022077	0.006022077	0.006022077	4124
33	9	1000	994.532588	-0.005467412	0.005467412	4124
33	10	1000	986.890795	-0.013109205	0.013109205	4124
33	11	1000	999.635049	-0.000364951	0.000364951	4124
33	12	1000	993.257965	-0.006742035	0.006742035	4124
33	13	1000	998.358838	-0.001641162	0.001641162	4124
33	14	1000	1004.743874	0.004743874	0.004743874	4124
33	15	1000	997.083024	-0.002916976	0.002916976	4124
33	16	1000	994.532588	-0.005467412	0.005467412	4124
33	17	1000	979.263232	-0.020736768	0.020736768	4124
33	18	1000	1017.543884	0.017543884	0.017543884	4124
33	19	1000	999.635049	-0.000364951	0.000364951	4124
33	20	5000	4940.816590	-0.011836682	0.011836682	4124
33	21	5000	4904.230070	-0.019153986	0.019153986	4124
33	22	5000	4904.230070	-0.019153986	0.019153986	4124
33	23	10000	10182.179592	0.018217959	0.018217959	4124
34	0	1000	997.083024	-0.002916976	0.002916976	4124
34	1	1000	1013.699680	0.013699680	0.013699680	4124
34	2	1000	981.804175	-0.018195825	0.018195825	4124
34	3	1000	1018.826088	0.018826088	0.018826088	4124
34	4	1000	993.257965	-0.006742035	0.006742035	4124
34	5	1000	988.163437	-0.011836563	0.011836563	4124
34	6	1000	997.083024	-0.002916976	0.002916976	4124
34	7	1000	1007.300678	0.007300678	0.007300678	4124
34	8	1000	962.785413	-0.037214587	0.037214587	4124
34	9	1000	991.983739	-0.008016261	0.008016261	4124
34	10	1000	1009.859079	0.009859079	0.009859079	4124
34	11	1000	988.163437	-0.011836563	0.011836563	4124
34	12	1000	1018.826088	0.018826088	0.018826088	4124
34	13	1000	997.083024	-0.002916976	0.002916976	4124
34	14	1000	991.983739	-0.008016261	0.008016261	4124
34	15	1000	1006.022077	0.006022077	0.006022077	4124
34	16	1000	997.083024	-0.002916976	0.002916976	4124
34	17	1000	1017.543884	0.017543884	0.017543884	4124
34	18	1000	1016.262082	0.016262082	0.016262082	4124
34	19	1000	1017.543884	0.017543884	0.017543884	4124
34	20	5000	4934.140142	-0.013171972	0.013171972	4124
34	21	5000	4970.996014	-0.005800797	0.005800797	4124
34	22	5000	5004.791585	0.000958317	0.000958317	4124
34	23	10000	9738.628768	-0.026137123	0.026137123	4124
35	0	1000	999.635049	-0.000364951	0.000364951	4124
35	1	1000	1008.579679	0.008579679	0.008579679	4124
35	2	1000	988.163437	-0.011836563	0.011836563	4124
35	3	1000	1013.699680	0.013699680	0.013699680	4124
35	4	1000	980.533506	-0.019466494	0.019466494	4124
35	5	1000	1012.419079	0.012419079	0.012419079	4124
35	6	1000	1003.466070	0.003466070	0.003466070	4124
35	7	1000	1014.980680	0.014980680	0.014980680	4124
35	8	1000	986.890795	-0.013109205	0.013109205	4124
35	9	1000	983.075238	-0.016924762	0.016924762	4124
35	10	1000	1016.262082	0.016262082	0.016262082	4124
35	11	1000	1027.812771	0.027812771	0.027812771	4124
35	12	1000	1002.188665	0.002188665	0.002188665	4124
35	13	1000	998.358838	-0.001641162	0.001641162	4124
35	14	1000	1012.419079	0.012419079	0.012419079	4124
35	15	1000	986.890795	-0.013109205	0.013109205	4124
35	16	1000	986.890795	-0.013109205	0.013109205	4124
35	17	1000	983.075238	-0.016924762	0.016924762	4124
35	18	1000	993.257965	-0.006742035	0.006742035	4124
35	19	1000	1012.419079	0.012419079	0.012419079	4124
35	20	5000	5087.057112	0.017411422	0.017411422	4124
35	21	5000	5052.578794	0.010515759	0.010515759	4124
35	22	5000	5004.791585	0.000958317	0.000958317	4124
35	23	10000	9937.395527	-0.006260447	0.006260447	4124
36	0	1000	988.163437	-0.011836563	0.011836563	4124
36	1	1000	1006.022077	0.006022077	0.006022077	4124
36	2	1000	1004.743874	0.004743874	0.004743874	4124
36	3	1000	994.532588	-0.005467412	0.005467412	4124
36	4	1000	998.358838	-0.001641162	0.001641162	4124
36	5	1000	994.532588	-0.005467412	0.005467412	4124
36	6	1000	1003.466070	0.003466070	0.003466070	4124
36	7	1000	1008.579679	0.008579679	0.008579679	4124
36	8	1000	1004.743874	0.004743874	0.004743874	4124
36	9	1000	999.635049	-0.000364951	0.000364951	4124
36	10	1000	1004.743874	0.004743874	0.004743874	4124
36	11	1000	979.263232	-0.020736768	0.020736768	4124
36	12	1000	1000.911658	0.000911658	0.000911658	4124
36	13	1000	1004.743874	0.004743874	0.004743874	4124
36	14	1000	1008.579679	0.008579679	0.008579679	4124
36	15	1000	985.618547	-0.014381453	0.014381453	4124
36	16	1000	1016.262082	0.016262082	0.016262082	4124
36	17	1000	1003.466070	0.003466070	0.003466070	4124
36	18	1000	1003.466070	0.003466070	0.003466070	4124
36	19	1000	1013.699680	0.013699680	0.013699680	4124
36	20	5000	5139.324942	0.027864988	0.027864988	4124
36	21	5000	4964.270233	-0.007145953	0.007145953	4124
36	22	5000	4867.967458	-0.026406508	0.026406508	4124
36	23	10000	9781.973088	-0.021802691	0.021802691	4124
37	0	1000	1003.466070	0.003466070	0.003466070	4124
37	1	1000	1004.743874	0.004743874	0.004743874	4124
37	2	1000	1000.911658	0.000911658	0.000911658	4124
37	3	1000	966.582107	-0.033417893	0.033417893	4124
37	4	1000	1006.022077	0.006022077	0.006022077	4124
37	5	1000	997.083024	-0.002916976	0.002916976	4124
37	6	1000	984.346695	-0.015653305	0.015653305	4124
37	7	1000	984.346695	-0.015653305	0.015653305	4124
37	8	1000	997.083024	-0.002916976	0.002916976	4124
37	9	1000	1003.466070	0.003466070	0.003466070	4124
37	10	1000	995.807607	-0.004192393	0.004192393	4124
37	11	1000	997.083024	-0.002916976	0.002916976	4124
37	12	1000	1013.699680	0.013699680	0.013699680	4124
37	13	1000	989.436475	-0.010563525	0.010563525	4124
37	14	1000	997.083024	-0.002916976	0.002916976	4124
37	15	1000	998.358838	-0.001641162	0.001641162	4124
37	16	1000	998.358838	-0.001641162	0.001641162	4124
37	17	1000	1007.300678	0.007300678	0.007300678	4124
37	18	1000	998.358838	-0.001641162	0.001641162	4124
37	19	1000	994.532588	-0.005467412	0.005467412	4124
37	20	5000	4981.105439	-0.003778912	0.003778912	4124
37	21	5000	4981.105439	-0.003778912	0.003778912	4124
37	22	5000	4987.858944	-0.002428211	0.002428211	4124
37	23	10000	9971.481716	-0.002851828	0.002851828	4124
38	0	1000	993.257965	-0.006742035	0.006742035	4124
38	1	1000	1002.188665	0.002188665	0.002188665	4124
38	2	1000	997.083024	-0.002916976	0.002916976	4124
38	3	1000	989.436475	-0.010563525	0.010563525	4124
38	4	1000	1008.579679	0.008579679	0.008579679	4124
38	5	1000	1002.188665	0.002188665	0.002188665	4124
38	6	1000	1011.138879	0.011138879	0.011138879	4124
38	7	1000	1008.579679	0.008579679	0.008579679	4124
38	8	1000	998.358838	-0.001641162	0.001641162	4124
38	9	1000	1016.262082	0.016262082	0.016262082	4124
38	10	1000	1016.262082	0.016262082	0.016262082	4124
38	11	1000	1004.743874	0.004743874	0.004743874	4124
38	12	1000	1018.826088	0.018826088	0.018826088	4124
38	13	1000	999.635049	-0.000364951	0.000364951	4124
38	14	1000	986.890795	-0.013109205	0.013109205	4124
38	15	1000	1004.743874	0.004743874	0.004743874	4124
38	16	1000	1006.022077	0.006022077	0.006022077	4124
38	17	1000	1006.022077	0.006022077	0.006022077	4124
38	18	1000	1009.859079	0.009859079	0.009859079	4124
38	19	1000	997.083024	-0.002916976	0.002916976	4124
38	20	5000	5025.203588	0.005040718	0.005040718	4124
38	21	5000	4845.057291	-0.030988542	0.030988542	4124
38	22	5000	4994.623603	-0.001075279	0.001075279	4124
38	23	10000	9771.093931	-0.022890607	0.022890607	4124
39	0	1000	1007.300678	0.007300678	0.007300678	4124
39	1	1000	997.083024	-0.002916976	0.002916976	4124
39	2	1000	1016.262082	0.016262082	0.016262082	4124
39	3	1000	985.618547	-0.014381453	0.014381453	4124
39	4	1000	998.358838	-0.001641162	0.001641162	4124
39	5	1000	1004.743874	0.004743874	0.004743874	4124
39	6	1000	995.807607	-0.004192393	0.004192393	4124
39	7	1000	986.890795	-0.013109205	0.013109205	4124
39	8	1000	1003.466070	0.003466070	0.003466070	4124
39	9	1000	1007.300678	0.007300678	0.007300678	4124
39	10	1000	1006.022077	0.006022077	0.006022077	4124
39	11	1000	979.263232	-0.020736768	0.020736768	4124
39	12	1000	1020.108694	0.020108694	0.020108694	4124
39	13	1000	1018.826088	0.018826088	0.018826088	4124
39	14	1000	994.532588	-0.005467412	0.005467412	4124
39	15	1000	1016.262082	0.016262082	0.016262082	4124
39	16	1000	990.709909	-0.009290091	0.009290091	4124
39	17	1000	1011.138879	0.011138879	0.011138879	4124
39	18	1000	1017.543884	0.017543884	0.017543884	4124
39	19	1000	1002.188665	0.002188665	0.002188665	4124
39	20	5000	5001.399453	0.000279891	0.000279891	4124
39	21	5000	5001.399453	0.000279891	0.000279891	4124
39	22	5000	5011.584290	0.002316858	0.002316858	4124
39	23	10000	10230.510536	0.023051054	0.023051054	4124
40	0	1000	1000.911658	0.000911658	0.000911658	4124
40	1	1000	1002.188665	0.002188665	0.002188665	4124
40	2	1000	985.618547	-0.014381453	0.014381453	4124
40	3	1000	994.532588	-0.005467412	0.005467412	4124
40	4	1000	1004.743874	0.004743874	0.004743874	4124
40	5	1000	997.083024	-0.002916976	0.002916976	4124
40	6	1000	994.532588	-0.005467412	0.005467412	4124
40	7	1000	995.807607	-0.004192393	0.004192393	4124
40	8	1000	994.532588	-0.005467412	0.005467412	4124
40	9	1000	990.709909	-0.009290091	0.009290091	4124
40	10	1000	1004.743874	0.004743874	0.004743874	4124
40	11	1000	1009.859079	0.009859079	0.009859079	4124
40	12	1000	991.983739	-0.008016261	0.008016261	4124
40	13	1000	985.618547	-0.014381453	0.014381453	4124
40	14	1000	1000.911658	0.000911658	0.000911658	4124
40	15	1000	1000.911658	0.000911658	0.000911658	4124
40	16	1000	979.263232	-0.020736768	0.020736768	4124
40	17	1000	993.257965	-0.006742035	0.006742035	4124
40	18	1000	1011.138879	0.011138879	0.011138879	4124
40	19	1000	981.804175	-0.018195825	0.018195825	4124
40	20	5000	5021.794515	0.004358903	0.004358903	4124
40	21	5000	5014.984871	0.002996974	0.002996974	4124
40	22	5000	4970.996014	-0.005800797	0.005800797	4124
40	23	10000	9926.096210	-0.007390379	0.007390379	4124
41	0	1000	1016.262082	0.016262082	0.016262082	4124
41	1	1000	997.083024	-0.002916976	0.002916976	4124
41	2	1000	985.618547	-0.014381453	0.014381453	4124
41	3	1000	985.618547	-0.014381453	0.014381453	4124
41	4	1000	1004.743874	0.004743874	0.004743874	4124
41	5	1000	998.358838	-0.001641162	0.001641162	4124
41	6	1000	991.983739	-0.008016261	0.008016261	4124
41	7	1000	990.709909	-0.009290091	0.009290091	4124
41	8	1000	1011.138879	0.011138879	0.011138879	4124
41	9	1000	1013.699680	0.013699680	0.013699680	4124
41	10	1000	989.436475	-0.010563525	0.010563525	4124
41	11	1000	999.635049	-0.000364951	0.000364951	4124
41	12	1000	1000.911658	0.000911658	0.000911658	4124
41	13	1000	1009.859079	0.009859079	0.009859079	4124
41	14	1000	998.358838	-0.001641162	0.001641162	4124
41	15	1000	997.083024	-0.002916976	0.002916976	4124
41	16	1000	1020.108694	0.020108694	0.020108694	4124
41	17	1000	1008.579679	0.008579679	0.008579679	4124
41	18	1000	1016.262082	0.016262082	0.016262082	4124
41	19	1000	993.257965	-0.006742035	0.006742035	4124
41	20	5000	5028.615500	0.005723100	0.005723100	4124
41	21	5000	5059.451279	0.011890256	0.011890256	4124
41	22	5000	4904.230070	-0.019153986	0.019153986	4124
41	23	10000	9960.088106	-0.003991189	0.003991189	4124
42	0	1000	993.257965	-0.006742035	0.006742035	4124
42	1	1000	998.358838	-0.001641162	0.001641162	4124
42	2	1000	1002.188665	0.002188665	0.002188665	4124
42	3	1000	1011.138879	0.011138879	0.011138879	4124
42	4	1000	993.257965	-0.006742035	0.006742035	4124
42	5	1000	1014.980680	0.014980680	0.014980680	4124
42	6	1000	1013.699680	0.013699680	0.013699680	4124
42	7	1000	994.532588	-0.005467412	0.005467412	4124
42	8	1000	1025.243135	0.025243135	0.025243135	4124
42	9	1000	976.723864	-0.023276136	0.023276136	4124
42	10	1000	1014.980680	0.014980680	0.014980680	4124
42	11	1000	1011.138879	0.011138879	0.011138879	4124
42	12	1000	1012.419079	0.012419079	0.012419079	4124
42	13	1000	1013.699680	0.013699680	0.013699680	4124
42	14	1000	988.163437	-0.011836563	0.011836563	4124
42	15	1000	1009.859079	0.009859079	0.009859079	4124
42	16	1000	999.635049	-0.000364951	0.000364951	4124
42	17	1000	994.532588	-0.005467412	0.005467412	4124
42	18	1000	991.983739	-0.008016261	0.008016261	4124
42	19	1000	1011.138879	0.011138879	0.011138879	4124
42	20	5000	4904.230070	-0.019153986	0.019153986	4124
42	21	5000	4981.105439	-0.003778912	0.003778912	4124
42	22	5000	4894.308385	-0.021138323	0.021138323	4124
42	23	10000	10341.386479	0.034138648	0.034138648	4124
43	0	1000	1007.300678	0.007300678	0.007300678	4124
43	1	1000	1008.579679	0.008579679	0.008579679	4124
43	2	1000	998.358838	-0.001641162	0.001641162	4124
43	3	1000	983.075238	-0.016924762	0.016924762	4124
43	4	1000	999.635049	-0.000364951	0.000364951	4124
43	5	1000	1013.699680	0.013699680	0.013699680	4124
43	6	1000	1007.300678	0.007300678	0.007300678	4124
43	7	1000	1004.743874	0.004743874	0.004743874	4124
43	8	1000	1013.699680	0.013699680	0.013699680	4124
43	9	1000	1016.262082	0.016262082	0.016262082	4124
43	10	1000	989.436475	-0.010563525	0.010563525	4124
43	11	1000	991.983739	-0.008016261	0.008016261	4124
43	12	1000	1014.980680	0.014980680	0.014980680	4124
43	13	1000	1014.980680	0.014980680	0.014980680	4124
43	14	1000	981.804175	-0.018195825	0.018195825	4124
43	15	1000	998.358838	-0.001641162	0.001641162	4124
43	16	1000	1023.958921	0.023958921	0.023958921	4124
43	17	1000	991.983739	-0.008016261	0.008016261	4124
43	18	1000	1022.675110	0.022675110	0.022675110	4124
43	19	1000	997.083024	-0.002916976	0.002916976	4124
43	20	5000	5045.717821	0.009143564	0.009143564	4124
43	21	5000	5014.984871	0.002996974	0.002996974	4124
43	22	5000	4957.555477	-0.008488905	0.008488905	4124
43	23	10000	9814.785012	-0.018521499	0.018521499	4124
44	0	1000	983.075238	-0.016924762	0.016924762	4124
44	1	1000	1006.022077	0.006022077	0.006022077	4124
44	2	1000	1013.699680	0.013699680	0.013699680	4124
44	3	1000	1031.670251	0.031670251	0.031670251	4124
44	4	1000	1003.466070	0.003466070	0.003466070	4124
44	5	1000	989.436475	-0.010563525	0.010563525	4124
44	6	1000	1003.466070	0.003466070	0.003466070	4124
44	7	1000	995.807607	-0.004192393	0.004192393	4124
44	8	1000	983.075238	-0.016924762	0.016924762	4124
44	9	1000	990.709909	-0.009290091	0.009290091	4124
44	10	1000	994.532588	-0.005467412	0.005467412	4124
44	11	1000	985.618547	-0.014381453	0.014381453	4124
44	12	1000	1007.300678	0.007300678	0.007300678	4124
44	13	1000	1006.022077	0.006022077	0.006022077	4124
44	14	1000	1008.579679	0.008579679	0.008579679	4124
44	15	1000	985.618547	-0.014381453	0.014381453	4124
44	16	1000	994.532588	-0.005467412	0.005467412	4124
44	17	1000	985.618547	-0.014381453	0.014381453	4124
44	18	1000	995.807607	-0.004192393	0.004192393	4124
44	19	1000	1000.911658	0.000911658	0.000911658	4124
44	20	5000	5038.868321	0.007773664	0.007773664	4124
44	21	5000	4987.858944	-0.002428211	0.002428211	4124
44	22	5000	4967.631743	-0.006473651	0.006473651	4124
44	23	10000	10279.418580	0.027941858	0.027941858	4124
45	0	1000	999.635049	-0.000364951	0.000364951	4124
45	1	1000	976.723864	-0.023276136	0.023276136	4124
45	2	1000	1012.419079	0.012419079	0.012419079	4124
45	3	1000	1012.419079	0.012419079	0.012419079	4124
45	4	1000	1021.391701	0.021391701	0.021391701	4124
45	5	1000	1002.188665	0.002188665	0.002188665	4124
45	6	1000	1011.138879	0.011138879	0.011138879	4124
45	7	1000	1007.300678	0.007300678	0.007300678	4124
45	8	1000	984.346695	-0.015653305	0.015653305	4124
45	9	1000	984.346695	-0.015653305	0.015653305	4124
45	10	1000	1014.980680	0.014980680	0.014980680	4124
45	11	1000	1016.262082	0.016262082	0.016262082	4124
45	12	1000	1002.188665	0.002188665	0.002188665	4124
45	13	1000	999.635049	-0.000364951	0.000364951	4124
45	14	1000	1013.699680	0.013699680	0.013699680	4124
45	15	1000	1025.243135	0.025243135	0.025243135	4124
45	16	1000	998.358838	-0.001641162	0.001641162	4124
45	17	1000	1014.980680	0.014980680	0.014980680	4124
45	18	1000	1011.138879	0.011138879	0.011138879	4124
45	19	1000	991.983739	-0.008016261	0.008016261	4124
45	20	5000	5052.578794	0.010515759	0.010515759	4124
45	21	5000	5052.578794	0.010515759	0.010515759	4124
45	22	5000	4964.270233	-0.007145953	0.007145953	4124
45	23	10000	10017.375753	0.001737575	0.001737575	4124
46	0	1000	986.890795	-0.013109205	0.013109205	4124
46	1	1000	1026.527751	0.026527751	0.026527751	4124
46	2	1000	997.083024	-0.002916976	0.002916976	4124
46	3	1000	1013.699680	0.013699680	0.013699680	4124
46	4	1000	1006.022077	0.006022077	0.006022077	4124
46	5	1000	999.635049	-0.000364951	0.000364951	4124
46	6	1000	1008.579679	0.008579679	0.008579679	4124
46	7	1000	1014.980680	0.014980680	0.014980680	4124
46	8	1000	989.436475	-0.010563525	0.010563525	4124
46	9	1000	993.257965	-0.006742035	0.006742035	4124
46	10	1000	1004.743874	0.004743874	0.004743874	4124
46	11	1000	1020.108694	0.020108694	0.020108694	4124
46	12	1000	997.083024	-0.002916976	0.002916976	4124
46	13	1000	1007.300678	0.007300678	0.007300678	4124
46	14	1000	997.083024	-0.002916976	0.002916976	4124
46	15	1000	985.618547	-0.014381453	0.014381453	4124
46	16	1000	993.257965	-0.006742035	0.006742035	4124
46	17	1000	993.257965	-0.006742035	0.006742035	4124
46	18	1000	994.532588	-0.005467412	0.005467412	4124
46	19	1000	1007.300678	0.007300678	0.007300678	4124
46	20	5000	4974.363051	-0.005127390	0.005127390	4124
46	21	5000	5069.781675	0.013956335	0.013956335	4124
46	22	5000	5035.447861	0.007089572	0.007089572	4124
46	23	10000	9781.973088	-0.021802691	0.021802691	4124
47	0	1000	988.163437	-0.011836563	0.011836563	4124
47	1	1000	997.083024	-0.002916976	0.002916976	4124
47	2	1000	1008.579679	0.008579679	0.008579679	4124
47	3	1000	1007.300678	0.007300678	0.007300678	4124
47	4	1000	993.257965	-0.006742035	0.006742035	4124
47	5	1000	997.083024	-0.002916976	0.002916976	4124
47	6	1000	1002.188665	0.002188665	0.002188665	4124
47	7	1000	990.709909	-0.009290091	0.009290091	4124
47	8	1000	995.807607	-0.004192393	0.004192393	4124
47	9	1000	1023.958921	0.023958921	0.023958921	4124
47	10	1000	991.983739	-0.008016261	0.008016261	4124
47	11	1000	995.807607	-0.004192393	0.004192393	4124
47	12	1000	994.532588	-0.005467412	0.005467412	4124
47	13	1000	1022.675110	0.022675110	0.022675110	4124
47	14	1000	1006.022077	0.006022077	0.006022077	4124
47	15	1000	995.807607	-0.004192393	0.004192393	4124
47	16	1000	981.804175	-0.018195825	0.018195825	4124
47	17	1000	1011.138879	0.011138879	0.011138879	4124
47	18	1000	1006.022077	0.006022077	0.006022077	4124
47	19	1000	1012.419079	0.012419079	0.012419079	4124
47	20	5000	5076.683109	0.015336622	0.015336622	4124
47	21	5000	4974.363051	-0.005127390	0.005127390	4124
47	22	5000	4927.474558	-0.014505088	0.014505088	4124
47	23	10000	10098.948862	0.009894886	0.009894886	4124
48	0	1000	1004.743874	0.004743874	0.004743874	4124
48	1	1000	1020.108694	0.020108694	0.020108694	4124
48	2	1000	988.163437	-0.011836563	0.011836563	4124
48	3	1000	1006.022077	0.006022077	0.006022077	4124
48	4	1000	1004.743874	0.004743874	0.004743874	4124
48	5	1000	1002.188665	0.002188665	0.002188665	4124
48	6	1000	994.532588	-0.005467412	0.005467412	4124
48	7	1000	979.263232	-0.020736768	0.020736768	4124
48	8	1000	1007.300678	0.007300678	0.007300678	4124
48	9	1000	1000.911658	0.000911658	0.000911658	4124
48	10	1000	1009.859079	0.009859079	0.009859079	4124
48	11	1000	990.709909	-0.009290091	0.009290091	4124
48	12	1000	999.635049	-0.000364951	0.000364951	4124
48	13	1000	1011.138879	0.011138879	0.011138879	4124
48	14	1000	991.983739	-0.008016261	0.008016261	4124
48	15	1000	991.983739	-0.008016261	0.008016261	4124
48	16	1000	998.358838	-0.001641162	0.001641162	4124
48	17	1000	999.635049	-0.000364951	0.000364951	4124
48	18	1000	1007.300678	0.007300678	0.007300678	4124
48	19	1000	995.807607	-0.004192393	0.004192393	4124
48	20	5000	5035.447861	0.007089572	0.007089572	4124
48	21	5000	4994.623603	-0.001075279	0.001075279	4124
48	22	5000	5038.868321	0.007773664	0.007773664	4124
48	23	10000	10230.510536	0.023051054	0.023051054	4124
49	0	1000	999.635049	-0.000364951	0.000364951	4124
49	1	1000	990.709909	-0.009290091	0.009290091	4124
49	2	1000	989.436475	-0.010563525	0.010563525	4124
49	3	1000	986.890795	-0.013109205	0.013109205	4124
49	4	1000	991.983739	-0.008016261	0.008016261	4124
49	5	1000	1014.980680	0.014980680	0.014980680	4124
49	6	1000	1007.300678	0.007300678	0.007300678	4124
49	7	1000	980.533506	-0.019466494	0.019466494	4124
49	8	1000	993.257965	-0.006742035	0.006742035	4124
49	9	1000	1004.743874	0.004743874	0.004743874	4124
49	10	1000	999.635049	-0.000364951	0.000364951	4124
49	11	1000	1003.466070	0.003466070	0.003466070	4124
49	12	1000	1011.138879	0.011138879	0.011138879	4124
49	13	1000	1008.579679	0.008579679	0.008579679	4124
49	14	1000	979.263232	-0.020736768	0.020736768	4124
49	15	1000	1004.743874	0.004743874	0.004743874	4124
49	16	1000	991.983739	-0.008016261	0.008016261	4124
49	17	1000	1008.579679	0.008579679	0.008579679	4124
49	18	1000	1016.262082	0.016262082	0.016262082	4124
49	19	1000	983.075238	-0.016924762	0.016924762	4124
49	20	5000	5097.457456	0.019491491	0.019491491	4124
49	21	5000	5069.781675	0.013956335	0.013956335	4124
49	22	5000	4991.239877	-0.001752025	0.001752025	4124
49	23	10000	9960.088106	-0.003991189	0.003991189	4124
50	0	1000	986.890795	-0.013109205	0.013109205	4124
50	1	1000	1017.543884	0.017543884	0.017543884	4124
50	2	1000	1023.958921	0.023958921	0.023958921	4124
50	3	1000	994.532588	-0.005467412	0.005467412	4124
50	4	1000	1003.466070	0.003466070	0.003466070	4124
50	5	1000	988.163437	-0.011836563	0.011836563	4124
50	6	1000	997.083024	-0.002916976	0.002916976	4124
50	7	1000	989.436475	-0.010563525	0.010563525	4124
50	8	1000	1018.826088	0.018826088	0.018826088	4124
50	9	1000	998.358838	-0.001641162	0.001641162	4124
50	10	1000	1007.300678	0.007300678	0.007300678	4124
50	11	1000	1014.980680	0.014980680	0.014980680	4124
50	12	1000	1007.300678	0.007300678	0.007300678	4124
50	13	1000	995.807607	-0.004192393	0.004192393	4124
50	14	1000	989.436475	-0.010563525	0.010563525	4124
50	15	1000	1013.699680	0.013699680	0.013699680	4124
50	16	1000	976.723864	-0.023276136	0.023276136	4124
50	17	1000	1003.466070	0.003466070	0.003466070	4124
50	18	1000	988.163437	-0.011836563	0.011836563	4124
50	19	1000	988.163437	-0.011836563	0.011836563	4124
50	20	5000	5069.781675	0.013956335	0.013956335	4124
50	21	5000	5021.794515	0.004358903	0.004358903	4124
50	22	5000	5066.335314	0.013267063	0.013267063	4124
50	23	10000	10087.195626	0.008719563	0.008719563	4124
51	0	1000	990.709909	-0.009290091	0.009290091	4124
51	1	1000	994.532588	-0.005467412	0.005467412	4124
51	2	1000	1003.466070	0.003466070	0.003466070	4124
51	3	1000	1007.300678	0.007300678	0.007300678	4124
51	4	1000	983.075238	-0.016924762	0.016924762	4124
51	5	1000	988.163437	-0.011836563	0.011836563	4124
51	6	1000	991.983739	-0.008016261	0.008016261	4124
51	7	1000	1008.579679	0.008579679	0.008579679	4124
51	8	1000	988.163437	-0.011836563	0.011836563	4124
51	9	1000	1006.022077	0.006022077	0.006022077	4124
51	10	1000	991.983739	-0.008016261	0.008016261	4124
51	11	1000	1000.911658	0.000911658	0.000911658	4124
51	12	1000	997.083024	-0.002916976	0.002916976	4124
51	13	1000	997.083024	-0.002916976	0.002916976	4124
51	14	1000	991.983739	-0.008016261	0.008016261	4124
51	15	1000	990.709909	-0.009290091	0.009290091	4124
51	16	1000	1022.675110	0.022675110	0.022675110	4124
51	17	1000	995.807607	-0.004192393	0.004192393	4124
51	18	1000	998.358838	-0.001641162	0.001641162	4124
51	19	1000	995.807607	-0.004192393	0.004192393	4124
51	20	5000	5014.984871	0.002996974	0.002996974	4124
51	21	5000	5028.615500	0.005723100	0.005723100	4124
51	22	5000	5018.388278	0.003677656	0.003677656	4124
51	23	10000	9994.364457	-0.000563554	0.000563554	4124
52	0	1000	995.807607	-0.004192393	0.004192393	4124
52	1	1000	1002.188665	0.002188665	0.002188665	4124
52	2	1000	1002.188665	0.002188665	0.002188665	4124
52	3	1000	1012.419079	0.012419079	0.012419079	4124
52	4	1000	985.618547	-0.014381453	0.014381453	4124
52	5	1000	997.083024	-0.002916976	0.002916976	4124
52	6	1000	997.083024	-0.002916976	0.002916976	4124
52	7	1000	991.983739	-0.008016261	0.008016261	4124
52	8	1000	986.890795	-0.013109205	0.013109205	4124
52	9	1000	998.358838	-0.001641162	0.001641162	4124
52	10	1000	981.804175	-0.018195825	0.018195825	4124
52	11	1000	1002.188665	0.002188665	0.002188665	4124
52	12	1000	991.983739	-0.008016261	0.008016261	4124
52	13	1000	1014.980680	0.014980680	0.014980680	4124
52	14	1000	985.618547	-0.014381453	0.014381453	4124
52	15	1000	993.257965	-0.006742035	0.006742035	4124
52	16	1000	1021.391701	0.021391701	0.021391701	4124
52	17	1000	999.635049	-0.000364951	0.000364951	4124
52	18	1000	988.163437	-0.011836563	0.011836563	4124
52	19	1000	995.807607	-0.004192393	0.004192393	4124
52	20	5000	5066.335314	0.013267063	0.013267063	4124
52	21	5000	5001.399453	0.000279891	0.000279891	4124
52	22	5000	4950.851711	-0.009829658	0.009829658	4124
52	23	10000	10075.476018	0.007547602	0.007547602	4124
53	0	1000	1022.675110	0.022675110	0.022675110	4124
53	1	1000	994.532588	-0.005467412	0.005467412	4124
53	2	1000	984.346695	-0.015653305	0.015653305	4124
53	3	1000	1016.262082	0.016262082	0.016262082	4124
53	4	1000	993.257965	-0.006742035	0.006742035	4124
53	5	1000	974.186070	-0.025813930	0.025813930	4124
53	6	1000	998.358838	-0.001641162	0.001641162	4124
53	7	1000	1003.466070	0.003466070	0.003466070	4124
53	8	1000	997.083024	-0.002916976	0.002916976	4124
53	9	1000	1016.262082	0.016262082	0.016262082	4124
53	10	1000	993.257965	-0.006742035	0.006742035	4124
53	11	1000	988.163437	-0.011836563	0.011836563	4124
53	12	1000	995.807607	-0.004192393	0.004192393	4124
53	13	1000	1012.419079	0.012419079	0.012419079	4124
53	14	1000	1022.675110	0.022675110	0.022675110	4124
53	15	1000	993.257965	-0.006742035	0.006742035	4124
53	16	1000	998.358838	-0.001641162	0.001641162	4124
53	17	1000	1004.743874	0.004743874	0.004743874	4124
53	18	1000	1009.859079	0.009859079	0.009859079	4124
53	19	1000	1002.188665	0.002188665	0.002188665	4124
53	20	5000	5056.013595	0.011202719	0.011202719	4124
53	21	5000	4998.010127	-0.000397975	0.000397975	4124
53	22	5000	4954.202223	-0.009159555	0.009159555	4124
53	23	10000	9717.127406	-0.028287259	0.028287259	4124
54	0	1000	990.709909	-0.009290091	0.009290091	4124
54	1	1000	990.709909	-0.009290091	0.009290091	4124
54	2	1000	989.436475	-0.010563525	0.010563525	4124
54	3	1000	1006.022077	0.006022077	0.006022077	4124
54	4	1000	1008.579679	0.008579679	0.008579679	4124
54	5	1000	988.163437	-0.011836563	0.011836563	4124
54	6	1000	984.346695	-0.015653305	0.015653305	4124
54	7	1000	1017.543884	0.017543884	0.017543884	4124
54	8	1000	999.635049	-0.000364951	0.000364951	4124
54	9	1000	999.635049	-0.000364951	0.000364951	4124
54	10	1000	984.346695	-0.015653305	0.015653305	4124
54	11	1000	1013.699680	0.013699680	0.013699680	4124
54	12	1000	998.358838	-0.001641162	0.001641162	4124
54	13	1000	1004.743874	0.004743874	0.004743874	4124
54	14	1000	1009.859079	0.009859079	0.009859079	4124
54	15	1000	1018.826088	0.018826088	0.018826088	4124
54	16	1000	994.532588	-0.005467412	0.005467412	4124
54	17	1000	1006.022077	0.006022077	0.006022077	4124
54	18	1000	1002.188665	0.002188665	0.002188665	4124
54	19	1000	993.257965	-0.006742035	0.006742035	4124
54	20	5000	4934.140142	-0.013171972	0.013171972	4124
54	21	5000	4887.707256	-0.022458549	0.022458549	4124
54	22	5000	4987.858944	-0.002428211	0.002428211	4124
54	23	10000	9771.093931	-0.022890607	0.022890607	4124
55	0	1000	986.890795	-0.013109205	0.013109205	4124
55	1	1000	991.983739	-0.008016261	0.008016261	4124
55	2	1000	998.358838	-0.001641162	0.001641162	4124
55	3	1000	1018.826088	0.018826088	0.018826088	4124
55	4	1000	989.436475	-0.010563525	0.010563525	4124
55	5	1000	1006.022077	0.006022077	0.006022077	4124
55	6	1000	991.983739	-0.008016261	0.008016261	4124
55	7	1000	983.075238	-0.016924762	0.016924762	4124
55	8	1000	1013.699680	0.013699680	0.013699680	4124
55	9	1000	997.083024	-0.002916976	0.002916976	4124
55	10	1000	1006.022077	0.006022077	0.006022077	4124
55	11	1000	1016.262082	0.016262082	0.016262082	4124
55	12	1000	1007.300678	0.007300678	0.007300678	4124
55	13	1000	991.983739	-0.008016261	0.008016261	4124
55	14	1000	1003.466070	0.003466070	0.003466070	4124
55	15	1000	1009.859079	0.009859079	0.009859079	4124
55	16	1000	983.075238	-0.016924762	0.016924762	4124
55	17	1000	997.083024	-0.002916976	0.002916976	4124
55	18	1000	988.163437	-0.011836563	0.011836563	4124
55	19	1000	986.890795	-0.013109205	0.013109205	4124
55	20	5000	5018.388278	0.003677656	0.003677656	4124
55	21	5000	4874.536826	-0.025092635	0.025092635	4124
55	22	5000	5042.291639	0.008458328	0.008458328	4124
55	23	10000	9948.726102	-0.005127390	0.005127390	4124
56	0	1000	1003.466070	0.003466070	0.003466070	4124
56	1	1000	995.807607	-0.004192393	0.004192393	4124
56	2	1000	988.163437	-0.011836563	0.011836563	4124
56	3	1000	1012.419079	0.012419079	0.012419079	4124
56	4	1000	985.618547	-0.014381453	0.014381453	4124
56	5	1000	990.709909	-0.009290091	0.009290091	4124
56	6	1000	984.346695	-0.015653305	0.015653305	4124
56	7	1000	1017.543884	0.017543884	0.017543884	4124
56	8	1000	1002.188665	0.002188665	0.002188665	4124
56	9	1000	1006.022077	0.006022077	0.006022077	4124
56	10	1000	979.263232	-0.020736768	0.020736768	4124
56	11	1000	997.083024	-0.002916976	0.002916976	4124
56	12	1000	993.257965	-0.006742035	0.006742035	4124
56	13	1000	990.709909	-0.009290091	0.009290091	4124
56	14	1000	1009.859079	0.009859079	0.009859079	4124
56	15	1000	979.263232	-0.020736768	0.020736768	4124
56	16	1000	1009.859079	0.009859079	0.009859079	4124
56	17	1000	991.983739	-0.008016261	0.008016261	4124
56	18	1000	997.083024	-0.002916976	0.002916976	4124
56	19	1000	1012.419079	0.012419079	0.012419079	4124
56	20	5000	5032.030256	0.006406051	0.006406051	4124
56	21	5000	4930.805994	-0.013838801	0.013838801	4124
56	22	5000	5114.850264	0.022970053	0.022970053	4124
56	23	10000	10098.948862	0.009894886	0.009894886	4124
57	0	1000	993.257965	-0.006742035	0.006742035	4124
57	1	1000	997.083024	-0.002916976	0.002916976	4124
57	2	1000	983.075238	-0.016924762	0.016924762	4124
57	3	1000	1003.466070	0.003466070	0.003466070	4124
57	4	1000	995.807607	-0.004192393	0.004192393	4124
57	5	1000	976.723864	-0.023276136	0.023276136	4124
57	6	1000	986.890795	-0.013109205	0.013109205	4124
57	7	1000	1014.980680	0.014980680	0.014980680	4124
57	8	1000	1007.300678	0.007300678	0.007300678	4124
57	9	1000	1007.300678	0.007300678	0.007300678	4124
57	10	1000	991.983739	-0.008016261	0.008016261	4124
57	11	1000	1008.579679	0.008579679	0.008579679	4124
57	12	1000	995.807607	-0.004192393	0.004192393	4124
57	13	1000	1012.419079	0.012419079	0.012419079	4124
57	14	1000	999.635049	-0.000364951	0.000364951	4124
57	15	1000	999.635049	-0.000364951	0.000364951	4124
57	16	1000	998.358838	-0.001641162	0.001641162	4124
57	17	1000	994.532588	-0.005467412	0.005467412	4124
57	18	1000	1018.826088	0.018826088	0.018826088	4124
57	19	1000	1000.911658	0.000911658	0.000911658	4124
57	20	5000	4957.555477	-0.008488905	0.008488905	4124
57	21	5000	4937.477005	-0.012504599	0.012504599	4124
57	22	5000	5104.405719	0.020881144	0.020881144	4124
57	23	10000	9771.093931	-0.022890607	0.022890607	4124
58	0	1000	983.075238	-0.016924762	0.016924762	4124
58	1	1000	995.807607	-0.004192393	0.004192393	4124
58	2	1000	988.163437	-0.011836563	0.011836563	4124
58	3	1000	999.635049	-0.000364951	0.000364951	4124
58	4	1000	1006.022077	0.006022077	0.006022077	4124
58	5	1000	997.083024	-0.002916976	0.002916976	4124
58	6	1000	998.358838	-0.001641162	0.001641162	4124
58	7	1000	1003.466070	0.003466070	0.003466070	4124
58	8	1000	991.983739	-0.008016261	0.008016261	4124
58	9	1000	1011.138879	0.011138879	0.011138879	4124
58	10	1000	1016.262082	0.016262082	0.016262082	4124
58	11	1000	1022.675110	0.022675110	0.022675110	4124
58	12	1000	1000.911658	0.000911658	0.000911658	4124
58	13	1000	1004.743874	0.004743874	0.004743874	4124
58	14	1000	1003.466070	0.003466070	0.003466070	4124
58	15	1000	1012.419079	0.012419079	0.012419079	4124
58	16	1000	997.083024	-0.002916976	0.002916976	4124
58	17	1000	990.709909	-0.009290091	0.009290091	4124
58	18	1000	1011.138879	0.011138879	0.011138879	4124
58	19	1000	994.532588	-0.005467412	0.005467412	4124
58	20	5000	4944.158899	-0.011168220	0.011168220	4124
58	21	5000	4977.732858	-0.004453428	0.004453428	4124
58	22	5000	4927.474558	-0.014505088	0.014505088	4124
58	23	10000	9948.726102	-0.005127390	0.005127390	4124
59	0	1000	993.257965	-0.006742035	0.006742035	4124
59	1	1000	1003.466070	0.003466070	0.003466070	4124
59	2	1000	994.532588	-0.005467412	0.005467412	4124
59	3	1000	1003.466070	0.003466070	0.003466070	4124
59	4	1000	1000.911658	0.000911658	0.000911658	4124
59	5	1000	997.083024	-0.002916976	0.002916976	4124
59	6	1000	1017.543884	0.017543884	0.017543884	4124
59	7	1000	1004.743874	0.004743874	0.004743874	4124
59	8	1000	972.917762	-0.027082238	0.027082238	4124
59	9	1000	1013.699680	0.013699680	0.013699680	4124
59	10	1000	1009.859079	0.009859079	0.009859079	4124
59	11	1000	986.890795	-0.013109205	0.013109205	4124
59	12	1000	994.532588	-0.005467412	0.005467412	4124
59	13	1000	1014.980680	0.014980680	0.014980680	4124
59	14	1000	998.358838	-0.001641162	0.001641162	4124
59	15	1000	1021.391701	0.021391701	0.021391701	4124
59	16	1000	1008.579679	0.008579679	0.008579679	4124
59	17	1000	1012.419079	0.012419079	0.012419079	4124
59	18	1000	1007.300678	0.007300678	0.007300678	4124
59	19	1000	1000.911658	0.000911658	0.000911658	4124
59	20	5000	5028.615500	0.005723100	0.005723100	4124
59	21	5000	4981.105439	-0.003778912	0.003778912	4124
59	22	5000	5028.615500	0.005723100	0.005723100	4124
59	23	10000	10194.208969	0.019420897	0.019420897	4124
60	0	1000	1021.391701	0.021391701	0.021391701	4124
60	1	1000	1002.188665	0.002188665	0.002188665	4124
60	2	1000	985.618547	-0.014381453	0.014381453	4124
60	3	1000	962.785413	-0.037214587	0.037214587	4124
60	4	1000	1014.980680	0.014980680	0.014980680	4124
60	5	1000	997.083024	-0.002916976	0.002916976	4124
60	6	1000	1008.579679	0.008579679	0.008579679	4124
60	7	1000	988.163437	-0.011836563	0.011836563	4124
60	8	1000	1007.300678	0.007300678	0.007300678	4124
60	9	1000	1021.391701	0.021391701	0.021391701	4124
60	10	1000	1007.300678	0.007300678	0.007300678	4124
60	11	1000	993.257965	-0.006742035	0.006742035	4124
60	12	1000	985.618547	-0.014381453	0.014381453	4124
60	13	1000	993.257965	-0.006742035	0.006742035	4124
60	14	1000	993.257965	-0.006742035	0.006742035	4124
60	15	1000	998.358838	-0.001641162	0.001641162	4124
60	16	1000	1004.743874	0.004743874	0.004743874	4124
60	17	1000	990.709909	-0.009290091	0.009290091	4124
60	18	1000	1011.138879	0.011138879	0.011138879	4124
60	19	1000	995.807607	-0.004192393	0.004192393	4124
60	20	5000	5032.030256	0.006406051	0.006406051	4124
60	21	5000	4960.911479	-0.007817704	0.007817704	4124
60	22	5000	4937.477005	-0.012504599	0.012504599	4124
60	23	10000	10005.853945	0.000585395	0.000585395	4124
61	0	1000	994.532588	-0.005467412	0.005467412	4124
61	1	1000	977.993351	-0.022006649	0.022006649	4124
61	2	1000	1002.188665	0.002188665	0.002188665	4124
61	3	1000	985.618547	-0.014381453	0.014381453	4124
61	4	1000	983.075238	-0.016924762	0.016924762	4124
61	5	1000	1008.579679	0.008579679	0.008579679	4124
61	6	1000	1009.859079	0.009859079	0.009859079	4124
61	7	1000	1011.138879	0.011138879	0.011138879	4124
61	8	1000	995.807607	-0.004192393	0.004192393	4124
61	9	1000	986.890795	-0.013109205	0.013109205	4124
61	10	1000	1007.300678	0.007300678	0.007300678	4124
61	11	1000	1016.262082	0.016262082	0.016262082	4124
61	12	1000	1018.826088	0.018826088	0.018826088	4124
61	13	1000	995.807607	-0.004192393	0.004192393	4124
61	14	1000	985.618547	-0.014381453	0.014381453	4124
61	15	1000	1023.958921	0.023958921	0.023958921	4124
61	16	1000	998.358838	-0.001641162	0.001641162	4124
61	17	1000	995.807607	-0.004192393	0.004192393	4124
61	18	1000	994.532588	-0.005467412	0.005467412	4124
61	19	1000	999.635049	-0.000364951	0.000364951	4124
61	20	5000	5025.203588	0.005040718	0.005040718	4124
61	21	5000	5069.781675	0.013956335	0.013956335	4124
61	22	5000	5008.186530	0.001637306	0.001637306	4124
61	23	10000	9971.481716	-0.002851828	0.002851828	4124
62	0	1000	994.532588	-0.005467412	0.005467412	4124
62	1	1000	1008.579679	0.008579679	0.008579679	4124
62	2	1000	1002.188665	0.002188665	0.002188665	4124
62	3	1000	1006.022077	0.006022077	0.006022077	4124
62	4	1000	985.618547	-0.014381453	0.014381453	4124
62	5	1000	995.807607	-0.004192393	0.004192393	4124
62	6	1000	993.257965	-0.006742035	0.006742035	4124
62	7	1000	1004.743874	0.004743874	0.004743874	4124
62	8	1000	981.804175	-0.018195825	0.018195825	4124
62	9	1000	995.807607	-0.004192393	0.004192393	4124
62	10	1000	983.075238	-0.016924762	0.016924762	4124
62	11	1000	979.263232	-0.020736768	0.020736768	4124
62	12	1000	994.532588	-0.005467412	0.005467412	4124
62	13	1000	986.890795	-0.013109205	0.013109205	4124
62	14	1000	986.890795	-0.013109205	0.013109205	4124
62	15	1000	1008.579679	0.008579679	0.008579679	4124
62	16	1000	995.807607	-0.004192393	0.004192393	4124
62	17	1000	1018.826088	0.018826088	0.018826088	4124
62	18	1000	997.083024	-0.002916976	0.002916976	4124
62	19	1000	1007.300678	0.007300678	0.007300678	4124
62	20	5000	4944.158899	-0.011168220	0.011168220	4124
62	21	5000	5059.451279	0.011890256	0.011890256	4124
62	22	5000	5052.578794	0.010515759	0.010515759	4124
62	23	10000	10182.179592	0.018217959	0.018217959	4124
63	0	1000	1012.419079	0.012419079	0.012419079	4124
63	1	1000	1026.527751	0.026527751	0.026527751	4124
63	2	1000	995.807607	-0.004192393	0.004192393	4124
63	3	1000	989.436475	-0.010563525	0.010563525	4124
63	4	1000	991.983739	-0.008016261	0.008016261	4124
63	5	1000	993.257965	-0.006742035	0.006742035	4124
63	6	1000	1018.826088	0.018826088	0.018826088	4124
63	7	1000	1012.419079	0.012419079	0.012419079	4124
63	8	1000	991.983739	-0.008016261	0.008016261	4124
63	9	1000	993.257965	-0.006742035	0.006742035	4124
63	10	1000	1008.579679	0.008579679	0.008579679	4124
63	11	1000	980.533506	-0.019466494	0.019466494	4124
63	12	1000	1000.911658	0.000911658	0.000911658	4124
63	13	1000	1021.391701	0.021391701	0.021391701	4124
63	14	1000	1002.188665	0.002188665	0.002188665	4124
63	15	1000	1026.527751	0.026527751	0.026527751	4124
63	16	1000	1004.743874	0.004743874	0.004743874	4124
63	17	1000	993.257965	-0.006742035	0.006742035	4124
63	18	1000	1009.859079	0.009859079	0.009859079	4124
63	19	1000	991.983739	-0.008016261	0.008016261	4124
63	20	5000	4924.145830	-0.015170834	0.015170834	4124
63	21	5000	5008.186530	0.001637306	0.001637306	4124
63	22	5000	5049.146871	0.009829374	0.009829374	4124
63	23	10000	9914.827977	-0.008517202	0.008517202	4124
64	0	1000	1008.579679	0.008579679	0.008579679	4124
64	1	1000	990.709909	-0.009290091	0.009290091	4124
64	2	1000	1000.911658	0.000911658	0.000911658	4124
64	3	1000	994.532588	-0.005467412	0.005467412	4124
64	4	1000	1007.300678	0.007300678	0.007300678	4124
64	5	1000	981.804175	-0.018195825	0.018195825	4124
64	6	1000	999.635049	-0.000364951	0.000364951	4124
64	7	1000	1008.579679	0.008579679	0.008579679	4124
64	8	1000	997.083024	-0.002916976	0.002916976	4124
64	9	1000	994.532588	-0.005467412	0.005467412	4124
64	10	1000	1002.188665	0.002188665	0.002188665	4124
64	11	1000	1014.980680	0.014980680	0.014980680	4124
64	12	1000	1008.579679	0.008579679	0.008579679	4124
64	13	1000	986.890795	-0.013109205	0.013109205	4124
64	14	1000	1012.419079	0.012419079	0.012419079	4124
64	15	1000	1011.138879	0.011138879	0.011138879	4124
64	16	1000	991.983739	-0.008016261	0.008016261	4124
64	17	1000	994.532588	-0.005467412	0.005467412	4124
64	18	1000	1004.743874	0.004743874	0.004743874	4124
64	19	1000	993.257965	-0.006742035	0.006742035	4124
64	20	5000	5038.868321	0.007773664	0.007773664	4124
64	21	5000	4994.623603	-0.001075279	0.001075279	4124
64	22	5000	5090.520960	0.018104192	0.018104192	4124
64	23	10000	10182.179592	0.018217959	0.018217959	4124
65	0	1000	1002.188665	0.002188665	0.002188665	4124
65	1	1000	993.257965	-0.006742035	0.006742035	4124
65	2	1000	974.186070	-0.025813930	0.025813930	4124
65	3	1000	1007.300678	0.007300678	0.007300678	4124
65	4	1000	980.533506	-0.019466494	0.019466494	4124
65	5	1000	986.890795	-0.013109205	0.013109205	4124
65	6	1000	1006.022077	0.006022077	0.006022077	4124
65	7	1000	997.083024	-0.002916976	0.002916976	4124
65	8	1000	990.709909	-0.009290091	0.009290091	4124
65	9	1000	999.635049	-0.000364951	0.000364951	4124
65	10	1000	983.075238	-0.016924762	0.016924762	4124
65	11	1000	1016.262082	0.016262082	0.016262082	4124
65	12	1000	1003.466070	0.003466070	0.003466070	4124
65	13	1000	1013.699680	0.013699680	0.013699680	4124
65	14	1000	991.983739	-0.008016261	0.008016261	4124
65	15	1000	993.257965	-0.006742035	0.006742035	4124
65	16	1000	1009.859079	0.009859079	0.009859079	4124
65	17	1000	1000.911658	0.000911658	0.000911658	4124
65	18	1000	1007.300678	0.007300678	0.007300678	4124
65	19	1000	1008.579679	0.008579679	0.008579679	4124
65	20	5000	5011.584290	0.002316858	0.002316858	4124
65	21	5000	5008.186530	0.001637306	0.001637306	4124
65	22	5000	5018.388278	0.003677656	0.003677656	4124
65	23	10000	10110.735920	0.011073592	0.011073592	4124
66	0	1000	986.890795	-0.013109205	0.013109205	4124
66	1	1000	1004.743874	0.004743874	0.004743874	4124
66	2	1000	985.618547	-0.014381453	0.014381453	4124
66	3	1000	993.257965	-0.006742035	0.006742035	4124
66	4	1000	993.257965	-0.006742035	0.006742035	4124
66	5	1000	1002.188665	0.002188665	0.002188665	4124
66	6	1000	1008.579679	0.008579679	0.008579679	4124
66	7	1000	1009.859079	0.009859079	0.009859079	4124
66	8	1000	986.890795	-0.013109205	0.013109205	4124
66	9	1000	984.346695	-0.015653305	0.015653305	4124
66	10	1000	988.163437	-0.011836563	0.011836563	4124
66	11	1000	1003.466070	0.003466070	0.003466070	4124
66	12	1000	1021.391701	0.021391701	0.021391701	4124
66	13	1000	991.983739	-0.008016261	0.008016261	4124
66	14	1000	999.635049	-0.000364951	0.000364951	4124
66	15	1000	983.075238	-0.016924762	0.016924762	4124
66	16	1000	1009.859079	0.009859079	0.009859079	4124
66	17	1000	998.358838	-0.001641162	0.001641162	4124
66	18	1000	1002.188665	0.002188665	0.002188665	4124
66	19	1000	991.983739	-0.008016261	0.008016261	4124
66	20	5000	4998.010127	-0.000397975	0.000397975	4124
66	21	5000	4950.851711	-0.009829658	0.009829658	4124
66	22	5000	4934.140142	-0.013171972	0.013171972	4124
66	23	10000	10146.301990	0.014630199	0.014630199	4124
67	0	1000	993.257965	-0.006742035	0.006742035	4124
67	1	1000	1017.543884	0.017543884	0.017543884	4124
67	2	1000	1025.243135	0.025243135	0.025243135	4124
67	3	1000	991.983739	-0.008016261	0.008016261	4124
67	4	1000	1006.022077	0.006022077	0.006022077	4124
67	5	1000	979.263232	-0.020736768	0.020736768	4124
67	6	1000	1003.466070	0.003466070	0.003466070	4124
67	7	1000	1014.980680	0.014980680	0.014980680	4124
67	8	1000	1002.188665	0.002188665	0.002188665	4124
67	9	1000	1002.188665	0.002188665	0.002188665	4124
67	10	1000	1003.466070	0.003466070	0.003466070	4124
67	11	1000	1000.911658	0.000911658	0.000911658	4124
67	12	1000	1013.699680	0.013699680	0.013699680	4124
67	13	1000	999.635049	-0.000364951	0.000364951	4124
67	14	1000	986.890795	-0.013109205	0.013109205	4124
67	15	1000	1020.108694	0.020108694	0.020108694	4124
67	16	1000	1002.188665	0.002188665	0.002188665	4124
67	17	1000	995.807607	-0.004192393	0.004192393	4124
67	18	1000	1004.743874	0.004743874	0.004743874	4124
67	19	1000	993.257965	-0.006742035	0.006742035	4124
67	20	5000	4904.230070	-0.019153986	0.019153986	4124
67	21	5000	4947.503938	-0.010499212	0.010499212	4124
67	22	5000	5032.030256	0.006406051	0.006406051	4124
67	23	10000	9771.093931	-0.022890607	0.022890607	4124
68	0	1000	1013.699680	0.013699680	0.013699680	4124
68	1	1000	994.532588	-0.005467412	0.005467412	4124
68	2	1000	995.807607	-0.004192393	0.004192393	4124
68	3	1000	1018.826088	0.018826088	0.018826088	4124
68	4	1000	980.533506	-0.019466494	0.019466494	4124
68	5	1000	993.257965	-0.006742035	0.006742035	4124
68	6	1000	991.983739	-0.008016261	0.008016261	4124
68	7	1000	989.436475	-0.010563525	0.010563525	4124
68	8	1000	990.709909	-0.009290091	0.009290091	4124
68	9	1000	999.635049	-0.000364951	0.000364951	4124
68	10	1000	975.454771	-0.024545229	0.024545229	4124
68	11	1000	1016.262082	0.016262082	0.016262082	4124
68	12	1000	995.807607	-0.004192393	0.004192393	4124
68	13	1000	1014.980680	0.014980680	0.014980680	4124
68	14	1000	1003.466070	0.003466070	0.003466070	4124
68	15	1000	999.635049	-0.000364951	0.000364951	4124
68	16	1000	1006.022077	0.006022077	0.006022077	4124
68	17	1000	995.807607	-0.004192393	0.004192393	4124
68	18	1000	1007.300678	0.007300678	0.007300678	4124
68	19	1000	998.358838	-0.001641162	0.001641162	4124
68	20	5000	4987.858944	-0.002428211	0.002428211	4124
68	21	5000	5093.987740	0.018797548	0.018797548	4124
68	22	5000	4987.858944	-0.002428211	0.002428211	4124
68	23	10000	9580.054126	-0.041994587	0.041994587	4124
69	0	1000	998.358838	-0.001641162	0.001641162	4124
69	1	1000	998.358838	-0.001641162	0.001641162	4124
69	2	1000	990.709909	-0.009290091	0.009290091	4124
69	3	1000	1023.958921	0.023958921	0.023958921	4124
69	4	1000	990.709909	-0.009290091	0.009290091	4124
69	5	1000	1020.108694	0.020108694	0.020108694	4124
69	6	1000	981.804175	-0.018195825	0.018195825	4124
69	7	1000	983.075238	-0.016924762	0.016924762	4124
69	8	1000	1006.022077	0.006022077	0.006022077	4124
69	9	1000	997.083024	-0.002916976	0.002916976	4124
69	10	1000	1017.543884	0.017543884	0.017543884	4124
69	11	1000	988.163437	-0.011836563	0.011836563	4124
69	12	1000	981.804175	-0.018195825	0.018195825	4124
69	13	1000	1000.911658	0.000911658	0.000911658	4124
69	14	1000	991.983739	-0.008016261	0.008016261	4124
69	15	1000	976.723864	-0.023276136	0.023276136	4124
69	16	1000	991.983739	-0.008016261	0.008016261	4124
69	17	1000	994.532588	-0.005467412	0.005467412	4124
69	18	1000	985.618547	-0.014381453	0.014381453	4124
69	19	1000	1016.262082	0.016262082	0.016262082	4124
69	20	5000	5093.987740	0.018797548	0.018797548	4124
69	21	5000	4789.946052	-0.042010790	0.042010790	4124
69	22	5000	5083.596191	0.016719238	0.016719238	4124
69	23	10000	10075.476018	0.007547602	0.007547602	4124
70	0	1000	988.163437	-0.011836563	0.011836563	4124
70	1	1000	1004.743874	0.004743874	0.004743874	4124
70	2	1000	1002.188665	0.002188665	0.002188665	4124
70	3	1000	1013.699680	0.013699680	0.013699680	4124
70	4	1000	994.532588	-0.005467412	0.005467412	4124
70	5	1000	1018.826088	0.018826088	0.018826088	4124
70	6	1000	1006.022077	0.006022077	0.006022077	4124
70	7	1000	976.723864	-0.023276136	0.023276136	4124
70	8	1000	1000.911658	0.000911658	0.000911658	4124
70	9	1000	990.709909	-0.009290091	0.009290091	4124
70	10	1000	994.532588	-0.005467412	0.005467412	4124
70	11	1000	986.890795	-0.013109205	0.013109205	4124
70	12	1000	995.807607	-0.004192393	0.004192393	4124
70	13	1000	989.436475	-0.010563525	0.010563525	4124
70	14	1000	1007.300678	0.007300678	0.007300678	4124
70	15	1000	998.358838	-0.001641162	0.001641162	4124
70	16	1000	989.436475	-0.010563525	0.010563525	4124
70	17	1000	986.890795	-0.013109205	0.013109205	4124
70	18	1000	990.709909	-0.009290091	0.009290091	4124
70	19	1000	1007.300678	0.007300678	0.007300678	4124
70	20	5000	5001.399453	0.000279891	0.000279891	4124
70	21	5000	5052.578794	0.010515759	0.010515759	4124
70	22	5000	5146.344652	0.029268930	0.029268930	4124
70	23	10000	10110.735920	0.011073592	0.011073592	4124
71	0	1000	995.807607	-0.004192393	0.004192393	4124
71	1	1000	1002.188665	0.002188665	0.002188665	4124
71	2	1000	997.083024	-0.002916976	0.002916976	4124
71	3	1000	1027.812771	0.027812771	0.027812771	4124
71	4	1000	975.454771	-0.024545229	0.024545229	4124
71	5	1000	993.257965	-0.006742035	0.006742035	4124
71	6	1000	1006.022077	0.006022077	0.006022077	4124
71	7	1000	1007.300678	0.007300678	0.007300678	4124
71	8	1000	1012.419079	0.012419079	0.012419079	4124
71	9	1000	1023.958921	0.023958921	0.023958921	4124
71	10	1000	960.256237	-0.039743763	0.039743763	4124
71	11	1000	994.532588	-0.005467412	0.005467412	4124
71	12	1000	988.163437	-0.011836563	0.011836563	4124
71	13	1000	994.532588	-0.005467412	0.005467412	4124
71	14	1000	1018.826088	0.018826088	0.018826088	4124
71	15	1000	1009.859079	0.009859079	0.009859079	4124
71	16	1000	986.890795	-0.013109205	0.013109205	4124
71	17	1000	981.804175	-0.018195825	0.018195825	4124
71	18	1000	1020.108694	0.020108694	0.020108694	4124
71	19	1000	995.807607	-0.004192393	0.004192393	4124
71	20	5000	5028.615500	0.005723100	0.005723100	4124
71	21	5000	5028.615500	0.005723100	0.005723100	4124
71	22	5000	4960.911479	-0.007817704	0.007817704	4124
71	23	10000	9825.780992	-0.017421901	0.017421901	4124
72	0	1000	1004.743874	0.004743874	0.004743874	4124
72	1	1000	976.723864	-0.023276136	0.023276136	4124
72	2	1000	989.436475	-0.010563525	0.010563525	4124
72	3	1000	993.257965	-0.006742035	0.006742035	4124
72	4	1000	977.993351	-0.022006649	0.022006649	4124
72	5	1000	1020.108694	0.020108694	0.020108694	4124
72	6	1000	990.709909	-0.009290091	0.009290091	4124
72	7	1000	1021.391701	0.021391701	0.021391701	4124
72	8	1000	994.532588	-0.005467412	0.005467412	4124
72	9	1000	1004.743874	0.004743874	0.004743874	4124
72	10	1000	997.083024	-0.002916976	0.002916976	4124
72	11	1000	995.807607	-0.004192393	0.004192393	4124
72	12	1000	988.163437	-0.011836563	0.011836563	4124
72	13	1000	1006.022077	0.006022077	0.006022077	4124
72	14	1000	1004.743874	0.004743874	0.004743874	4124
72	15	1000	1012.419079	0.012419079	0.012419079	4124
72	16	1000	998.358838	-0.001641162	0.001641162	4124
72	17	1000	997.083024	-0.002916976	0.002916976	4124
72	18	1000	1014.980680	0.014980680	0.014980680	4124
72	19	1000	999.635049	-0.000364951	0.000364951	4124
72	20	5000	4984.480800	-0.003103840	0.003103840	4124
72	21	5000	4907.542646	-0.018491471	0.018491471	4124
72	22	5000	4937.477005	-0.012504599	0.012504599	4124
72	23	10000	10194.208969	0.019420897	0.019420897	4124
73	0	1000	994.532588	-0.005467412	0.005467412	4124
73	1	1000	995.807607	-0.004192393	0.004192393	4124
73	2	1000	988.163437	-0.011836563	0.011836563	4124
73	3	1000	994.532588	-0.005467412	0.005467412	4124
73	4	1000	1016.262082	0.016262082	0.016262082	4124
73	5	1000	991.983739	-0.008016261	0.008016261	4124
73	6	1000	986.890795	-0.013109205	0.013109205	4124
73	7	1000	980.533506	-0.019466494	0.019466494	4124
73	8	1000	1006.022077	0.006022077	0.006022077	4124
73	9	1000	1006.022077	0.006022077	0.006022077	4124
73	10	1000	1022.675110	0.022675110	0.022675110	4124
73	11	1000	999.635049	-0.000364951	0.000364951	4124
73	12	1000	971.649847	-0.028350153	0.028350153	4124
73	13	1000	1004.743874	0.004743874	0.004743874	4124
73	14	1000	1014.980680	0.014980680	0.014980680	4124
73	15	1000	1000.911658	0.000911658	0.000911658	4124
73	16	1000	970.382324	-0.029617676	0.029617676	4124
73	17	1000	1013.699680	0.013699680	0.013699680	4124
73	18	1000	1002.188665	0.002188665	0.002188665	4124
73	19	1000	994.532588	-0.005467412	0.005467412	4124
73	20	5000	4861.408610	-0.027718278	0.027718278	4124
73	21	5000	4984.480800	-0.003103840	0.003103840	4124
73	22	5000	5001.399453	0.000279891	0.000279891	4124
73	23	10000	10158.226307	0.015822631	0.015822631	4124
74	0	1000	991.983739	-0.008016261	0.008016261	4124
74	1	1000	1007.300678	0.007300678	0.007300678	4124
74	2	1000	990.709909	-0.009290091	0.009290091	4124
74	3	1000	1004.743874	0.004743874	0.004743874	4124
74	4	1000	1006.022077	0.006022077	0.006022077	4124
74	5	1000	979.263232	-0.020736768	0.020736768	4124
74	6	1000	995.807607	-0.004192393	0.004192393	4124
74	7	1000	980.533506	-0.019466494	0.019466494	4124
74	8	1000	1002.188665	0.002188665	0.002188665	4124
74	9	1000	969.115193	-0.030884807	0.030884807	4124
74	10	1000	1012.419079	0.012419079	0.012419079	4124
74	11	1000	1002.188665	0.002188665	0.002188665	4124
74	12	1000	1009.859079	0.009859079	0.009859079	4124
74	13	1000	1017.543884	0.017543884	0.017543884	4124
74	14	1000	994.532588	-0.005467412	0.005467412	4124
74	15	1000	995.807607	-0.004192393	0.004192393	4124
74	16	1000	995.807607	-0.004192393	0.004192393	4124
74	17	1000	1002.188665	0.002188665	0.002188665	4124
74	18	1000	1014.980680	0.014980680	0.014980680	4124
74	19	1000	1002.188665	0.002188665	0.002188665	4124
74	20	5000	5032.030256	0.006406051	0.006406051	4124
74	21	5000	5114.850264	0.022970053	0.022970053	4124
74	22	5000	5025.203588	0.005040718	0.005040718	4124
74	23	10000	10087.195626	0.008719563	0.008719563	4124
75	0	1000	999.635049	-0.000364951	0.000364951	4124
75	1	1000	994.532588	-0.005467412	0.005467412	4124
75	2	1000	1017.543884	0.017543884	0.017543884	4124
75	3	1000	988.163437	-0.011836563	0.011836563	4124
75	4	1000	1004.743874	0.004743874	0.004743874	4124
75	5	1000	1002.188665	0.002188665	0.002188665	4124
75	6	1000	995.807607	-0.004192393	0.004192393	4124
75	7	1000	989.436475	-0.010563525	0.010563525	4124
75	8	1000	1016.262082	0.016262082	0.016262082	4124
75	9	1000	1034.243923	0.034243923	0.034243923	4124
75	10	1000	975.454771	-0.024545229	0.024545229	4124
75	11	1000	994.532588	-0.005467412	0.005467412	4124
75	12	1000	1030.384020	0.030384020	0.030384020	4124
75	13	1000	1006.022077	0.006022077	0.006022077	4124
75	14	1000	998.358838	-0.001641162	0.001641162	4124
75	15	1000	994.532588	-0.005467412	0.005467412	4124
75	16	1000	993.257965	-0.006742035	0.006742035	4124
75	17	1000	1011.138879	0.011138879	0.011138879	4124
75	18	1000	1008.579679	0.008579679	0.008579679	4124
75	19	1000	994.532588	-0.005467412	0.005467412	4124
75	20	5000	5059.451279	0.011890256	0.011890256	4124
75	21	5000	4970.996014	-0.005800797	0.005800797	4124
75	22	5000	5059.451279	0.011890256	0.011890256	4124
75	23	10000	9706.418903	-0.029358110	0.029358110	4124
76	0	1000	988.163437	-0.011836563	0.011836563	4124
76	1	1000	976.723864	-0.023276136	0.023276136	4124
76	2	1000	1023.958921	0.023958921	0.023958921	4124
76	3	1000	988.163437	-0.011836563	0.011836563	4124
76	4	1000	999.635049	-0.000364951	0.000364951	4124
76	5	1000	997.083024	-0.002916976	0.002916976	4124
76	6	1000	985.618547	-0.014381453	0.014381453	4124
76	7	1000	981.804175	-0.018195825	0.018195825	4124
76	8	1000	1027.812771	0.027812771	0.027812771	4124
76	9	1000	995.807607	-0.004192393	0.004192393	4124
76	10	1000	997.083024	-0.002916976	0.002916976	4124
76	11	1000	1003.466070	0.003466070	0.003466070	4124
76	12	1000	983.075238	-0.016924762	0.016924762	4124
76	13	1000	999.635049	-0.000364951	0.000364951	4124
76	14	1000	1000.911658	0.000911658	0.000911658	4124
76	15	1000	1004.743874	0.004743874	0.004743874	4124
76	16	1000	1022.675110	0.022675110	0.022675110	4124
76	17	1000	997.083024	-0.002916976	0.002916976	4124
76	18	1000	994.532588	-0.005467412	0.005467412	4124
76	19	1000	1006.022077	0.006022077	0.006022077	4124
76	20	5000	5069.781675	0.013956335	0.013956335	4124
76	21	5000	5028.615500	0.005723100	0.005723100	4124
76	22	5000	4950.851711	-0.009829658	0.009829658	4124
76	23	10000	10218.374231	0.021837423	0.021837423	4124
77	0	1000	998.358838	-0.001641162	0.001641162	4124
77	1	1000	1003.466070	0.003466070	0.003466070	4124
77	2	1000	1016.262082	0.016262082	0.016262082	4124
77	3	1000	1009.859079	0.009859079	0.009859079	4124
77	4	1000	984.346695	-0.015653305	0.015653305	4124
77	5	1000	981.804175	-0.018195825	0.018195825	4124
77	6	1000	1006.022077	0.006022077	0.006022077	4124
77	7	1000	1006.022077	0.006022077	0.006022077	4124
77	8	1000	1012.419079	0.012419079	0.012419079	4124
77	9	1000	989.436475	-0.010563525	0.010563525	4124
77	10	1000	1002.188665	0.002188665	0.002188665	4124
77	11	1000	1014.980680	0.014980680	0.014980680	4124
77	12	1000	981.804175	-0.018195825	0.018195825	4124
77	13	1000	1004.743874	0.004743874	0.004743874	4124
77	14	1000	1011.138879	0.011138879	0.011138879	4124
77	15	1000	1008.579679	0.008579679	0.008579679	4124
77	16	1000	974.186070	-0.025813930	0.025813930	4124
77	17	1000	994.532588	-0.005467412	0.005467412	4124
77	18	1000	1013.699680	0.013699680	0.013699680	4124
77	19	1000	997.083024	-0.002916976	0.002916976	4124
77	20	5000	4927.474558	-0.014505088	0.014505088	4124
77	21	5000	4937.477005	-0.012504599	0.012504599	4124
77	22	5000	4894.308385	-0.021138323	0.021138323	4124
77	23	10000	9749.421923	-0.025057808	0.025057808	4124
78	0	1000	993.257965	-0.006742035	0.006742035	4124
78	1	1000	991.983739	-0.008016261	0.008016261	4124
78	2	1000	1008.579679	0.008579679	0.008579679	4124
78	3	1000	1009.859079	0.009859079	0.009859079	4124
78	4	1000	1009.859079	0.009859079	0.009859079	4124
78	5	1000	991.983739	-0.008016261	0.008016261	4124
78	6	1000	985.618547	-0.014381453	0.014381453	4124
78	7	1000	994.532588	-0.005467412	0.005467412	4124
78	8	1000	995.807607	-0.004192393	0.004192393	4124
78	9	1000	997.083024	-0.002916976	0.002916976	4124
78	10	1000	1023.958921	0.023958921	0.023958921	4124
78	11	1000	1006.022077	0.006022077	0.006022077	4124
78	12	1000	1003.466070	0.003466070	0.003466070	4124
78	13	1000	1012.419079	0.012419079	0.012419079	4124
78	14	1000	1006.022077	0.006022077	0.006022077	4124
78	15	1000	1018.826088	0.018826088	0.018826088	4124
78	16	1000	1022.675110	0.022675110	0.022675110	4124
78	17	1000	1004.743874	0.004743874	0.004743874	4124
78	18	1000	985.618547	-0.014381453	0.014381453	4124
78	19	1000	1003.466070	0.003466070	0.003466070	4124
78	20	5000	5056.013595	0.011202719	0.011202719	4124
78	21	5000	4940.816590	-0.011836682	0.011836682	4124
78	22	5000	4950.851711	-0.009829658	0.009829658	4124
78	23	10000	9717.127406	-0.028287259	0.028287259	4124
79	0	1000	986.890795	-0.013109205	0.013109205	4124
79	1	1000	1004.743874	0.004743874	0.004743874	4124
79	2	1000	1000.911658	0.000911658	0.000911658	4124
79	3	1000	986.890795	-0.013109205	0.013109205	4124
79	4	1000	1000.911658	0.000911658	0.000911658	4124
79	5	1000	995.807607	-0.004192393	0.004192393	4124
79	6	1000	984.346695	-0.015653305	0.015653305	4124
79	7	1000	999.635049	-0.000364951	0.000364951	4124
79	8	1000	1008.579679	0.008579679	0.008579679	4124
79	9	1000	998.358838	-0.001641162	0.001641162	4124
79	10	1000	1002.188665	0.002188665	0.002188665	4124
79	11	1000	989.436475	-0.010563525	0.010563525	4124
79	12	1000	989.436475	-0.010563525	0.010563525	4124
79	13	1000	994.532588	-0.005467412	0.005467412	4124
79	14	1000	1004.743874	0.004743874	0.004743874	4124
79	15	1000	999.635049	-0.000364951	0.000364951	4124
79	16	1000	1003.466070	0.003466070	0.003466070	4124
79	17	1000	1016.262082	0.016262082	0.016262082	4124
79	18	1000	1012.419079	0.012419079	0.012419079	4124
79	19	1000	1000.911658	0.000911658	0.000911658	4124
79	20	5000	4974.363051	-0.005127390	0.005127390	4124
79	21	5000	5042.291639	0.008458328	0.008458328	4124
79	22	5000	5021.794515	0.004358903	0.004358903	4124
79	23	10000	9960.088106	-0.003991189	0.003991189	4124
80	0	1000	1007.300678	0.007300678	0.007300678	4124
80	1	1000	999.635049	-0.000364951	0.000364951	4124
80	2	1000	1000.911658	0.000911658	0.000911658	4124
80	3	1000	1016.262082	0.016262082	0.016262082	4124
80	4	1000	1017.543884	0.017543884	0.017543884	4124
80	5	1000	998.358838	-0.001641162	0.001641162	4124
80	6	1000	1014.980680	0.014980680	0.014980680	4124
80	7	1000	983.075238	-0.016924762	0.016924762	4124
80	8	1000	998.358838	-0.001641162	0.001641162	4124
80	9	1000	1027.812771	0.027812771	0.027812771	4124
80	10	1000	995.807607	-0.004192393	0.004192393	4124
80	11	1000	999.635049	-0.000364951	0.000364951	4124
80	12	1000	988.163437	-0.011836563	0.011836563	4124
80	13	1000	1014.980680	0.014980680	0.014980680	4124
80	14	1000	999.635049	-0.000364951	0.000364951	4124
80	15	1000	999.635049	-0.000364951	0.000364951	4124
80	16	1000	1014.980680	0.014980680	0.014980680	4124
80	17	1000	1013.699680	0.013699680	0.013699680	4124
80	18	1000	998.358838	-0.001641162	0.001641162	4124
80	19	1000	981.804175	-0.018195825	0.018195825	4124
80	20	5000	5028.615500	0.005723100	0.005723100	4124
80	21	5000	4954.202223	-0.009159555	0.009159555	4124
80	22	5000	4954.202223	-0.009159555	0.009159555	4124
80	23	10000	9836.806570	-0.016319343	0.016319343	4124
81	0	1000	985.618547	-0.014381453	0.014381453	4124
81	1	1000	1009.859079	0.009859079	0.009859079	4124
81	2	1000	1017.543884	0.017543884	0.017543884	4124
81	3	1000	984.346695	-0.015653305	0.015653305	4124
81	4	1000	995.807607	-0.004192393	0.004192393	4124
81	5	1000	1009.859079	0.009859079	0.009859079	4124
81	6	1000	998.358838	-0.001641162	0.001641162	4124
81	7	1000	1000.911658	0.000911658	0.000911658	4124
81	8	1000	997.083024	-0.002916976	0.002916976	4124
81	9	1000	1006.022077	0.006022077	0.006022077	4124
81	10	1000	993.257965	-0.006742035	0.006742035	4124
81	11	1000	1003.466070	0.003466070	0.003466070	4124
81	12	1000	1008.579679	0.008579679	0.008579679	4124
81	13	1000	997.083024	-0.002916976	0.002916976	4124
81	14	1000	999.635049	-0.000364951	0.000364951	4124
81	15	1000	1000.911658	0.000911658	0.000911658	4124
81	16	1000	995.807607	-0.004192393	0.004192393	4124
81	17	1000	985.618547	-0.014381453	0.014381453	4124
81	18	1000	1006.022077	0.006022077	0.006022077	4124
81	19	1000	1004.743874	0.004743874	0.004743874	4124
81	20	5000	4994.623603	-0.001075279	0.001075279	4124
81	21	5000	4991.239877	-0.001752025	0.001752025	4124
81	22	5000	5045.717821	0.009143564	0.009143564	4124
81	23	10000	9836.806570	-0.016319343	0.016319343	4124
82	0	1000	990.709909	-0.009290091	0.009290091	4124
82	1	1000	1004.743874	0.004743874	0.004743874	4124
82	2	1000	984.346695	-0.015653305	0.015653305	4124
82	3	1000	989.436475	-0.010563525	0.010563525	4124
82	4	1000	999.635049	-0.000364951	0.000364951	4124
82	5	1000	989.436475	-0.010563525	0.010563525	4124
82	6	1000	1007.300678	0.007300678	0.007300678	4124
82	7	1000	999.635049	-0.000364951	0.000364951	4124
82	8	1000	1008.579679	0.008579679	0.008579679	4124
82	9	1000	1020.108694	0.020108694	0.020108694	4124
82	10	1000	1000.911658	0.000911658	0.000911658	4124
82	11	1000	1003.466070	0.003466070	0.003466070	4124
82	12	1000	993.257965	-0.006742035	0.006742035	4124
82	13	1000	988.163437	-0.011836563	0.011836563	4124
82	14	1000	1009.859079	0.009859079	0.009859079	4124
82	15	1000	1002.188665	0.002188665	0.002188665	4124
82	16	1000	995.807607	-0.004192393	0.004192393	4124
82	17	1000	997.083024	-0.002916976	0.002916976	4124
82	18	1000	995.807607	-0.004192393	0.004192393	4124
82	19	1000	995.807607	-0.004192393	0.004192393	4124
82	20	5000	5083.596191	0.016719238	0.016719238	4124
82	21	5000	4910.857903	-0.017828419	0.017828419	4124
82	22	5000	5001.399453	0.000279891	0.000279891	4124
82	23	10000	9903.590659	-0.009640934	0.009640934	4124
83	0	1000	994.532588	-0.005467412	0.005467412	4124
83	1	1000	1003.466070	0.003466070	0.003466070	4124
83	2	1000	1017.543884	0.017543884	0.017543884	4124
83	3	1000	985.618547	-0.014381453	0.014381453	4124
83	4	1000	994.532588	-0.005467412	0.005467412	4124
83	5	1000	985.618547	-0.014381453	0.014381453	4124
83	6	1000	991.983739	-0.008016261	0.008016261	4124
83	7	1000	988.163437	-0.011836563	0.011836563	4124
83	8	1000	1023.958921	0.023958921	0.023958921	4124
83	9	1000	1031.670251	0.031670251	0.031670251	4124
83	10	1000	994.532588	-0.005467412	0.005467412	4124
83	11	1000	999.635049	-0.000364951	0.000364951	4124
83	12	1000	1000.911658	0.000911658	0.000911658	4124
83	13	1000	1006.022077	0.006022077	0.006022077	4124
83	14	1000	1000.911658	0.000911658	0.000911658	4124
83	15	1000	1011.138879	0.011138879	0.011138879	4124
83	16	1000	1002.188665	0.002188665	0.002188665	4124
83	17	1000	998.358838	-0.001641162	0.001641162	4124
83	18	1000	1016.262082	0.016262082	0.016262082	4124
83	19	1000	971.649847	-0.028350153	0.028350153	4124
83	20	5000	5080.138191	0.016027638	0.016027638	4124
83	21	5000	5011.584290	0.002316858	0.002316858	4124
83	22	5000	5135.819593	0.027163919	0.027163919	4124
83	23	10000	10040.517058	0.004051706	0.004051706	4124
84	0	1000	997.083024	-0.002916976	0.002916976	4124
84	1	1000	1007.300678	0.007300678	0.007300678	4124
84	2	1000	986.890795	-0.013109205	0.013109205	4124
84	3	1000	999.635049	-0.000364951	0.000364951	4124
84	4	1000	993.257965	-0.006742035	0.006742035	4124
84	5	1000	997.083024	-0.002916976	0.002916976	4124
84	6	1000	1002.188665	0.002188665	0.002188665	4124
84	7	1000	990.709909	-0.009290091	0.009290091	4124
84	8	1000	1011.138879	0.011138879	0.011138879	4124
84	9	1000	998.358838	-0.001641162	0.001641162	4124
84	10	1000	1002.188665	0.002188665	0.002188665	4124
84	11	1000	986.890795	-0.013109205	0.013109205	4124
84	12	1000	998.358838	-0.001641162	0.001641162	4124
84	13	1000	1013.699680	0.013699680	0.013699680	4124
84	14	1000	990.709909	-0.009290091	0.009290091	4124
84	15	1000	985.618547	-0.014381453	0.014381453	4124
84	16	1000	1000.911658	0.000911658	0.000911658	4124
84	17	1000	995.807607	-0.004192393	0.004192393	4124
84	18	1000	998.358838	-0.001641162	0.001641162	4124
84	19	1000	1006.022077	0.006022077	0.006022077	4124
84	20	5000	5021.794515	0.004358903	0.004358903	4124
84	21	5000	5142.833293	0.028566659	0.028566659	4124
84	22	5000	5001.399453	0.000279891	0.000279891	4124
84	23	10000	9695.738323	-0.030426168	0.030426168	4124
85	0	1000	990.709909	-0.009290091	0.009290091	4124
85	1	1000	1012.419079	0.012419079	0.012419079	4124
85	2	1000	991.983739	-0.008016261	0.008016261	4124
85	3	1000	986.890795	-0.013109205	0.013109205	4124
85	4	1000	993.257965	-0.006742035	0.006742035	4124
85	5	1000	1004.743874	0.004743874	0.004743874	4124
85	6	1000	1011.138879	0.011138879	0.011138879	4124
85	7	1000	1016.262082	0.016262082	0.016262082	4124
85	8	1000	1006.022077	0.006022077	0.006022077	4124
85	9	1000	994.532588	-0.005467412	0.005467412	4124
85	10	1000	1017.543884	0.017543884	0.017543884	4124
85	11	1000	976.723864	-0.023276136	0.023276136	4124
85	12	1000	1007.300678	0.007300678	0.007300678	4124
85	13	1000	989.436475	-0.010563525	0.010563525	4124
85	14	1000	1013.699680	0.013699680	0.013699680	4124
85	15	1000	1004.743874	0.004743874	0.004743874	4124
85	16	1000	991.983739	-0.008016261	0.008016261	4124
85	17	1000	997.083024	-0.002916976	0.002916976	4124
85	18	1000	997.083024	-0.002916976	0.002916976	4124
85	19	1000	999.635049	-0.000364951	0.000364951	4124
85	20	5000	4994.623603	-0.001075279	0.001075279	4124
85	21	5000	5093.987740	0.018797548	0.018797548	4124
85	22	5000	4950.851711	-0.009829658	0.009829658	4124
85	23	10000	10098.948862	0.009894886	0.009894886	4124
86	0	1000	1008.579679	0.008579679	0.008579679	4124
86	1	1000	981.804175	-0.018195825	0.018195825	4124
86	2	1000	1029.098194	0.029098194	0.029098194	4124
86	3	1000	979.263232	-0.020736768	0.020736768	4124
86	4	1000	1007.300678	0.007300678	0.007300678	4124
86	5	1000	1007.300678	0.007300678	0.007300678	4124
86	6	1000	1004.743874	0.004743874	0.004743874	4124
86	7	1000	976.723864	-0.023276136	0.023276136	4124
86	8	1000	984.346695	-0.015653305	0.015653305	4124
86	9	1000	1002.188665	0.002188665	0.002188665	4124
86	10	1000	1012.419079	0.012419079	0.012419079	4124
86	11	1000	993.257965	-0.006742035	0.006742035	4124
86	12	1000	1012.419079	0.012419079	0.012419079	4124
86	13	1000	998.358838	-0.001641162	0.001641162	4124
86	14	1000	994.532588	-0.005467412	0.005467412	4124
86	15	1000	1007.300678	0.007300678	0.007300678	4124
86	16	1000	989.436475	-0.010563525	0.010563525	4124
86	17	1000	1011.138879	0.011138879	0.011138879	4124
86	18	1000	986.890795	-0.013109205	0.013109205	4124
86	19	1000	1013.699680	0.013699680	0.013699680	4124
86	20	5000	5035.447861	0.007089572	0.007089572	4124
86	21	5000	5045.717821	0.009143564	0.009143564	4124
86	22	5000	4957.555477	-0.008488905	0.008488905	4124
86	23	10000	10230.510536	0.023051054	0.023051054	4124
87	0	1000	1012.419079	0.012419079	0.012419079	4124
87	1	1000	1000.911658	0.000911658	0.000911658	4124
87	2	1000	1002.188665	0.002188665	0.002188665	4124
87	3	1000	1011.138879	0.011138879	0.011138879	4124
87	4	1000	1002.188665	0.002188665	0.002188665	4124
87	5	1000	1018.826088	0.018826088	0.018826088	4124
87	6	1000	998.358838	-0.001641162	0.001641162	4124
87	7	1000	1004.743874	0.004743874	0.004743874	4124
87	8	1000	993.257965	-0.006742035	0.006742035	4124
87	9	1000	1000.911658	0.000911658	0.000911658	4124
87	10	1000	1026.527751	0.026527751	0.026527751	4124
87	11	1000	1012.419079	0.012419079	0.012419079	4124
87	12	1000	1009.859079	0.009859079	0.009859079	4124
87	13	1000	995.807607	-0.004192393	0.004192393	4124
87	14	1000	995.807607	-0.004192393	0.004192393	4124
87	15	1000	1011.138879	0.011138879	0.011138879	4124
87	16	1000	1007.300678	0.007300678	0.007300678	4124
87	17	1000	1009.859079	0.009859079	0.009859079	4124
87	18	1000	1018.826088	0.018826088	0.018826088	4124
87	19	1000	981.804175	-0.018195825	0.018195825	4124
87	20	5000	5045.717821	0.009143564	0.009143564	4124
87	21	5000	4960.911479	-0.007817704	0.007817704	4124
87	22	5000	5021.794515	0.004358903	0.004358903	4124
87	23	10000	10170.185440	0.017018544	0.017018544	4124
88	0	1000	1003.466070	0.003466070	0.003466070	4124
88	1	1000	994.532588	-0.005467412	0.005467412	4124
88	2	1000	999.635049	-0.000364951	0.000364951	4124
88	3	1000	1004.743874	0.004743874	0.004743874	4124
88	4	1000	1003.466070	0.003466070	0.003466070	4124
88	5	1000	997.083024	-0.002916976	0.002916976	4124
88	6	1000	1020.108694	0.020108694	0.020108694	4124
88	7	1000	1006.022077	0.006022077	0.006022077	4124
88	8	1000	995.807607	-0.004192393	0.004192393	4124
88	9	1000	1000.911658	0.000911658	0.000911658	4124
88	10	1000	1009.859079	0.009859079	0.009859079	4124
88	11	1000	991.983739	-0.008016261	0.008016261	4124
88	12	1000	983.075238	-0.016924762	0.016924762	4124
88	13	1000	985.618547	-0.014381453	0.014381453	4124
88	14	1000	988.163437	-0.011836563	0.011836563	4124
88	15	1000	1021.391701	0.021391701	0.021391701	4124
88	16	1000	1016.262082	0.016262082	0.016262082	4124
88	17	1000	991.983739	-0.008016261	0.008016261	4124
88	18	1000	1004.743874	0.004743874	0.004743874	4124
88	19	1000	1003.466070	0.003466070	0.003466070	4124
88	20	5000	4920.819805	-0.015836039	0.015836039	4124
88	21	5000	5056.013595	0.011202719	0.011202719	4124
88	22	5000	4974.363051	-0.005127390	0.005127390	4124
88	23	10000	9803.818473	-0.019618153	0.019618153	4124
89	0	1000	1006.022077	0.006022077	0.006022077	4124
89	1	1000	977.993351	-0.022006649	0.022006649	4124
89	2	1000	1004.743874	0.004743874	0.004743874	4124
89	3	1000	981.804175	-0.018195825	0.018195825	4124
89	4	1000	991.983739	-0.008016261	0.008016261	4124
89	5	1000	976.723864	-0.023276136	0.023276136	4124
89	6	1000	1003.466070	0.003466070	0.003466070	4124
89	7	1000	970.382324	-0.029617676	0.029617676	4124
89	8	1000	1007.300678	0.007300678	0.007300678	4124
89	9	1000	1004.743874	0.004743874	0.004743874	4124
89	10	1000	1025.243135	0.025243135	0.025243135	4124
89	11	1000	998.358838	-0.001641162	0.001641162	4124
89	12	1000	1011.138879	0.011138879	0.011138879	4124
89	13	1000	1004.743874	0.004743874	0.004743874	4124
89	14	1000	991.983739	-0.008016261	0.008016261	4124
89	15	1000	1004.743874	0.004743874	0.004743874	4124
89	16	1000	1011.138879	0.011138879	0.011138879	4124
89	17	1000	1009.859079	0.009859079	0.009859079	4124
89	18	1000	1007.300678	0.007300678	0.007300678	4124
89	19	1000	998.358838	-0.001641162	0.001641162	4124
89	20	5000	5066.335314	0.013267063	0.013267063	4124
89	21	5000	5080.138191	0.016027638	0.016027638	4124
89	22	5000	5121.828119	0.024365624	0.024365624	4124
89	23	10000	10040.517058	0.004051706	0.004051706	4124
90	0	1000	995.807607	-0.004192393	0.004192393	4124
90	1	1000	989.436475	-0.010563525	0.010563525	4124
90	2	1000	1008.579679	0.008579679	0.008579679	4124
90	3	1000	1011.138879	0.011138879	0.011138879	4124
90	4	1000	1016.262082	0.016262082	0.016262082	4124
90	5	1000	986.890795	-0.013109205	0.013109205	4124
90	6	1000	997.083024	-0.002916976	0.002916976	4124
90	7	1000	993.257965	-0.006742035	0.006742035	4124
90	8	1000	995.807607	-0.004192393	0.004192393	4124
90	9	1000	1007.300678	0.007300678	0.007300678	4124
90	10	1000	1000.911658	0.000911658	0.000911658	4124
90	11	1000	1002.188665	0.002188665	0.002188665	4124
90	12	1000	993.257965	-0.006742035	0.006742035	4124
90	13	1000	991.983739	-0.008016261	0.008016261	4124
90	14	1000	1009.859079	0.009859079	0.009859079	4124
90	15	1000	1012.419079	0.012419079	0.012419079	4124
90	16	1000	1007.300678	0.007300678	0.007300678	4124
90	17	1000	1013.699680	0.013699680	0.013699680	4124
90	18	1000	1007.300678	0.007300678	0.007300678	4124
90	19	1000	984.346695	-0.015653305	0.015653305	4124
90	20	5000	4987.858944	-0.002428211	0.002428211	4124
90	21	5000	4927.474558	-0.014505088	0.014505088	4124
90	22	5000	5076.683109	0.015336622	0.015336622	4124
90	23	10000	9948.726102	-0.005127390	0.005127390	4124
91	0	1000	1013.699680	0.013699680	0.013699680	4124
91	1	1000	999.635049	-0.000364951	0.000364951	4124
91	2	1000	1009.859079	0.009859079	0.009859079	4124
91	3	1000	980.533506	-0.019466494	0.019466494	4124
91	4	1000	998.358838	-0.001641162	0.001641162	4124
91	5	1000	1016.262082	0.016262082	0.016262082	4124
91	6	1000	1009.859079	0.009859079	0.009859079	4124
91	7	1000	1006.022077	0.006022077	0.006022077	4124
91	8	1000	1009.859079	0.009859079	0.009859079	4124
91	9	1000	1002.188665	0.002188665	0.002188665	4124
91	10	1000	1011.138879	0.011138879	0.011138879	4124
91	11	1000	993.257965	-0.006742035	0.006742035	4124
91	12	1000	993.257965	-0.006742035	0.006742035	4124
91	13	1000	995.807607	-0.004192393	0.004192393	4124
91	14	1000	991.983739	-0.008016261	0.008016261	4124
91	15	1000	981.804175	-0.018195825	0.018195825	4124
91	16	1000	981.804175	-0.018195825	0.018195825	4124
91	17	1000	1007.300678	0.007300678	0.007300678	4124
91	18	1000	989.436475	-0.010563525	0.010563525	4124
91	19	1000	1013.699680	0.013699680	0.013699680	4124
91	20	5000	4954.202223	-0.009159555	0.009159555	4124
91	21	5000	5025.203588	0.005040718	0.005040718	4124
91	22	5000	4851.589988	-0.029682002	0.029682002	4124
91	23	10000	9982.907107	-0.001709289	0.001709289	4124
92	0	1000	990.709909	-0.009290091	0.009290091	4124
92	1	1000	1009.859079	0.009859079	0.009859079	4124
92	2	1000	984.346695	-0.015653305	0.015653305	4124
92	3	1000	997.083024	-0.002916976	0.002916976	4124
92	4	1000	1003.466070	0.003466070	0.003466070	4124
92	5	1000	994.532588	-0.005467412	0.005467412	4124
92	6	1000	1004.743874	0.004743874	0.004743874	4124
92	7	1000	974.186070	-0.025813930	0.025813930	4124
92	8	1000	999.635049	-0.000364951	0.000364951	4124
92	9	1000	988.163437	-0.011836563	0.011836563	4124
92	10	1000	1006.022077	0.006022077	0.006022077	4124
92	11	1000	1009.859079	0.009859079	0.009859079	4124
92	12	1000	1006.022077	0.006022077	0.006022077	4124
92	13	1000	1023.958921	0.023958921	0.023958921	4124
92	14	1000	988.163437	-0.011836563	0.011836563	4124
92	15	1000	997.083024	-0.002916976	0.002916976	4124
92	16	1000	999.635049	-0.000364951	0.000364951	4124
92	17	1000	999.635049	-0.000364951	0.000364951	4124
92	18	1000	994.532588	-0.005467412	0.005467412	4124
92	19	1000	1004.743874	0.004743874	0.004743874	4124
92	20	5000	4944.158899	-0.011168220	0.011168220	4124
92	21	5000	5059.451279	0.011890256	0.011890256	4124
92	22	5000	5052.578794	0.010515759	0.010515759	4124
92	23	10000	10254.891561	0.025489156	0.025489156	4124
93	0	1000	1002.188665	0.002188665	0.002188665	4124
93	1	1000	979.263232	-0.020736768	0.020736768	4124
93	2	1000	1014.980680	0.014980680	0.014980680	4124
93	3	1000	1009.859079	0.009859079	0.009859079	4124
93	4	1000	993.257965	-0.006742035	0.006742035	4124
93	5	1000	986.890795	-0.013109205	0.013109205	4124
93	6	1000	990.709909	-0.009290091	0.009290091	4124
93	7	1000	993.257965	-0.006742035	0.006742035	4124
93	8	1000	1004.743874	0.004743874	0.004743874	4124
93	9	1000	997.083024	-0.002916976	0.002916976	4124
93	10	1000	1002.188665	0.002188665	0.002188665	4124
93	11	1000	1012.419079	0.012419079	0.012419079	4124
93	12	1000	1016.262082	0.016262082	0.016262082	4124
93	13	1000	984.346695	-0.015653305	0.015653305	4124
93	14	1000	1003.466070	0.003466070	0.003466070	4124
93	15	1000	1002.188665	0.002188665	0.002188665	4124
93	16	1000	1003.466070	0.003466070	0.003466070	4124
93	17	1000	994.532588	-0.005467412	0.005467412	4124
93	18	1000	1018.826088	0.018826088	0.018826088	4124
93	19	1000	1003.466070	0.003466070	0.003466070	4124
93	20	5000	4981.105439	-0.003778912	0.003778912	4124
93	21	5000	4944.158899	-0.011168220	0.011168220	4124
93	22	5000	5059.451279	0.011890256	0.011890256	4124
93	23	10000	9600.846049	-0.039915395	0.039915395	4124
94	0	1000	1002.188665	0.002188665	0.002188665	4124
94	1	1000	981.804175	-0.018195825	0.018195825	4124
94	2	1000	990.709909	-0.009290091	0.009290091	4124
94	3	1000	1006.022077	0.006022077	0.006022077	4124
94	4	1000	990.709909	-0.009290091	0.009290091	4124
94	5	1000	999.635049	-0.000364951	0.000364951	4124
94	6	1000	994.532588	-0.005467412	0.005467412	4124
94	7	1000	995.807607	-0.004192393	0.004192393	4124
94	8	1000	1007.300678	0.007300678	0.007300678	4124
94	9	1000	1003.466070	0.003466070	0.003466070	4124
94	10	1000	1002.188665	0.002188665	0.002188665	4124
94	11	1000	1002.188665	0.002188665	0.002188665	4124
94	12	1000	984.346695	-0.015653305	0.015653305	4124
94	13	1000	980.533506	-0.019466494	0.019466494	4124
94	14	1000	1000.911658	0.000911658	0.000911658	4124
94	15	1000	1006.022077	0.006022077	0.006022077	4124
94	16	1000	991.983739	-0.008016261	0.008016261	4124
94	17	1000	1013.699680	0.013699680	0.013699680	4124
94	18	1000	983.075238	-0.016924762	0.016924762	4124
94	19	1000	999.635049	-0.000364951	0.000364951	4124
94	20	5000	5049.146871	0.009829374	0.009829374	4124
94	21	5000	5038.868321	0.007773664	0.007773664	4124
94	22	5000	5149.859024	0.029971805	0.029971805	4124
94	23	10000	9926.096210	-0.007390379	0.007390379	4124
95	0	1000	988.163437	-0.011836563	0.011836563	4124
95	1	1000	991.983739	-0.008016261	0.008016261	4124
95	2	1000	989.436475	-0.010563525	0.010563525	4124
95	3	1000	1020.108694	0.020108694	0.020108694	4124
95	4	1000	1021.391701	0.021391701	0.021391701	4124
95	5	1000	993.257965	-0.006742035	0.006742035	4124
95	6	1000	1011.138879	0.011138879	0.011138879	4124
95	7	1000	993.257965	-0.006742035	0.006742035	4124
95	8	1000	1004.743874	0.004743874	0.004743874	4124
95	9	1000	1003.466070	0.003466070	0.003466070	4124
95	10	1000	983.075238	-0.016924762	0.016924762	4124
95	11	1000	995.807607	-0.004192393	0.004192393	4124
95	12	1000	1021.391701	0.021391701	0.021391701	4124
95	13	1000	1008.579679	0.008579679	0.008579679	4124
95	14	1000	1011.138879	0.011138879	0.011138879	4124
95	15	1000	990.709909	-0.009290091	0.009290091	4124
95	16	1000	988.163437	-0.011836563	0.011836563	4124
95	17	1000	984.346695	-0.015653305	0.015653305	4124
95	18	1000	1021.391701	0.021391701	0.021391701	4124
95	19	1000	1017.543884	0.017543884	0.017543884	4124
95	20	5000	4947.503938	-0.010499212	0.010499212	4124
95	21	5000	4967.631743	-0.006473651	0.006473651	4124
95	22	5000	4910.857903	-0.017828419	0.017828419	4124
95	23	10000	9903.590659	-0.009640934	0.009640934	4124
96	0	1000	995.807607	-0.004192393	0.004192393	4124
96	1	1000	974.186070	-0.025813930	0.025813930	4124
96	2	1000	1011.138879	0.011138879	0.011138879	4124
96	3	1000	997.083024	-0.002916976	0.002916976	4124
96	4	1000	1003.466070	0.003466070	0.003466070	4124
96	5	1000	1011.138879	0.011138879	0.011138879	4124
96	6	1000	983.075238	-0.016924762	0.016924762	4124
96	7	1000	998.358838	-0.001641162	0.001641162	4124
96	8	1000	980.533506	-0.019466494	0.019466494	4124
96	9	1000	1021.391701	0.021391701	0.021391701	4124
96	10	1000	986.890795	-0.013109205	0.013109205	4124
96	11	1000	984.346695	-0.015653305	0.015653305	4124
96	12	1000	1008.579679	0.008579679	0.008579679	4124
96	13	1000	984.346695	-0.015653305	0.015653305	4124
96	14	1000	997.083024	-0.002916976	0.002916976	4124
96	15	1000	1012.419079	0.012419079	0.012419079	4124
96	16	1000	999.635049	-0.000364951	0.000364951	4124
96	17	1000	1011.138879	0.011138879	0.011138879	4124
96	18	1000	993.257965	-0.006742035	0.006742035	4124
96	19	1000	1000.911658	0.000911658	0.000911658	4124
96	20	5000	5142.833293	0.028566659	0.028566659	4124
96	21	5000	4987.858944	-0.002428211	0.002428211	4124
96	22	5000	4825.521483	-0.034895703	0.034895703	4124
96	23	10000	9937.395527	-0.006260447	0.006260447	4124
97	0	1000	1008.579679	0.008579679	0.008579679	4124
97	1	1000	1002.188665	0.002188665	0.002188665	4124
97	2	1000	1017.543884	0.017543884	0.017543884	4124
97	3	1000	998.358838	-0.001641162	0.001641162	4124
97	4	1000	1002.188665	0.002188665	0.002188665	4124
97	5	1000	985.618547	-0.014381453	0.014381453	4124
97	6	1000	997.083024	-0.002916976	0.002916976	4124
97	7	1000	995.807607	-0.004192393	0.004192393	4124
97	8	1000	998.358838	-0.001641162	0.001641162	4124
97	9	1000	1004.743874	0.004743874	0.004743874	4124
97	10	1000	1003.466070	0.003466070	0.003466070	4124
97	11	1000	1003.466070	0.003466070	0.003466070	4124
97	12	1000	989.436475	-0.010563525	0.010563525	4124
97	13	1000	999.635049	-0.000364951	0.000364951	4124
97	14	1000	1002.188665	0.002188665	0.002188665	4124
97	15	1000	1006.022077	0.006022077	0.006022077	4124
97	16	1000	988.163437	-0.011836563	0.011836563	4124
97	17	1000	995.807607	-0.004192393	0.004192393	4124
97	18	1000	993.257965	-0.006742035	0.006742035	4124
97	19	1000	1012.419079	0.012419079	0.012419079	4124
97	20	5000	5004.791585	0.000958317	0.000958317	4124
97	21	5000	4984.480800	-0.003103840	0.003103840	4124
97	22	5000	4974.363051	-0.005127390	0.005127390	4124
97	23	10000	10017.375753	0.001737575	0.001737575	4124
98	0	1000	995.807607	-0.004192393	0.004192393	4124
98	1	1000	997.083024	-0.002916976	0.002916976	4124
98	2	1000	995.807607	-0.004192393	0.004192393	4124
98	3	1000	990.709909	-0.009290091	0.009290091	4124
98	4	1000	1004.743874	0.004743874	0.004743874	4124
98	5	1000	1012.419079	0.012419079	0.012419079	4124
98	6	1000	1013.699680	0.013699680	0.013699680	4124
98	7	1000	998.358838	-0.001641162	0.001641162	4124
98	8	1000	994.532588	-0.005467412	0.005467412	4124
98	9	1000	989.436475	-0.010563525	0.010563525	4124
98	10	1000	1004.743874	0.004743874	0.004743874	4124
98	11	1000	1018.826088	0.018826088	0.018826088	4124
98	12	1000	990.709909	-0.009290091	0.009290091	4124
98	13	1000	1008.579679	0.008579679	0.008579679	4124
98	14	1000	1006.022077	0.006022077	0.006022077	4124
98	15	1000	1012.419079	0.012419079	0.012419079	4124
98	16	1000	1004.743874	0.004743874	0.004743874	4124
98	17	1000	971.649847	-0.028350153	0.028350153	4124
98	18	1000	983.075238	-0.016924762	0.016924762	4124
98	19	1000	1008.579679	0.008579679	0.008579679	4124
98	20	5000	5014.984871	0.002996974	0.002996974	4124
98	21	5000	5052.578794	0.010515759	0.010515759	4124
98	22	5000	5059.451279	0.011890256	0.011890256	4124
98	23	10000	10063.789848	0.006378985	0.006378985	4124
99	0	1000	997.083024	-0.002916976	0.002916976	4124
99	1	1000	999.635049	-0.000364951	0.000364951	4124
99	2	1000	1011.138879	0.011138879	0.011138879	4124
99	3	1000	990.709909	-0.009290091	0.009290091	4124
99	4	1000	984.346695	-0.015653305	0.015653305	4124
99	5	1000	1011.138879	0.011138879	0.011138879	4124
99	6	1000	991.983739	-0.008016261	0.008016261	4124
99	7	1000	1007.300678	0.007300678	0.007300678	4124
99	8	1000	993.257965	-0.006742035	0.006742035	4124
99	9	1000	993.257965	-0.006742035	0.006742035	4124
99	10	1000	1003.466070	0.003466070	0.003466070	4124
99	11	1000	986.890795	-0.013109205	0.013109205	4124
99	12	1000	1008.579679	0.008579679	0.008579679	4124
99	13	1000	998.358838	-0.001641162	0.001641162	4124
99	14	1000	1009.859079	0.009859079	0.009859079	4124
99	15	1000	994.532588	-0.005467412	0.005467412	4124
99	16	1000	1003.466070	0.003466070	0.003466070	4124
99	17	1000	1008.579679	0.008579679	0.008579679	4124
99	18	1000	998.358838	-0.001641162	0.001641162	4124
99	19	1000	998.358838	-0.001641162	0.001641162	4124
99	20	5000	5083.596191	0.016719238	0.016719238	4124
99	21	5000	5004.791585	0.000958317	0.000958317	4124
99	22	5000	4871.250825	-0.025749835	0.025749835	4124
99	23	10000	9771.093931	-0.022890607	0.022890607	4124
100	0	1000	998.358838	-0.001641162	0.001641162	4124
100	1	1000	983.075238	-0.016924762	0.016924762	4124
100	2	1000	1011.138879	0.011138879	0.011138879	4124
100	3	1000	1006.022077	0.006022077	0.006022077	4124
100	4	1000	986.890795	-0.013109205	0.013109205	4124
100	5	1000	1007.300678	0.007300678	0.007300678	4124
100	6	1000	995.807607	-0.004192393	0.004192393	4124
100	7	1000	1023.958921	0.023958921	0.023958921	4124
100	8	1000	984.346695	-0.015653305	0.015653305	4124
100	9	1000	997.083024	-0.002916976	0.002916976	4124
100	10	1000	1004.743874	0.004743874	0.004743874	4124
100	11	1000	1006.022077	0.006022077	0.006022077	4124
100	12	1000	989.436475	-0.010563525	0.010563525	4124
100	13	1000	1012.419079	0.012419079	0.012419079	4124
100	14	1000	985.618547	-0.014381453	0.014381453	4124
100	15	1000	1006.022077	0.006022077	0.006022077	4124
100	16	1000	998.358838	-0.001641162	0.001641162	4124
100	17	1000	998.358838	-0.001641162	0.001641162	4124
100	18	1000	1011.138879	0.011138879	0.011138879	4124
100	19	1000	994.532588	-0.005467412	0.005467412	4124
100	20	5000	5014.984871	0.002996974	0.002996974	4124
100	21	5000	5059.451279	0.011890256	0.011890256	4124
100	22	5000	4967.631743	-0.006473651	0.006473651	4124
100	23	10000	10122.556996	0.012255700	0.012255700	4124
101	0	1000	1011.138879	0.011138879	0.011138879	4124
101	1	1000	1013.699680	0.013699680	0.013699680	4124
101	2	1000	998.358838	-0.001641162	0.001641162	4124
101	3	1000	1006.022077	0.006022077	0.006022077	4124
101	4	1000	1007.300678	0.007300678	0.007300678	4124
101	5	1000	980.533506	-0.019466494	0.019466494	4124
101	6	1000	1006.022077	0.006022077	0.006022077	4124
101	7	1000	1011.138879	0.011138879	0.011138879	4124
101	8	1000	1000.911658	0.000911658	0.000911658	4124
101	9	1000	997.083024	-0.002916976	0.002916976	4124
101	10	1000	997.083024	-0.002916976	0.002916976	4124
101	11	1000	1022.675110	0.022675110	0.022675110	4124
101	12	1000	1013.699680	0.013699680	0.013699680	4124
101	13	1000	1011.138879	0.011138879	0.011138879	4124
101	14	1000	1016.262082	0.016262082	0.016262082	4124
101	15	1000	984.346695	-0.015653305	0.015653305	4124
101	16	1000	977.993351	-0.022006649	0.022006649	4124
101	17	1000	976.723864	-0.023276136	0.023276136	4124
101	18	1000	999.635049	-0.000364951	0.000364951	4124
101	19	1000	990.709909	-0.009290091	0.009290091	4124
101	20	5000	5121.828119	0.024365624	0.024365624	4124
101	21	5000	4914.175845	-0.017164831	0.017164831	4124
101	22	5000	5042.291639	0.008458328	0.008458328	4124
101	23	10000	9903.590659	-0.009640934	0.009640934	4124
102	0	1000	999.635049	-0.000364951	0.000364951	4124
102	1	1000	993.257965	-0.006742035	0.006742035	4124
102	2	1000	1008.579679	0.008579679	0.008579679	4124
102	3	1000	1018.826088	0.018826088	0.018826088	4124
102	4	1000	999.635049	-0.000364951	0.000364951	4124
102	5	1000	1003.466070	0.003466070	0.003466070	4124
102	6	1000	994.532588	-0.005467412	0.005467412	4124
102	7	1000	999.635049	-0.000364951	0.000364951	4124
102	8	1000	1003.466070	0.003466070	0.003466070	4124
102	9	1000	1000.911658	0.000911658	0.000911658	4124
102	10	1000	1008.579679	0.008579679	0.008579679	4124
102	11	1000	1006.022077	0.006022077	0.006022077	4124
102	12	1000	999.635049	-0.000364951	0.000364951	4124
102	13	1000	1014.980680	0.014980680	0.014980680	4124
102	14	1000	1004.743874	0.004743874	0.004743874	4124
102	15	1000	995.807607	-0.004192393	0.004192393	4124
102	16	1000	1006.022077	0.006022077	0.006022077	4124
102	17	1000	980.533506	-0.019466494	0.019466494	4124
102	18	1000	976.723864	-0.023276136	0.023276136	4124
102	19	1000	1022.675110	0.022675110	0.022675110	4124
102	20	5000	5045.717821	0.009143564	0.009143564	4124
102	21	5000	5014.984871	0.002996974	0.002996974	4124
102	22	5000	5001.399453	0.000279891	0.000279891	4124
102	23	10000	9653.292348	-0.034670765	0.034670765	4124
103	0	1000	976.723864	-0.023276136	0.023276136	4124
103	1	1000	1006.022077	0.006022077	0.006022077	4124
103	2	1000	1012.419079	0.012419079	0.012419079	4124
103	3	1000	981.804175	-0.018195825	0.018195825	4124
103	4	1000	1003.466070	0.003466070	0.003466070	4124
103	5	1000	1014.980680	0.014980680	0.014980680	4124
103	6	1000	1009.859079	0.009859079	0.009859079	4124
103	7	1000	1009.859079	0.009859079	0.009859079	4124
103	8	1000	977.993351	-0.022006649	0.022006649	4124
103	9	1000	988.163437	-0.011836563	0.011836563	4124
103	10	1000	1002.188665	0.002188665	0.002188665	4124
103	11	1000	1017.543884	0.017543884	0.017543884	4124
103	12	1000	1007.300678	0.007300678	0.007300678	4124
103	13	1000	994.532588	-0.005467412	0.005467412	4124
103	14	1000	995.807607	-0.004192393	0.004192393	4124
103	15	1000	991.983739	-0.008016261	0.008016261	4124
103	16	1000	989.436475	-0.010563525	0.010563525	4124
103	17	1000	989.436475	-0.010563525	0.010563525	4124
103	18	1000	984.346695	-0.015653305	0.015653305	4124
103	19	1000	991.983739	-0.008016261	0.008016261	4124
103	20	5000	5021.794515	0.004358903	0.004358903	4124
103	21	5000	5004.791585	0.000958317	0.000958317	4124
103	22	5000	4884.410676	-0.023117865	0.023117865	4124
103	23	10000	9881.208089	-0.011879191	0.011879191	4124
104	0	1000	1007.300678	0.007300678	0.007300678	4124
104	1	1000	1007.300678	0.007300678	0.007300678	4124
104	2	1000	991.983739	-0.008016261	0.008016261	4124
104	3	1000	984.346695	-0.015653305	0.015653305	4124
104	4	1000	1002.188665	0.002188665	0.002188665	4124
104	5	1000	998.358838	-0.001641162	0.001641162	4124
104	6	1000	1004.743874	0.004743874	0.004743874	4124
104	7	1000	1021.391701	0.021391701	0.021391701	4124
104	8	1000	997.083024	-0.002916976	0.002916976	4124
104	9	1000	981.804175	-0.018195825	0.018195825	4124
104	10	1000	1003.466070	0.003466070	0.003466070	4124
104	11	1000	999.635049	-0.000364951	0.000364951	4124
104	12	1000	1016.262082	0.016262082	0.016262082	4124
104	13	1000	1011.138879	0.011138879	0.011138879	4124
104	14	1000	994.532588	-0.005467412	0.005467412	4124
104	15	1000	1000.911658	0.000911658	0.000911658	4124
104	16	1000	980.533506	-0.019466494	0.019466494	4124
104	17	1000	1000.911658	0.000911658	0.000911658	4124
104	18	1000	1009.859079	0.009859079	0.009859079	4124
104	19	1000	997.083024	-0.002916976	0.002916976	4124
104	20	5000	4944.158899	-0.011168220	0.011168220	4124
104	21	5000	5069.781675	0.013956335	0.013956335	4124
104	22	5000	4950.851711	-0.009829658	0.009829658	4124
104	23	10000	10316.486706	0.031648671	0.031648671	4124
105	0	1000	989.436475	-0.010563525	0.010563525	4124
105	1	1000	1006.022077	0.006022077	0.006022077	4124
105	2	1000	991.983739	-0.008016261	0.008016261	4124
105	3	1000	995.807607	-0.004192393	0.004192393	4124
105	4	1000	990.709909	-0.009290091	0.009290091	4124
105	5	1000	961.520630	-0.038479370	0.038479370	4124
105	6	1000	1002.188665	0.002188665	0.002188665	4124
105	7	1000	1006.022077	0.006022077	0.006022077	4124
105	8	1000	1004.743874	0.004743874	0.004743874	4124
105	9	1000	1006.022077	0.006022077	0.006022077	4124
105	10	1000	997.083024	-0.002916976	0.002916976	4124
105	11	1000	1032.956885	0.032956885	0.032956885	4124
105	12	1000	989.436475	-0.010563525	0.010563525	4124
105	13	1000	1007.300678	0.007300678	0.007300678	4124
105	14	1000	1003.466070	0.003466070	0.003466070	4124
105	15	1000	991.983739	-0.008016261	0.008016261	4124
105	16	1000	998.358838	-0.001641162	0.001641162	4124
105	17	1000	985.618547	-0.014381453	0.014381453	4124
105	18	1000	993.257965	-0.006742035	0.006742035	4124
105	19	1000	1004.743874	0.004743874	0.004743874	4124
105	20	5000	5028.615500	0.005723100	0.005723100	4124
105	21	5000	5149.859024	0.029971805	0.029971805	4124
105	22	5000	4867.967458	-0.026406508	0.026406508	4124
105	23	10000	10017.375753	0.001737575	0.001737575	4124
106	0	1000	995.807607	-0.004192393	0.004192393	4124
106	1	1000	994.532588	-0.005467412	0.005467412	4124
106	2	1000	981.804175	-0.018195825	0.018195825	4124
106	3	1000	1000.911658	0.000911658	0.000911658	4124
106	4	1000	997.083024	-0.002916976	0.002916976	4124
106	5	1000	990.709909	-0.009290091	0.009290091	4124
106	6	1000	999.635049	-0.000364951	0.000364951	4124
106	7	1000	990.709909	-0.009290091	0.009290091	4124
106	8	1000	1017.543884	0.017543884	0.017543884	4124
106	9	1000	1000.911658	0.000911658	0.000911658	4124
106	10	1000	1002.188665	0.002188665	0.002188665	4124
106	11	1000	1004.743874	0.004743874	0.004743874	4124
106	12	1000	1009.859079	0.009859079	0.009859079	4124
106	13	1000	990.709909	-0.009290091	0.009290091	4124
106	14	1000	976.723864	-0.023276136	0.023276136	4124
106	15	1000	997.083024	-0.002916976	0.002916976	4124
106	16	1000	994.532588	-0.005467412	0.005467412	4124
106	17	1000	1006.022077	0.006022077	0.006022077	4124
106	18	1000	986.890795	-0.013109205	0.013109205	4124
106	19	1000	1003.466070	0.003466070	0.003466070	4124
106	20	5000	5080.138191	0.016027638	0.016027638	4124
106	21	5000	5038.868321	0.007773664	0.007773664	4124
106	22	5000	4984.480800	-0.003103840	0.003103840	4124
106	23	10000	9994.364457	-0.000563554	0.000563554	4124
107	0	1000	1016.262082	0.016262082	0.016262082	4124
107	1	1000	977.993351	-0.022006649	0.022006649	4124
107	2	1000	980.533506	-0.019466494	0.019466494	4124
107	3	1000	1012.419079	0.012419079	0.012419079	4124
107	4	1000	991.983739	-0.008016261	0.008016261	4124
107	5	1000	1007.300678	0.007300678	0.007300678	4124
107	6	1000	985.618547	-0.014381453	0.014381453	4124
107	7	1000	997.083024	-0.002916976	0.002916976	4124
107	8	1000	1000.911658	0.000911658	0.000911658	4124
107	9	1000	1013.699680	0.013699680	0.013699680	4124
107	10	1000	998.358838	-0.001641162	0.001641162	4124
107	11	1000	1000.911658	0.000911658	0.000911658	4124
107	12	1000	998.358838	-0.001641162	0.001641162	4124
107	13	1000	991.983739	-0.008016261	0.008016261	4124
107	14	1000	1022.675110	0.022675110	0.022675110	4124
107	15	1000	1007.300678	0.007300678	0.007300678	4124
107	16	1000	1013.699680	0.013699680	0.013699680	4124
107	17	1000	1006.022077	0.006022077	0.006022077	4124
107	18	1000	1000.911658	0.000911658	0.000911658	4124
107	19	1000	1011.138879	0.011138879	0.011138879	4124
107	20	5000	4910.857903	-0.017828419	0.017828419	4124
107	21	5000	4984.480800	-0.003103840	0.003103840	4124
107	22	5000	5052.578794	0.010515759	0.010515759	4124
107	23	10000	10158.226307	0.015822631	0.015822631	4124
108	0	1000	1022.675110	0.022675110	0.022675110	4124
108	1	1000	997.083024	-0.002916976	0.002916976	4124
108	2	1000	1004.743874	0.004743874	0.004743874	4124
108	3	1000	1006.022077	0.006022077	0.006022077	4124
108	4	1000	997.083024	-0.002916976	0.002916976	4124
108	5	1000	998.358838	-0.001641162	0.001641162	4124
108	6	1000	1004.743874	0.004743874	0.004743874	4124
108	7	1000	1013.699680	0.013699680	0.013699680	4124
108	8	1000	1007.300678	0.007300678	0.007300678	4124
108	9	1000	986.890795	-0.013109205	0.013109205	4124
108	10	1000	1000.911658	0.000911658	0.000911658	4124
108	11	1000	1013.699680	0.013699680	0.013699680	4124
108	12	1000	1016.262082	0.016262082	0.016262082	4124
108	13	1000	995.807607	-0.004192393	0.004192393	4124
108	14	1000	989.436475	-0.010563525	0.010563525	4124
108	15	1000	1013.699680	0.013699680	0.013699680	4124
108	16	1000	993.257965	-0.006742035	0.006742035	4124
108	17	1000	1007.300678	0.007300678	0.007300678	4124
108	18	1000	1020.108694	0.020108694	0.020108694	4124
108	19	1000	1002.188665	0.002188665	0.002188665	4124
108	20	5000	4848.322337	-0.030335533	0.030335533	4124
108	21	5000	4984.480800	-0.003103840	0.003103840	4124
108	22	5000	5018.388278	0.003677656	0.003677656	4124
108	23	10000	9803.818473	-0.019618153	0.019618153	4124
109	0	1000	999.635049	-0.000364951	0.000364951	4124
109	1	1000	1000.911658	0.000911658	0.000911658	4124
109	2	1000	997.083024	-0.002916976	0.002916976	4124
109	3	1000	991.983739	-0.008016261	0.008016261	4124
109	4	1000	1000.911658	0.000911658	0.000911658	4124
109	5	1000	1007.300678	0.007300678	0.007300678	4124
109	6	1000	1018.826088	0.018826088	0.018826088	4124
109	7	1000	1014.980680	0.014980680	0.014980680	4124
109	8	1000	1003.466070	0.003466070	0.003466070	4124
109	9	1000	1011.138879	0.011138879	0.011138879	4124
109	10	1000	983.075238	-0.016924762	0.016924762	4124
109	11	1000	984.346695	-0.015653305	0.015653305	4124
109	12	1000	1008.579679	0.008579679	0.008579679	4124
109	13	1000	998.358838	-0.001641162	0.001641162	4124
109	14	1000	1003.466070	0.003466070	0.003466070	4124
109	15	1000	1000.911658	0.000911658	0.000911658	4124
109	16	1000	999.635049	-0.000364951	0.000364951	4124
109	17	1000	1038.107467	0.038107467	0.038107467	4124
109	18	1000	999.635049	-0.000364951	0.000364951	4124
109	19	1000	1017.543884	0.017543884	0.017543884	4124
109	20	5000	4917.496478	-0.016500704	0.016500704	4124
109	21	5000	5135.819593	0.027163919	0.027163919	4124
109	22	5000	5042.291639	0.008458328	0.008458328	4124
109	23	10000	10005.853945	0.000585395	0.000585395	4124
110	0	1000	995.807607	-0.004192393	0.004192393	4124
110	1	1000	1006.022077	0.006022077	0.006022077	4124
110	2	1000	972.917762	-0.027082238	0.027082238	4124
110	3	1000	1004.743874	0.004743874	0.004743874	4124
110	4	1000	998.358838	-0.001641162	0.001641162	4124
110	5	1000	1003.466070	0.003466070	0.003466070	4124
110	6	1000	1016.262082	0.016262082	0.016262082	4124
110	7	1000	1011.138879	0.011138879	0.011138879	4124
110	8	1000	997.083024	-0.002916976	0.002916976	4124
110	9	1000	997.083024	-0.002916976	0.002916976	4124
110	10	1000	1009.859079	0.009859079	0.009859079	4124
110	11	1000	1009.859079	0.009859079	0.009859079	4124
110	12	1000	1000.911658	0.000911658	0.000911658	4124
110	13	1000	984.346695	-0.015653305	0.015653305	4124
110	14	1000	1006.022077	0.006022077	0.006022077	4124
110	15	1000	1004.743874	0.004743874	0.004743874	4124
110	16	1000	1022.675110	0.022675110	0.022675110	4124
110	17	1000	995.807607	-0.004192393	0.004192393	4124
110	18	1000	1000.911658	0.000911658	0.000911658	4124
110	19	1000	1008.579679	0.008579679	0.008579679	4124
110	20	5000	4987.858944	-0.002428211	0.002428211	4124
110	21	5000	5080.138191	0.016027638	0.016027638	4124
110	22	5000	5021.794515	0.004358903	0.004358903	4124
110	23	10000	9727.863978	-0.027213602	0.027213602	4124
111	0	1000	986.890795	-0.013109205	0.013109205	4124
111	1	1000	1007.300678	0.007300678	0.007300678	4124
111	2	1000	1018.826088	0.018826088	0.018826088	4124
111	3	1000	1009.859079	0.009859079	0.009859079	4124
111	4	1000	1011.138879	0.011138879	0.011138879	4124
111	5	1000	1000.911658	0.000911658	0.000911658	4124
111	6	1000	1013.699680	0.013699680	0.013699680	4124
111	7	1000	994.532588	-0.005467412	0.005467412	4124
111	8	1000	1013.699680	0.013699680	0.013699680	4124
111	9	1000	1016.262082	0.016262082	0.016262082	4124
111	10	1000	999.635049	-0.000364951	0.000364951	4124
111	11	1000	1013.699680	0.013699680	0.013699680	4124
111	12	1000	997.083024	-0.002916976	0.002916976	4124
111	13	1000	1003.466070	0.003466070	0.003466070	4124
111	14	1000	1021.391701	0.021391701	0.021391701	4124
111	15	1000	995.807607	-0.004192393	0.004192393	4124
111	16	1000	1011.138879	0.011138879	0.011138879	4124
111	17	1000	977.993351	-0.022006649	0.022006649	4124
111	18	1000	1004.743874	0.004743874	0.004743874	4124
111	19	1000	1009.859079	0.009859079	0.009859079	4124
111	20	5000	5028.615500	0.005723100	0.005723100	4124
111	21	5000	5052.578794	0.010515759	0.010515759	4124
111	22	5000	5073.230939	0.014646188	0.014646188	4124
111	23	10000	9727.863978	-0.027213602	0.027213602	4124
112	0	1000	1008.579679	0.008579679	0.008579679	4124
112	1	1000	960.256237	-0.039743763	0.039743763	4124
112	2	1000	985.618547	-0.014381453	0.014381453	4124
112	3	1000	1017.543884	0.017543884	0.017543884	4124
112	4	1000	1020.108694	0.020108694	0.020108694	4124
112	5	1000	1006.022077	0.006022077	0.006022077	4124
112	6	1000	999.635049	-0.000364951	0.000364951	4124
112	7	1000	985.618547	-0.014381453	0.014381453	4124
112	8	1000	999.635049	-0.000364951	0.000364951	4124
112	9	1000	999.635049	-0.000364951	0.000364951	4124
112	10	1000	1002.188665	0.002188665	0.002188665	4124
112	11	1000	998.358838	-0.001641162	0.001641162	4124
112	12	1000	991.983739	-0.008016261	0.008016261	4124
112	13	1000	1002.188665	0.002188665	0.002188665	4124
112	14	1000	1008.579679	0.008579679	0.008579679	4124
112	15	1000	1002.188665	0.002188665	0.002188665	4124
112	16	1000	1013.699680	0.013699680	0.013699680	4124
112	17	1000	988.163437	-0.011836563	0.011836563	4124
112	18	1000	1003.466070	0.003466070	0.003466070	4124
112	19	1000	1012.419079	0.012419079	0.012419079	4124
112	20	5000	4867.967458	-0.026406508	0.026406508	4124
112	21	5000	5104.405719	0.020881144	0.020881144	4124
112	22	5000	4934.140142	-0.013171972	0.013171972	4124
112	23	10000	9653.292348	-0.034670765	0.034670765	4124
113	0	1000	990.709909	-0.009290091	0.009290091	4124
113	1	1000	972.917762	-0.027082238	0.027082238	4124
113	2	1000	1006.022077	0.006022077	0.006022077	4124
113	3	1000	988.163437	-0.011836563	0.011836563	4124
113	4	1000	1011.138879	0.011138879	0.011138879	4124
113	5	1000	1011.138879	0.011138879	0.011138879	4124
113	6	1000	998.358838	-0.001641162	0.001641162	4124
113	7	1000	995.807607	-0.004192393	0.004192393	4124
113	8	1000	981.804175	-0.018195825	0.018195825	4124
113	9	1000	986.890795	-0.013109205	0.013109205	4124
113	10	1000	1007.300678	0.007300678	0.007300678	4124
113	11	1000	991.983739	-0.008016261	0.008016261	4124
113	12	1000	1006.022077	0.006022077	0.006022077	4124
113	13	1000	1007.300678	0.007300678	0.007300678	4124
113	14	1000	1008.579679	0.008579679	0.008579679	4124
113	15	1000	986.890795	-0.013109205	0.013109205	4124
113	16	1000	1026.527751	0.026527751	0.026527751	4124
113	17	1000	1003.466070	0.003466070	0.003466070	4124
113	18	1000	995.807607	-0.004192393	0.004192393	4124
113	19	1000	1008.579679	0.008579679	0.008579679	4124
113	20	5000	5014.984871	0.002996974	0.002996974	4124
113	21	5000	5004.791585	0.000958317	0.000958317	4124
113	22	5000	4934.140142	-0.013171972	0.013171972	4124
113	23	10000	9749.421923	-0.025057808	0.025057808	4124
114	0	1000	1017.543884	0.017543884	0.017543884	4124
114	1	1000	1008.579679	0.008579679	0.008579679	4124
114	2	1000	1002.188665	0.002188665	0.002188665	4124
114	3	1000	986.890795	-0.013109205	0.013109205	4124
114	4	1000	1011.138879	0.011138879	0.011138879	4124
114	5	1000	1017.543884	0.017543884	0.017543884	4124
114	6	1000	967.848454	-0.032151546	0.032151546	4124
114	7	1000	993.257965	-0.006742035	0.006742035	4124
114	8	1000	971.649847	-0.028350153	0.028350153	4124
114	9	1000	1008.579679	0.008579679	0.008579679	4124
114	10	1000	993.257965	-0.006742035	0.006742035	4124
114	11	1000	1011.138879	0.011138879	0.011138879	4124
114	12	1000	1000.911658	0.000911658	0.000911658	4124
114	13	1000	1009.859079	0.009859079	0.009859079	4124
114	14	1000	1009.859079	0.009859079	0.009859079	4124
114	15	1000	1029.098194	0.029098194	0.029098194	4124
114	16	1000	1008.579679	0.008579679	0.008579679	4124
114	17	1000	997.083024	-0.002916976	0.002916976	4124
114	18	1000	995.807607	-0.004192393	0.004192393	4124
114	19	1000	998.358838	-0.001641162	0.001641162	4124
114	20	5000	4934.140142	-0.013171972	0.013171972	4124
114	21	5000	4967.631743	-0.006473651	0.006473651	4124
114	22	5000	4881.116747	-0.023776651	0.023776651	4124
114	23	10000	9538.784255	-0.046121574	0.046121574	4124
115	0	1000	995.807607	-0.004192393	0.004192393	4124
115	1	1000	994.532588	-0.005467412	0.005467412	4124
115	2	1000	993.257965	-0.006742035	0.006742035	4124
115	3	1000	977.993351	-0.022006649	0.022006649	4124
115	4	1000	1009.859079	0.009859079	0.009859079	4124
115	5	1000	989.436475	-0.010563525	0.010563525	4124
115	6	1000	989.436475	-0.010563525	0.010563525	4124
115	7	1000	1000.911658	0.000911658	0.000911658	4124
115	8	1000	1000.911658	0.000911658	0.000911658	4124
115	9	1000	989.436475	-0.010563525	0.010563525	4124
115	10	1000	1003.466070	0.003466070	0.003466070	4124
115	11	1000	1009.859079	0.009859079	0.009859079	4124
115	12	1000	998.358838	-0.001641162	0.001641162	4124
115	13	1000	995.807607	-0.004192393	0.004192393	4124
115	14	1000	1008.579679	0.008579679	0.008579679	4124
115	15	1000	998.358838	-0.001641162	0.001641162	4124
115	16	1000	1006.022077	0.006022077	0.006022077	4124
115	17	1000	989.436475	-0.010563525	0.010563525	4124
115	18	1000	994.532588	-0.005467412	0.005467412	4124
115	19	1000	1000.911658	0.000911658	0.000911658	4124
115	20	5000	4998.010127	-0.000397975	0.000397975	4124
115	21	5000	4937.477005	-0.012504599	0.012504599	4124
115	22	5000	5028.615500	0.005723100	0.005723100	4124
115	23	10000	10341.386479	0.034138648	0.034138648	4124
116	0	1000	997.083024	-0.002916976	0.002916976	4124
116	1	1000	1008.579679	0.008579679	0.008579679	4124
116	2	1000	993.257965	-0.006742035	0.006742035	4124
116	3	1000	989.436475	-0.010563525	0.010563525	4124
116	4	1000	994.532588	-0.005467412	0.005467412	4124
116	5	1000	1003.466070	0.003466070	0.003466070	4124
116	6	1000	1009.859079	0.009859079	0.009859079	4124
116	7	1000	1017.543884	0.017543884	0.017543884	4124
116	8	1000	1025.243135	0.025243135	0.025243135	4124
116	9	1000	1013.699680	0.013699680	0.013699680	4124
116	10	1000	1009.859079	0.009859079	0.009859079	4124
116	11	1000	971.649847	-0.028350153	0.028350153	4124
116	12	1000	1012.419079	0.012419079	0.012419079	4124
116	13	1000	997.083024	-0.002916976	0.002916976	4124
116	14	1000	988.163437	-0.011836563	0.011836563	4124
116	15	1000	1022.675110	0.022675110	0.022675110	4124
116	16	1000	995.807607	-0.004192393	0.004192393	4124
116	17	1000	1004.743874	0.004743874	0.004743874	4124
116	18	1000	1006.022077	0.006022077	0.006022077	4124
116	19	1000	1011.138879	0.011138879	0.011138879	4124
116	20	5000	5100.930114	0.020186023	0.020186023	4124
116	21	5000	5025.203588	0.005040718	0.005040718	4124
116	22	5000	5059.451279	0.011890256	0.011890256	4124
116	23	10000	10052.136924	0.005213692	0.005213692	4124
117	0	1000	994.532588	-0.005467412	0.005467412	4124
117	1	1000	989.436475	-0.010563525	0.010563525	4124
117	2	1000	1006.022077	0.006022077	0.006022077	4124
117	3	1000	1000.911658	0.000911658	0.000911658	4124
117	4	1000	1008.579679	0.008579679	0.008579679	4124
117	5	1000	999.635049	-0.000364951	0.000364951	4124
117	6	1000	1004.743874	0.004743874	0.004743874	4124
117	7	1000	1008.579679	0.008579679	0.008579679	4124
117	8	1000	994.532588	-0.005467412	0.005467412	4124
117	9	1000	971.649847	-0.028350153	0.028350153	4124
117	10	1000	991.983739	-0.008016261	0.008016261	4124
117	11	1000	1012.419079	0.012419079	0.012419079	4124
117	12	1000	984.346695	-0.015653305	0.015653305	4124
117	13	1000	980.533506	-0.019466494	0.019466494	4124
117	14	1000	974.186070	-0.025813930	0.025813930	4124
117	15	1000	1003.466070	0.003466070	0.003466070	4124
117	16	1000	1011.138879	0.011138879	0.011138879	4124
117	17	1000	997.083024	-0.002916976	0.002916976	4124
117	18	1000	1002.188665	0.002188665	0.002188665	4124
117	19	1000	994.532588	-0.005467412	0.005467412	4124
117	20	5000	4967.631743	-0.006473651	0.006473651	4124
117	21	5000	4987.858944	-0.002428211	0.002428211	4124
117	22	5000	4994.623603	-0.001075279	0.001075279	4124
117	23	10000	10110.735920	0.011073592	0.011073592	4124
118	0	1000	1000.911658	0.000911658	0.000911658	4124
118	1	1000	1014.980680	0.014980680	0.014980680	4124
118	2	1000	990.709909	-0.009290091	0.009290091	4124
118	3	1000	984.346695	-0.015653305	0.015653305	4124
118	4	1000	1026.527751	0.026527751	0.026527751	4124
118	5	1000	990.709909	-0.009290091	0.009290091	4124
118	6	1000	1011.138879	0.011138879	0.011138879	4124
118	7	1000	989.436475	-0.010563525	0.010563525	4124
118	8	1000	1000.911658	0.000911658	0.000911658	4124
118	9	1000	977.993351	-0.022006649	0.022006649	4124
118	10	1000	980.533506	-0.019466494	0.019466494	4124
118	11	1000	1004.743874	0.004743874	0.004743874	4124
118	12	1000	1004.743874	0.004743874	0.004743874	4124
118	13	1000	1009.859079	0.009859079	0.009859079	4124
118	14	1000	999.635049	-0.000364951	0.000364951	4124
118	15	1000	1004.743874	0.004743874	0.004743874	4124
118	16	1000	1004.743874	0.004743874	0.004743874	4124
118	17	1000	990.709909	-0.009290091	0.009290091	4124
118	18	1000	1000.911658	0.000911658	0.000911658	4124
118	19	1000	1004.743874	0.004743874	0.004743874	4124
118	20	5000	5001.399453	0.000279891	0.000279891	4124
118	21	5000	5018.388278	0.003677656	0.003677656	4124
118	22	5000	4991.239877	-0.001752025	0.001752025	4124
118	23	10000	9847.861908	-0.015213809	0.015213809	4124
119	0	1000	1002.188665	0.002188665	0.002188665	4124
119	1	1000	990.709909	-0.009290091	0.009290091	4124
119	2	1000	983.075238	-0.016924762	0.016924762	4124
119	3	1000	1002.188665	0.002188665	0.002188665	4124
119	4	1000	999.635049	-0.000364951	0.000364951	4124
119	5	1000	999.635049	-0.000364951	0.000364951	4124
119	6	1000	1011.138879	0.011138879	0.011138879	4124
119	7	1000	994.532588	-0.005467412	0.005467412	4124
119	8	1000	986.890795	-0.013109205	0.013109205	4124
119	9	1000	988.163437	-0.011836563	0.011836563	4124
119	10	1000	989.436475	-0.010563525	0.010563525	4124
119	11	1000	991.983739	-0.008016261	0.008016261	4124
119	12	1000	1007.300678	0.007300678	0.007300678	4124
119	13	1000	1000.911658	0.000911658	0.000911658	4124
119	14	1000	1003.466070	0.003466070	0.003466070	4124
119	15	1000	1000.911658	0.000911658	0.000911658	4124
119	16	1000	972.917762	-0.027082238	0.027082238	4124
119	17	1000	1011.138879	0.011138879	0.011138879	4124
119	18	1000	1012.419079	0.012419079	0.012419079	4124
119	19	1000	1025.243135	0.025243135	0.025243135	4124
119	20	5000	5008.186530	0.001637306	0.001637306	4124
119	21	5000	5132.317241	0.026463448	0.026463448	4124
119	22	5000	4974.363051	-0.005127390	0.005127390	4124
119	23	10000	10182.179592	0.018217959	0.018217959	4124
120	0	1000	990.709909	-0.009290091	0.009290091	4124
120	1	1000	975.454771	-0.024545229	0.024545229	4124
120	2	1000	995.807607	-0.004192393	0.004192393	4124
120	3	1000	999.635049	-0.000364951	0.000364951	4124
120	4	1000	1009.859079	0.009859079	0.009859079	4124
120	5	1000	1011.138879	0.011138879	0.011138879	4124
120	6	1000	994.532588	-0.005467412	0.005467412	4124
120	7	1000	1004.743874	0.004743874	0.004743874	4124
120	8	1000	998.358838	-0.001641162	0.001641162	4124
120	9	1000	983.075238	-0.016924762	0.016924762	4124
120	10	1000	984.346695	-0.015653305	0.015653305	4124
120	11	1000	1004.743874	0.004743874	0.004743874	4124
120	12	1000	999.635049	-0.000364951	0.000364951	4124
120	13	1000	1007.300678	0.007300678	0.007300678	4124
120	14	1000	998.358838	-0.001641162	0.001641162	4124
120	15	1000	999.635049	-0.000364951	0.000364951	4124
120	16	1000	1003.466070	0.003466070	0.003466070	4124
120	17	1000	998.358838	-0.001641162	0.001641162	4124
120	18	1000	999.635049	-0.000364951	0.000364951	4124
120	19	1000	975.454771	-0.024545229	0.024545229	4124
120	20	5000	4944.158899	-0.011168220	0.011168220	4124
120	21	5000	5001.399453	0.000279891	0.000279891	4124
120	22	5000	5059.451279	0.011890256	0.011890256	4124
120	23	10000	10052.136924	0.005213692	0.005213692	4124
121	0	1000	990.709909	-0.009290091	0.009290091	4124
121	1	1000	990.709909	-0.009290091	0.009290091	4124
121	2	1000	1011.138879	0.011138879	0.011138879	4124
121	3	1000	995.807607	-0.004192393	0.004192393	4124
121	4	1000	1003.466070	0.003466070	0.003466070	4124
121	5	1000	1007.300678	0.007300678	0.007300678	4124
121	6	1000	1011.138879	0.011138879	0.011138879	4124
121	7	1000	1011.138879	0.011138879	0.011138879	4124
121	8	1000	1011.138879	0.011138879	0.011138879	4124
121	9	1000	989.436475	-0.010563525	0.010563525	4124
121	10	1000	980.533506	-0.019466494	0.019466494	4124
121	11	1000	970.382324	-0.029617676	0.029617676	4124
121	12	1000	989.436475	-0.010563525	0.010563525	4124
121	13	1000	1012.419079	0.012419079	0.012419079	4124
121	14	1000	1003.466070	0.003466070	0.003466070	4124
121	15	1000	1016.262082	0.016262082	0.016262082	4124
121	16	1000	1009.859079	0.009859079	0.009859079	4124
121	17	1000	1006.022077	0.006022077	0.006022077	4124
121	18	1000	1002.188665	0.002188665	0.002188665	4124
121	19	1000	994.532588	-0.005467412	0.005467412	4124
121	20	5000	5025.203588	0.005040718	0.005040718	4124
121	21	5000	4984.480800	-0.003103840	0.003103840	4124
121	22	5000	4917.496478	-0.016500704	0.016500704	4124
121	23	10000	10028.930063	0.002893006	0.002893006	4124
122	0	1000	988.163437	-0.011836563	0.011836563	4124
122	1	1000	1022.675110	0.022675110	0.022675110	4124
122	2	1000	1000.911658	0.000911658	0.000911658	4124
122	3	1000	1011.138879	0.011138879	0.011138879	4124
122	4	1000	1000.911658	0.000911658	0.000911658	4124
122	5	1000	1009.859079	0.009859079	0.009859079	4124
122	6	1000	986.890795	-0.013109205	0.013109205	4124
122	7	1000	985.618547	-0.014381453	0.014381453	4124
122	8	1000	1003.466070	0.003466070	0.003466070	4124
122	9	1000	1004.743874	0.004743874	0.004743874	4124
122	10	1000	995.807607	-0.004192393	0.004192393	4124
122	11	1000	1006.022077	0.006022077	0.006022077	4124
122	12	1000	1012.419079	0.012419079	0.012419079	4124
122	13	1000	1013.699680	0.013699680	0.013699680	4124
122	14	1000	995.807607	-0.004192393	0.004192393	4124
122	15	1000	991.983739	-0.008016261	0.008016261	4124
122	16	1000	1002.188665	0.002188665	0.002188665	4124
122	17	1000	986.890795	-0.013109205	0.013109205	4124
122	18	1000	995.807607	-0.004192393	0.004192393	4124
122	19	1000	1000.911658	0.000911658	0.000911658	4124
122	20	5000	5224.366059	0.044873212	0.044873212	4124
122	21	5000	4887.707256	-0.022458549	0.022458549	4124
122	22	5000	4957.555477	-0.008488905	0.008488905	4124
122	23	10000	9982.907107	-0.001709289	0.001709289	4124
123	0	1000	1004.743874	0.004743874	0.004743874	4124
123	1	1000	991.983739	-0.008016261	0.008016261	4124
123	2	1000	1007.300678	0.007300678	0.007300678	4124
123	3	1000	991.983739	-0.008016261	0.008016261	4124
123	4	1000	1014.980680	0.014980680	0.014980680	4124
123	5	1000	988.163437	-0.011836563	0.011836563	4124
123	6	1000	980.533506	-0.019466494	0.019466494	4124
123	7	1000	1007.300678	0.007300678	0.007300678	4124
123	8	1000	997.083024	-0.002916976	0.002916976	4124
123	9	1000	1016.262082	0.016262082	0.016262082	4124
123	10	1000	998.358838	-0.001641162	0.001641162	4124
123	11	1000	1011.138879	0.011138879	0.011138879	4124
123	12	1000	1012.419079	0.012419079	0.012419079	4124
123	13	1000	1006.022077	0.006022077	0.006022077	4124
123	14	1000	1008.579679	0.008579679	0.008579679	4124
123	15	1000	984.346695	-0.015653305	0.015653305	4124
123	16	1000	1011.138879	0.011138879	0.011138879	4124
123	17	1000	1007.300678	0.007300678	0.007300678	4124
123	18	1000	998.358838	-0.001641162	0.001641162	4124
123	19	1000	1016.262082	0.016262082	0.016262082	4124
123	20	5000	4900.920170	-0.019815966	0.019815966	4124
123	21	5000	5049.146871	0.009829374	0.009829374	4124
123	22	5000	5083.596191	0.016719238	0.016719238	4124
123	23	10000	9937.395527	-0.006260447	0.006260447	4124
124	0	1000	1008.579679	0.008579679	0.008579679	4124
124	1	1000	1016.262082	0.016262082	0.016262082	4124
124	2	1000	1008.579679	0.008579679	0.008579679	4124
124	3	1000	1009.859079	0.009859079	0.009859079	4124
124	4	1000	983.075238	-0.016924762	0.016924762	4124
124	5	1000	1012.419079	0.012419079	0.012419079	4124
124	6	1000	1009.859079	0.009859079	0.009859079	4124
124	7	1000	1004.743874	0.004743874	0.004743874	4124
124	8	1000	1002.188665	0.002188665	0.002188665	4124
124	9	1000	999.635049	-0.000364951	0.000364951	4124
124	10	1000	997.083024	-0.002916976	0.002916976	4124
124	11	1000	990.709909	-0.009290091	0.009290091	4124
124	12	1000	991.983739	-0.008016261	0.008016261	4124
124	13	1000	988.163437	-0.011836563	0.011836563	4124
124	14	1000	991.983739	-0.008016261	0.008016261	4124
124	15	1000	1025.243135	0.025243135	0.025243135	4124
124	16	1000	977.993351	-0.022006649	0.022006649	4124
124	17	1000	998.358838	-0.001641162	0.001641162	4124
124	18	1000	1009.859079	0.009859079	0.009859079	4124
124	19	1000	1003.466070	0.003466070	0.003466070	4124
124	20	5000	5052.578794	0.010515759	0.010515759	4124
124	21	5000	5056.013595	0.011202719	0.011202719	4124
124	22	5000	5062.891850	0.012578370	0.012578370	4124
124	23	10000	9926.096210	-0.007390379	0.007390379	4124
125	0	1000	1017.543884	0.017543884	0.017543884	4124
125	1	1000	997.083024	-0.002916976	0.002916976	4124
125	2	1000	999.635049	-0.000364951	0.000364951	4124
125	3	1000	994.532588	-0.005467412	0.005467412	4124
125	4	1000	999.635049	-0.000364951	0.000364951	4124
125	5	1000	991.983739	-0.008016261	0.008016261	4124
125	6	1000	1002.188665	0.002188665	0.002188665	4124
125	7	1000	1014.980680	0.014980680	0.014980680	4124
125	8	1000	1000.911658	0.000911658	0.000911658	4124
125	9	1000	1002.188665	0.002188665	0.002188665	4124
125	10	1000	997.083024	-0.002916976	0.002916976	4124
125	11	1000	998.358838	-0.001641162	0.001641162	4124
125	12	1000	989.436475	-0.010563525	0.010563525	4124
125	13	1000	977.993351	-0.022006649	0.022006649	4124
125	14	1000	990.709909	-0.009290091	0.009290091	4124
125	15	1000	997.083024	-0.002916976	0.002916976	4124
125	16	1000	985.618547	-0.014381453	0.014381453	4124
125	17	1000	1016.262082	0.016262082	0.016262082	4124
125	18	1000	990.709909	-0.009290091	0.009290091	4124
125	19	1000	1007.300678	0.007300678	0.007300678	4124
125	20	5000	4937.477005	-0.012504599	0.012504599	4124
125	21	5000	5128.817882	0.025763576	0.025763576	4124
125	22	5000	4947.503938	-0.010499212	0.010499212	4124
125	23	10000	10087.195626	0.008719563	0.008719563	4124
126	0	1000	993.257965	-0.006742035	0.006742035	4124
126	1	1000	983.075238	-0.016924762	0.016924762	4124
126	2	1000	1000.911658	0.000911658	0.000911658	4124
126	3	1000	993.257965	-0.006742035	0.006742035	4124
126	4	1000	1004.743874	0.004743874	0.004743874	4124
126	5	1000	1004.743874	0.004743874	0.004743874	4124
126	6	1000	997.083024	-0.002916976	0.002916976	4124
126	7	1000	1023.958921	0.023958921	0.023958921	4124
126	8	1000	1006.022077	0.006022077	0.006022077	4124
126	9	1000	1011.138879	0.011138879	0.011138879	4124
126	10	1000	1007.300678	0.007300678	0.007300678	4124
126	11	1000	1007.300678	0.007300678	0.007300678	4124
126	12	1000	1006.022077	0.006022077	0.006022077	4124
126	13	1000	1006.022077	0.006022077	0.006022077	4124
126	14	1000	1002.188665	0.002188665	0.002188665	4124
126	15	1000	999.635049	-0.000364951	0.000364951	4124
126	16	1000	997.083024	-0.002916976	0.002916976	4124
126	17	1000	999.635049	-0.000364951	0.000364951	4124
126	18	1000	1008.579679	0.008579679	0.008579679	4124
126	19	1000	1009.859079	0.009859079	0.009859079	4124
126	20	5000	4773.876985	-0.045224603	0.045224603	4124
126	21	5000	4786.727191	-0.042654562	0.042654562	4124
126	22	5000	4904.230070	-0.019153986	0.019153986	4124
126	23	10000	10005.853945	0.000585395	0.000585395	4124
127	0	1000	997.083024	-0.002916976	0.002916976	4124
127	1	1000	1008.579679	0.008579679	0.008579679	4124
127	2	1000	1007.300678	0.007300678	0.007300678	4124
127	3	1000	1004.743874	0.004743874	0.004743874	4124
127	4	1000	1021.391701	0.021391701	0.021391701	4124
127	5	1000	1011.138879	0.011138879	0.011138879	4124
127	6	1000	999.635049	-0.000364951	0.000364951	4124
127	7	1000	998.358838	-0.001641162	0.001641162	4124
127	8	1000	1013.699680	0.013699680	0.013699680	4124
127	9	1000	1003.466070	0.003466070	0.003466070	4124
127	10	1000	994.532588	-0.005467412	0.005467412	4124
127	11	1000	999.635049	-0.000364951	0.000364951	4124
127	12	1000	1003.466070	0.003466070	0.003466070	4124
127	13	1000	1008.579679	0.008579679	0.008579679	4124
127	14	1000	990.709909	-0.009290091	0.009290091	4124
127	15	1000	1006.022077	0.006022077	0.006022077	4124
127	16	1000	1027.812771	0.027812771	0.027812771	4124
127	17	1000	1008.579679	0.008579679	0.008579679	4124
127	18	1000	994.532588	-0.005467412	0.005467412	4124
127	19	1000	980.533506	-0.019466494	0.019466494	4124
127	20	5000	4917.496478	-0.016500704	0.016500704	4124
127	21	5000	4977.732858	-0.004453428	0.004453428	4124
127	22	5000	5052.578794	0.010515759	0.010515759	4124
127	23	10000	10040.517058	0.004051706	0.004051706	4124
128	0	1000	1007.300678	0.007300678	0.007300678	4124
128	1	1000	1007.300678	0.007300678	0.007300678	4124
128	2	1000	999.635049	-0.000364951	0.000364951	4124
128	3	1000	1004.743874	0.004743874	0.004743874	4124
128	4	1000	995.807607	-0.004192393	0.004192393	4124
128	5	1000	1004.743874	0.004743874	0.004743874	4124
128	6	1000	1002.188665	0.002188665	0.002188665	4124
128	7	1000	998.358838	-0.001641162	0.001641162	4124
128	8	1000	1000.911658	0.000911658	0.000911658	4124
128	9	1000	1013.699680	0.013699680	0.013699680	4124
128	10	1000	986.890795	-0.013109205	0.013109205	4124
128	11	1000	1016.262082	0.016262082	0.016262082	4124
128	12	1000	1020.108694	0.020108694	0.020108694	4124
128	13	1000	999.635049	-0.000364951	0.000364951	4124
128	14	1000	994.532588	-0.005467412	0.005467412	4124
128	15	1000	993.257965	-0.006742035	0.006742035	4124
128	16	1000	1011.138879	0.011138879	0.011138879	4124
128	17	1000	1006.022077	0.006022077	0.006022077	4124
128	18	1000	979.263232	-0.020736768	0.020736768	4124
128	19	1000	1012.419079	0.012419079	0.012419079	4124
128	20	5000	5093.987740	0.018797548	0.018797548	4124
128	21	5000	4907.542646	-0.018491471	0.018491471	4124
128	22	5000	5062.891850	0.012578370	0.012578370	4124
128	23	10000	10194.208969	0.019420897	0.019420897	4124
129	0	1000	990.709909	-0.009290091	0.009290091	4124
129	1	1000	983.075238	-0.016924762	0.016924762	4124
129	2	1000	994.532588	-0.005467412	0.005467412	4124
129	3	1000	1000.911658	0.000911658	0.000911658	4124
129	4	1000	997.083024	-0.002916976	0.002916976	4124
129	5	1000	990.709909	-0.009290091	0.009290091	4124
129	6	1000	993.257965	-0.006742035	0.006742035	4124
129	7	1000	1017.543884	0.017543884	0.017543884	4124
129	8	1000	998.358838	-0.001641162	0.001641162	4124
129	9	1000	1027.812771	0.027812771	0.027812771	4124
129	10	1000	1017.543884	0.017543884	0.017543884	4124
129	11	1000	1002.188665	0.002188665	0.002188665	4124
129	12	1000	1021.391701	0.021391701	0.021391701	4124
129	13	1000	995.807607	-0.004192393	0.004192393	4124
129	14	1000	997.083024	-0.002916976	0.002916976	4124
129	15	1000	977.993351	-0.022006649	0.022006649	4124
129	16	1000	994.532588	-0.005467412	0.005467412	4124
129	17	1000	990.709909	-0.009290091	0.009290091	4124
129	18	1000	998.358838	-0.001641162	0.001641162	4124
129	19	1000	1014.980680	0.014980680	0.014980680	4124
129	20	5000	4927.474558	-0.014505088	0.014505088	4124
129	21	5000	4910.857903	-0.017828419	0.017828419	4124
129	22	5000	5035.447861	0.007089572	0.007089572	4124
129	23	10000	10040.517058	0.004051706	0.004051706	4124
130	0	1000	1003.466070	0.003466070	0.003466070	4124
130	1	1000	1016.262082	0.016262082	0.016262082	4124
130	2	1000	995.807607	-0.004192393	0.004192393	4124
130	3	1000	1000.911658	0.000911658	0.000911658	4124
130	4	1000	1004.743874	0.004743874	0.004743874	4124
130	5	1000	999.635049	-0.000364951	0.000364951	4124
130	6	1000	993.257965	-0.006742035	0.006742035	4124
130	7	1000	989.436475	-0.010563525	0.010563525	4124
130	8	1000	1011.138879	0.011138879	0.011138879	4124
130	9	1000	993.257965	-0.006742035	0.006742035	4124
130	10	1000	1000.911658	0.000911658	0.000911658	4124
130	11	1000	998.358838	-0.001641162	0.001641162	4124
130	12	1000	990.709909	-0.009290091	0.009290091	4124
130	13	1000	1006.022077	0.006022077	0.006022077	4124
130	14	1000	1035.531366	0.035531366	0.035531366	4124
130	15	1000	1007.300678	0.007300678	0.007300678	4124
130	16	1000	1002.188665	0.002188665	0.002188665	4124
130	17	1000	1000.911658	0.000911658	0.000911658	4124
130	18	1000	995.807607	-0.004192393	0.004192393	4124
130	19	1000	1009.859079	0.009859079	0.009859079	4124
130	20	5000	4964.270233	-0.007145953	0.007145953	4124
130	21	5000	5008.186530	0.001637306	0.001637306	4124
130	22	5000	4977.732858	-0.004453428	0.004453428	4124
130	23	10000	10206.273779	0.020627378	0.020627378	4124
131	0	1000	991.983739	-0.008016261	0.008016261	4124
131	1	1000	1004.743874	0.004743874	0.004743874	4124
131	2	1000	990.709909	-0.009290091	0.009290091	4124
131	3	1000	976.723864	-0.023276136	0.023276136	4124
131	4	1000	1006.022077	0.006022077	0.006022077	4124
131	5	1000	1006.022077	0.006022077	0.006022077	4124
131	6	1000	998.358838	-0.001641162	0.001641162	4124
131	7	1000	993.257965	-0.006742035	0.006742035	4124
131	8	1000	975.454771	-0.024545229	0.024545229	4124
131	9	1000	1009.859079	0.009859079	0.009859079	4124
131	10	1000	994.532588	-0.005467412	0.005467412	4124
131	11	1000	1003.466070	0.003466070	0.003466070	4124
131	12	1000	989.436475	-0.010563525	0.010563525	4124
131	13	1000	999.635049	-0.000364951	0.000364951	4124
131	14	1000	998.358838	-0.001641162	0.001641162	4124
131	15	1000	998.358838	-0.001641162	0.001641162	4124
131	16	1000	985.618547	-0.014381453	0.014381453	4124
131	17	1000	994.532588	-0.005467412	0.005467412	4124
131	18	1000	1004.743874	0.004743874	0.004743874	4124
131	19	1000	990.709909	-0.009290091	0.009290091	4124
131	20	5000	5014.984871	0.002996974	0.002996974	4124
131	21	5000	5038.868321	0.007773664	0.007773664	4124
131	22	5000	4914.175845	-0.017164831	0.017164831	4124
131	23	10000	10468.207755	0.046820776	0.046820776	4124
132	0	1000	988.163437	-0.011836563	0.011836563	4124
132	1	1000	998.358838	-0.001641162	0.001641162	4124
132	2	1000	976.723864	-0.023276136	0.023276136	4124
132	3	1000	984.346695	-0.015653305	0.015653305	4124
132	4	1000	1004.743874	0.004743874	0.004743874	4124
132	5	1000	991.983739	-0.008016261	0.008016261	4124
132	6	1000	1002.188665	0.002188665	0.002188665	4124
132	7	1000	998.358838	-0.001641162	0.001641162	4124
132	8	1000	983.075238	-0.016924762	0.016924762	4124
132	9	1000	999.635049	-0.000364951	0.000364951	4124
132	10	1000	989.436475	-0.010563525	0.010563525	4124
132	11	1000	984.346695	-0.015653305	0.015653305	4124
132	12	1000	989.436475	-0.010563525	0.010563525	4124
132	13	1000	1006.022077	0.006022077	0.006022077	4124
132	14	1000	993.257965	-0.006742035	0.006742035	4124
132	15	1000	1000.911658	0.000911658	0.000911658	4124
132	16	1000	999.635049	-0.000364951	0.000364951	4124
132	17	1000	1003.466070	0.003466070	0.003466070	4124
132	18	1000	997.083024	-0.002916976	0.002916976	4124
132	19	1000	1000.911658	0.000911658	0.000911658	4124
132	20	5000	4914.175845	-0.017164831	0.017164831	4124
132	21	5000	5001.399453	0.000279891	0.000279891	4124
132	22	5000	4907.542646	-0.018491471	0.018491471	4124
132	23	10000	10098.948862	0.009894886	0.009894886	4124
133	0	1000	1013.699680	0.013699680	0.013699680	4124
133	1	1000	1018.826088	0.018826088	0.018826088	4124
133	2	1000	997.083024	-0.002916976	0.002916976	4124
133	3	1000	1020.108694	0.020108694	0.020108694	4124
133	4	1000	1008.579679	0.008579679	0.008579679	4124
133	5	1000	993.257965	-0.006742035	0.006742035	4124
133	6	1000	1006.022077	0.006022077	0.006022077	4124
133	7	1000	1029.098194	0.029098194	0.029098194	4124
133	8	1000	975.454771	-0.024545229	0.024545229	4124
133	9	1000	1018.826088	0.018826088	0.018826088	4124
133	10	1000	1000.911658	0.000911658	0.000911658	4124
133	11	1000	997.083024	-0.002916976	0.002916976	4124
133	12	1000	1008.579679	0.008579679	0.008579679	4124
133	13	1000	989.436475	-0.010563525	0.010563525	4124
133	14	1000	1020.108694	0.020108694	0.020108694	4124
133	15	1000	997.083024	-0.002916976	0.002916976	4124
133	16	1000	1014.980680	0.014980680	0.014980680	4124
133	17	1000	1004.743874	0.004743874	0.004743874	4124
133	18	1000	1006.022077	0.006022077	0.006022077	4124
133	19	1000	1016.262082	0.016262082	0.016262082	4124
133	20	5000	4984.480800	-0.003103840	0.003103840	4124
133	21	5000	4987.858944	-0.002428211	0.002428211	4124
133	22	5000	5111.365789	0.022273158	0.022273158	4124
133	23	10000	9792.881217	-0.020711878	0.020711878	4124
134	0	1000	988.163437	-0.011836563	0.011836563	4124
134	1	1000	1006.022077	0.006022077	0.006022077	4124
134	2	1000	995.807607	-0.004192393	0.004192393	4124
134	3	1000	995.807607	-0.004192393	0.004192393	4124
134	4	1000	1013.699680	0.013699680	0.013699680	4124
134	5	1000	991.983739	-0.008016261	0.008016261	4124
134	6	1000	989.436475	-0.010563525	0.010563525	4124
134	7	1000	1013.699680	0.013699680	0.013699680	4124
134	8	1000	986.890795	-0.013109205	0.013109205	4124
134	9	1000	1008.579679	0.008579679	0.008579679	4124
134	10	1000	1002.188665	0.002188665	0.002188665	4124
134	11	1000	1006.022077	0.006022077	0.006022077	4124
134	12	1000	1007.300678	0.007300678	0.007300678	4124
134	13	1000	1009.859079	0.009859079	0.009859079	4124
134	14	1000	1035.531366	0.035531366	0.035531366	4124
134	15	1000	991.983739	-0.008016261	0.008016261	4124
134	16	1000	984.346695	-0.015653305	0.015653305	4124
134	17	1000	998.358838	-0.001641162	0.001641162	4124
134	18	1000	1004.743874	0.004743874	0.004743874	4124
134	19	1000	1003.466070	0.003466070	0.003466070	4124
134	20	5000	4924.145830	-0.015170834	0.015170834	4124
134	21	5000	4950.851711	-0.009829658	0.009829658	4124
134	22	5000	4927.474558	-0.014505088	0.014505088	4124
134	23	10000	10110.735920	0.011073592	0.011073592	4124
135	0	1000	1000.911658	0.000911658	0.000911658	4124
135	1	1000	1009.859079	0.009859079	0.009859079	4124
135	2	1000	970.382324	-0.029617676	0.029617676	4124
135	3	1000	1002.188665	0.002188665	0.002188665	4124
135	4	1000	1004.743874	0.004743874	0.004743874	4124
135	5	1000	997.083024	-0.002916976	0.002916976	4124
135	6	1000	1009.859079	0.009859079	0.009859079	4124
135	7	1000	995.807607	-0.004192393	0.004192393	4124
135	8	1000	1020.108694	0.020108694	0.020108694	4124
135	9	1000	994.532588	-0.005467412	0.005467412	4124
135	10	1000	1017.543884	0.017543884	0.017543884	4124
135	11	1000	1006.022077	0.006022077	0.006022077	4124
135	12	1000	999.635049	-0.000364951	0.000364951	4124
135	13	1000	1002.188665	0.002188665	0.002188665	4124
135	14	1000	1000.911658	0.000911658	0.000911658	4124
135	15	1000	998.358838	-0.001641162	0.001641162	4124
135	16	1000	1017.543884	0.017543884	0.017543884	4124
135	17	1000	989.436475	-0.010563525	0.010563525	4124
135	18	1000	1003.466070	0.003466070	0.003466070	4124
135	19	1000	990.709909	-0.009290091	0.009290091	4124
135	20	5000	5087.057112	0.017411422	0.017411422	4124
135	21	5000	5032.030256	0.006406051	0.006406051	4124
135	22	5000	4960.911479	-0.007817704	0.007817704	4124
135	23	10000	9937.395527	-0.006260447	0.006260447	4124
136	0	1000	1022.675110	0.022675110	0.022675110	4124
136	1	1000	981.804175	-0.018195825	0.018195825	4124
136	2	1000	984.346695	-0.015653305	0.015653305	4124
136	3	1000	985.618547	-0.014381453	0.014381453	4124
136	4	1000	995.807607	-0.004192393	0.004192393	4124
136	5	1000	983.075238	-0.016924762	0.016924762	4124
136	6	1000	989.436475	-0.010563525	0.010563525	4124
136	7	1000	1007.300678	0.007300678	0.007300678	4124
136	8	1000	991.983739	-0.008016261	0.008016261	4124
136	9	1000	1018.826088	0.018826088	0.018826088	4124
136	10	1000	1009.859079	0.009859079	0.009859079	4124
136	11	1000	1006.022077	0.006022077	0.006022077	4124
136	12	1000	1006.022077	0.006022077	0.006022077	4124
136	13	1000	969.115193	-0.030884807	0.030884807	4124
136	14	1000	1012.419079	0.012419079	0.012419079	4124
136	15	1000	1007.300678	0.007300678	0.007300678	4124
136	16	1000	1006.022077	0.006022077	0.006022077	4124
136	17	1000	1004.743874	0.004743874	0.004743874	4124
136	18	1000	999.635049	-0.000364951	0.000364951	4124
136	19	1000	1011.138879	0.011138879	0.011138879	4124
136	20	5000	5001.399453	0.000279891	0.000279891	4124
136	21	5000	5128.817882	0.025763576	0.025763576	4124
136	22	5000	5035.447861	0.007089572	0.007089572	4124
136	23	10000	10353.893359	0.035389336	0.035389336	4124
137	0	1000	1006.022077	0.006022077	0.006022077	4124
137	1	1000	990.709909	-0.009290091	0.009290091	4124
137	2	1000	1026.527751	0.026527751	0.026527751	4124
137	3	1000	1013.699680	0.013699680	0.013699680	4124
137	4	1000	999.635049	-0.000364951	0.000364951	4124
137	5	1000	988.163437	-0.011836563	0.011836563	4124
137	6	1000	1011.138879	0.011138879	0.011138879	4124
137	7	1000	995.807607	-0.004192393	0.004192393	4124
137	8	1000	1000.911658	0.000911658	0.000911658	4124
137	9	1000	988.163437	-0.011836563	0.011836563	4124
137	10	1000	990.709909	-0.009290091	0.009290091	4124
137	11	1000	975.454771	-0.024545229	0.024545229	4124
137	12	1000	1009.859079	0.009859079	0.009859079	4124
137	13	1000	1007.300678	0.007300678	0.007300678	4124
137	14	1000	1009.859079	0.009859079	0.009859079	4124
137	15	1000	1006.022077	0.006022077	0.006022077	4124
137	16	1000	1009.859079	0.009859079	0.009859079	4124
137	17	1000	1012.419079	0.012419079	0.012419079	4124
137	18	1000	1007.300678	0.007300678	0.007300678	4124
137	19	1000	999.635049	-0.000364951	0.000364951	4124
137	20	5000	4998.010127	-0.000397975	0.000397975	4124
137	21	5000	5032.030256	0.006406051	0.006406051	4124
137	22	5000	5032.030256	0.006406051	0.006406051	4124
137	23	10000	9914.827977	-0.008517202	0.008517202	4124
138	0	1000	999.635049	-0.000364951	0.000364951	4124
138	1	1000	990.709909	-0.009290091	0.009290091	4124
138	2	1000	994.532588	-0.005467412	0.005467412	4124
138	3	1000	1006.022077	0.006022077	0.006022077	4124
138	4	1000	1009.859079	0.009859079	0.009859079	4124
138	5	1000	1003.466070	0.003466070	0.003466070	4124
138	6	1000	1007.300678	0.007300678	0.007300678	4124
138	7	1000	1002.188665	0.002188665	0.002188665	4124
138	8	1000	997.083024	-0.002916976	0.002916976	4124
138	9	1000	1002.188665	0.002188665	0.002188665	4124
138	10	1000	998.358838	-0.001641162	0.001641162	4124
138	11	1000	997.083024	-0.002916976	0.002916976	4124
138	12	1000	991.983739	-0.008016261	0.008016261	4124
138	13	1000	998.358838	-0.001641162	0.001641162	4124
138	14	1000	1000.911658	0.000911658	0.000911658	4124
138	15	1000	993.257965	-0.006742035	0.006742035	4124
138	16	1000	993.257965	-0.006742035	0.006742035	4124
138	17	1000	985.618547	-0.014381453	0.014381453	4124
138	18	1000	1013.699680	0.013699680	0.013699680	4124
138	19	1000	1012.419079	0.012419079	0.012419079	4124
138	20	5000	4984.480800	-0.003103840	0.003103840	4124
138	21	5000	4944.158899	-0.011168220	0.011168220	4124
138	22	5000	5011.584290	0.002316858	0.002316858	4124
138	23	10000	9914.827977	-0.008517202	0.008517202	4124
139	0	1000	1004.743874	0.004743874	0.004743874	4124
139	1	1000	1021.391701	0.021391701	0.021391701	4124
139	2	1000	999.635049	-0.000364951	0.000364951	4124
139	3	1000	1004.743874	0.004743874	0.004743874	4124
139	4	1000	998.358838	-0.001641162	0.001641162	4124
139	5	1000	965.316151	-0.034683849	0.034683849	4124
139	6	1000	985.618547	-0.014381453	0.014381453	4124
139	7	1000	1012.419079	0.012419079	0.012419079	4124
139	8	1000	998.358838	-0.001641162	0.001641162	4124
139	9	1000	1002.188665	0.002188665	0.002188665	4124
139	10	1000	1000.911658	0.000911658	0.000911658	4124
139	11	1000	988.163437	-0.011836563	0.011836563	4124
139	12	1000	988.163437	-0.011836563	0.011836563	4124
139	13	1000	983.075238	-0.016924762	0.016924762	4124
139	14	1000	1004.743874	0.004743874	0.004743874	4124
139	15	1000	1020.108694	0.020108694	0.020108694	4124
139	16	1000	1008.579679	0.008579679	0.008579679	4124
139	17	1000	991.983739	-0.008016261	0.008016261	4124
139	18	1000	998.358838	-0.001641162	0.001641162	4124
139	19	1000	979.263232	-0.020736768	0.020736768	4124
139	20	5000	4944.158899	-0.011168220	0.011168220	4124
139	21	5000	5066.335314	0.013267063	0.013267063	4124
139	22	5000	5032.030256	0.006406051	0.006406051	4124
139	23	10000	10110.735920	0.011073592	0.011073592	4124
140	0	1000	983.075238	-0.016924762	0.016924762	4124
140	1	1000	1013.699680	0.013699680	0.013699680	4124
140	2	1000	988.163437	-0.011836563	0.011836563	4124
140	3	1000	990.709909	-0.009290091	0.009290091	4124
140	4	1000	998.358838	-0.001641162	0.001641162	4124
140	5	1000	1002.188665	0.002188665	0.002188665	4124
140	6	1000	986.890795	-0.013109205	0.013109205	4124
140	7	1000	995.807607	-0.004192393	0.004192393	4124
140	8	1000	1009.859079	0.009859079	0.009859079	4124
140	9	1000	994.532588	-0.005467412	0.005467412	4124
140	10	1000	1011.138879	0.011138879	0.011138879	4124
140	11	1000	997.083024	-0.002916976	0.002916976	4124
140	12	1000	989.436475	-0.010563525	0.010563525	4124
140	13	1000	1009.859079	0.009859079	0.009859079	4124
140	14	1000	1007.300678	0.007300678	0.007300678	4124
140	15	1000	1030.384020	0.030384020	0.030384020	4124
140	16	1000	1014.980680	0.014980680	0.014980680	4124
140	17	1000	1009.859079	0.009859079	0.009859079	4124
140	18	1000	981.804175	-0.018195825	0.018195825	4124
140	19	1000	998.358838	-0.001641162	0.001641162	4124
140	20	5000	5049.146871	0.009829374	0.009829374	4124
140	21	5000	4987.858944	-0.002428211	0.002428211	4124
140	22	5000	4930.805994	-0.013838801	0.013838801	4124
140	23	10000	10353.893359	0.035389336	0.035389336	4124
141	0	1000	1006.022077	0.006022077	0.006022077	4124
141	1	1000	1004.743874	0.004743874	0.004743874	4124
141	2	1000	998.358838	-0.001641162	0.001641162	4124
141	3	1000	999.635049	-0.000364951	0.000364951	4124
141	4	1000	1003.466070	0.003466070	0.003466070	4124
141	5	1000	1022.675110	0.022675110	0.022675110	4124
141	6	1000	1000.911658	0.000911658	0.000911658	4124
141	7	1000	1011.138879	0.011138879	0.011138879	4124
141	8	1000	1007.300678	0.007300678	0.007300678	4124
141	9	1000	995.807607	-0.004192393	0.004192393	4124
141	10	1000	991.983739	-0.008016261	0.008016261	4124
141	11	1000	998.358838	-0.001641162	0.001641162	4124
141	12	1000	995.807607	-0.004192393	0.004192393	4124
141	13	1000	1003.466070	0.003466070	0.003466070	4124
141	14	1000	1002.188665	0.002188665	0.002188665	4124
141	15	1000	991.983739	-0.008016261	0.008016261	4124
141	16	1000	1003.466070	0.003466070	0.003466070	4124
141	17	1000	984.346695	-0.015653305	0.015653305	4124
141	18	1000	994.532588	-0.005467412	0.005467412	4124
141	19	1000	994.532588	-0.005467412	0.005467412	4124
141	20	5000	4874.536826	-0.025092635	0.025092635	4124
141	21	5000	4960.911479	-0.007817704	0.007817704	4124
141	22	5000	5038.868321	0.007773664	0.007773664	4124
141	23	10000	10110.735920	0.011073592	0.011073592	4124
142	0	1000	1007.300678	0.007300678	0.007300678	4124
142	1	1000	1013.699680	0.013699680	0.013699680	4124
142	2	1000	1000.911658	0.000911658	0.000911658	4124
142	3	1000	1009.859079	0.009859079	0.009859079	4124
142	4	1000	1007.300678	0.007300678	0.007300678	4124
142	5	1000	1007.300678	0.007300678	0.007300678	4124
142	6	1000	1004.743874	0.004743874	0.004743874	4124
142	7	1000	988.163437	-0.011836563	0.011836563	4124
142	8	1000	994.532588	-0.005467412	0.005467412	4124
142	9	1000	985.618547	-0.014381453	0.014381453	4124
142	10	1000	1004.743874	0.004743874	0.004743874	4124
142	11	1000	998.358838	-0.001641162	0.001641162	4124
142	12	1000	989.436475	-0.010563525	0.010563525	4124
142	13	1000	1013.699680	0.013699680	0.013699680	4124
142	14	1000	1004.743874	0.004743874	0.004743874	4124
142	15	1000	980.533506	-0.019466494	0.019466494	4124
142	16	1000	991.983739	-0.008016261	0.008016261	4124
142	17	1000	1011.138879	0.011138879	0.011138879	4124
142	18	1000	985.618547	-0.014381453	0.014381453	4124
142	19	1000	1020.108694	0.020108694	0.020108694	4124
142	20	5000	5035.447861	0.007089572	0.007089572	4124
142	21	5000	4838.534996	-0.032293001	0.032293001	4124
142	22	5000	5125.321509	0.025064302	0.025064302	4124
142	23	10000	9727.863978	-0.027213602	0.027213602	4124
143	0	1000	984.346695	-0.015653305	0.015653305	4124
143	1	1000	989.436475	-0.010563525	0.010563525	4124
143	2	1000	1012.419079	0.012419079	0.012419079	4124
143	3	1000	995.807607	-0.004192393	0.004192393	4124
143	4	1000	1009.859079	0.009859079	0.009859079	4124
143	5	1000	1007.300678	0.007300678	0.007300678	4124
143	6	1000	1000.911658	0.000911658	0.000911658	4124
143	7	1000	986.890795	-0.013109205	0.013109205	4124
143	8	1000	1012.419079	0.012419079	0.012419079	4124
143	9	1000	1002.188665	0.002188665	0.002188665	4124
143	10	1000	1011.138879	0.011138879	0.011138879	4124
143	11	1000	1016.262082	0.016262082	0.016262082	4124
143	12	1000	1008.579679	0.008579679	0.008579679	4124
143	13	1000	1011.138879	0.011138879	0.011138879	4124
143	14	1000	974.186070	-0.025813930	0.025813930	4124
143	15	1000	998.358838	-0.001641162	0.001641162	4124
143	16	1000	998.358838	-0.001641162	0.001641162	4124
143	17	1000	990.709909	-0.009290091	0.009290091	4124
143	18	1000	1009.859079	0.009859079	0.009859079	4124
143	19	1000	989.436475	-0.010563525	0.010563525	4124
143	20	5000	4944.158899	-0.011168220	0.011168220	4124
143	21	5000	5021.794515	0.004358903	0.004358903	4124
143	22	5000	5042.291639	0.008458328	0.008458328	4124
143	23	10000	9994.364457	-0.000563554	0.000563554	4124
144	0	1000	1002.188665	0.002188665	0.002188665	4124
144	1	1000	1000.911658	0.000911658	0.000911658	4124
144	2	1000	1011.138879	0.011138879	0.011138879	4124
144	3	1000	986.890795	-0.013109205	0.013109205	4124
144	4	1000	1011.138879	0.011138879	0.011138879	4124
144	5	1000	1026.527751	0.026527751	0.026527751	4124
144	6	1000	970.382324	-0.029617676	0.029617676	4124
144	7	1000	995.807607	-0.004192393	0.004192393	4124
144	8	1000	1011.138879	0.011138879	0.011138879	4124
144	9	1000	988.163437	-0.011836563	0.011836563	4124
144	10	1000	1014.980680	0.014980680	0.014980680	4124
144	11	1000	1013.699680	0.013699680	0.013699680	4124
144	12	1000	1006.022077	0.006022077	0.006022077	4124
144	13	1000	1004.743874	0.004743874	0.004743874	4124
144	14	1000	1011.138879	0.011138879	0.011138879	4124
144	15	1000	993.257965	-0.006742035	0.006742035	4124
144	16	1000	988.163437	-0.011836563	0.011836563	4124
144	17	1000	1004.743874	0.004743874	0.004743874	4124
144	18	1000	998.358838	-0.001641162	0.001641162	4124
144	19	1000	993.257965	-0.006742035	0.006742035	4124
144	20	5000	5292.965282	0.058593056	0.058593056	4124
144	21	5000	4987.858944	-0.002428211	0.002428211	4124
144	22	5000	4924.145830	-0.015170834	0.015170834	4124
144	23	10000	9994.364457	-0.000563554	0.000563554	4124
145	0	1000	998.358838	-0.001641162	0.001641162	4124
145	1	1000	1018.826088	0.018826088	0.018826088	4124
145	2	1000	1003.466070	0.003466070	0.003466070	4124
145	3	1000	985.618547	-0.014381453	0.014381453	4124
145	4	1000	1000.911658	0.000911658	0.000911658	4124
145	5	1000	981.804175	-0.018195825	0.018195825	4124
145	6	1000	1020.108694	0.020108694	0.020108694	4124
145	7	1000	1012.419079	0.012419079	0.012419079	4124
145	8	1000	1027.812771	0.027812771	0.027812771	4124
145	9	1000	984.346695	-0.015653305	0.015653305	4124
145	10	1000	985.618547	-0.014381453	0.014381453	4124
145	11	1000	1031.670251	0.031670251	0.031670251	4124
145	12	1000	991.983739	-0.008016261	0.008016261	4124
145	13	1000	1004.743874	0.004743874	0.004743874	4124
145	14	1000	1006.022077	0.006022077	0.006022077	4124
145	15	1000	998.358838	-0.001641162	0.001641162	4124
145	16	1000	999.635049	-0.000364951	0.000364951	4124
145	17	1000	1006.022077	0.006022077	0.006022077	4124
145	18	1000	1013.699680	0.013699680	0.013699680	4124
145	19	1000	988.163437	-0.011836563	0.011836563	4124
145	20	5000	5100.930114	0.020186023	0.020186023	4124
145	21	5000	5028.615500	0.005723100	0.005723100	4124
145	22	5000	4977.732858	-0.004453428	0.004453428	4124
145	23	10000	10063.789848	0.006378985	0.006378985	4124
146	0	1000	995.807607	-0.004192393	0.004192393	4124
146	1	1000	990.709909	-0.009290091	0.009290091	4124
146	2	1000	989.436475	-0.010563525	0.010563525	4124
146	3	1000	1003.466070	0.003466070	0.003466070	4124
146	4	1000	998.358838	-0.001641162	0.001641162	4124
146	5	1000	994.532588	-0.005467412	0.005467412	4124
146	6	1000	1022.675110	0.022675110	0.022675110	4124
146	7	1000	980.533506	-0.019466494	0.019466494	4124
146	8	1000	989.436475	-0.010563525	0.010563525	4124
146	9	1000	971.649847	-0.028350153	0.028350153	4124
146	10	1000	1014.980680	0.014980680	0.014980680	4124
146	11	1000	1011.138879	0.011138879	0.011138879	4124
146	12	1000	1014.980680	0.014980680	0.014980680	4124
146	13	1000	1007.300678	0.007300678	0.007300678	4124
146	14	1000	998.358838	-0.001641162	0.001641162	4124
146	15	1000	1009.859079	0.009859079	0.009859079	4124
146	16	1000	981.804175	-0.018195825	0.018195825	4124
146	17	1000	1002.188665	0.002188665	0.002188665	4124
146	18	1000	1003.466070	0.003466070	0.003466070	4124
146	19	1000	977.993351	-0.022006649	0.022006649	4124
146	20	5000	5011.584290	0.002316858	0.002316858	4124
146	21	5000	4940.816590	-0.011836682	0.011836682	4124
146	22	5000	4954.202223	-0.009159555	0.009159555	4124
146	23	10000	10075.476018	0.007547602	0.007547602	4124
147	0	1000	1016.262082	0.016262082	0.016262082	4124
147	1	1000	999.635049	-0.000364951	0.000364951	4124
147	2	1000	1000.911658	0.000911658	0.000911658	4124
147	3	1000	998.358838	-0.001641162	0.001641162	4124
147	4	1000	1000.911658	0.000911658	0.000911658	4124
147	5	1000	1006.022077	0.006022077	0.006022077	4124
147	6	1000	1012.419079	0.012419079	0.012419079	4124
147	7	1000	970.382324	-0.029617676	0.029617676	4124
147	8	1000	1022.675110	0.022675110	0.022675110	4124
147	9	1000	1008.579679	0.008579679	0.008579679	4124
147	10	1000	998.358838	-0.001641162	0.001641162	4124
147	11	1000	1002.188665	0.002188665	0.002188665	4124
147	12	1000	1003.466070	0.003466070	0.003466070	4124
147	13	1000	1002.188665	0.002188665	0.002188665	4124
147	14	1000	1006.022077	0.006022077	0.006022077	4124
147	15	1000	1009.859079	0.009859079	0.009859079	4124
147	16	1000	980.533506	-0.019466494	0.019466494	4124
147	17	1000	989.436475	-0.010563525	0.010563525	4124
147	18	1000	1017.543884	0.017543884	0.017543884	4124
147	19	1000	1012.419079	0.012419079	0.012419079	4124
147	20	5000	4981.105439	-0.003778912	0.003778912	4124
147	21	5000	5128.817882	0.025763576	0.025763576	4124
147	22	5000	5014.984871	0.002996974	0.002996974	4124
147	23	10000	9994.364457	-0.000563554	0.000563554	4124
148	0	1000	998.358838	-0.001641162	0.001641162	4124
148	1	1000	1012.419079	0.012419079	0.012419079	4124
148	2	1000	986.890795	-0.013109205	0.013109205	4124
148	3	1000	989.436475	-0.010563525	0.010563525	4124
148	4	1000	993.257965	-0.006742035	0.006742035	4124
148	5	1000	984.346695	-0.015653305	0.015653305	4124
148	6	1000	986.890795	-0.013109205	0.013109205	4124
148	7	1000	980.533506	-0.019466494	0.019466494	4124
148	8	1000	1000.911658	0.000911658	0.000911658	4124
148	9	1000	1002.188665	0.002188665	0.002188665	4124
148	10	1000	1003.466070	0.003466070	0.003466070	4124
148	11	1000	1009.859079	0.009859079	0.009859079	4124
148	12	1000	1008.579679	0.008579679	0.008579679	4124
148	13	1000	999.635049	-0.000364951	0.000364951	4124
148	14	1000	999.635049	-0.000364951	0.000364951	4124
148	15	1000	1004.743874	0.004743874	0.004743874	4124
148	16	1000	1013.699680	0.013699680	0.013699680	4124
148	17	1000	986.890795	-0.013109205	0.013109205	4124
148	18	1000	999.635049	-0.000364951	0.000364951	4124
148	19	1000	999.635049	-0.000364951	0.000364951	4124
148	20	5000	4981.105439	-0.003778912	0.003778912	4124
148	21	5000	5021.794515	0.004358903	0.004358903	4124
148	22	5000	5001.399453	0.000279891	0.000279891	4124
148	23	10000	10075.476018	0.007547602	0.007547602	4124
149	0	1000	998.358838	-0.001641162	0.001641162	4124
149	1	1000	1014.980680	0.014980680	0.014980680	4124
149	2	1000	1027.812771	0.027812771	0.027812771	4124
149	3	1000	995.807607	-0.004192393	0.004192393	4124
149	4	1000	989.436475	-0.010563525	0.010563525	4124
149	5	1000	1023.958921	0.023958921	0.023958921	4124
149	6	1000	986.890795	-0.013109205	0.013109205	4124
149	7	1000	990.709909	-0.009290091	0.009290091	4124
149	8	1000	1026.527751	0.026527751	0.026527751	4124
149	9	1000	1007.300678	0.007300678	0.007300678	4124
149	10	1000	1000.911658	0.000911658	0.000911658	4124
149	11	1000	1020.108694	0.020108694	0.020108694	4124
149	12	1000	1007.300678	0.007300678	0.007300678	4124
149	13	1000	1000.911658	0.000911658	0.000911658	4124
149	14	1000	1002.188665	0.002188665	0.002188665	4124
149	15	1000	1008.579679	0.008579679	0.008579679	4124
149	16	1000	986.890795	-0.013109205	0.013109205	4124
149	17	1000	1020.108694	0.020108694	0.020108694	4124
149	18	1000	981.804175	-0.018195825	0.018195825	4124
149	19	1000	975.454771	-0.024545229	0.024545229	4124
149	20	5000	5004.791585	0.000958317	0.000958317	4124
149	21	5000	4900.920170	-0.019815966	0.019815966	4124
149	22	5000	4900.920170	-0.019815966	0.019815966	4124
149	23	10000	10158.226307	0.015822631	0.015822631	4124
150	0	1000	1008.579679	0.008579679	0.008579679	4124
150	1	1000	991.983739	-0.008016261	0.008016261	4124
150	2	1000	1006.022077	0.006022077	0.006022077	4124
150	3	1000	990.709909	-0.009290091	0.009290091	4124
150	4	1000	1008.579679	0.008579679	0.008579679	4124
150	5	1000	995.807607	-0.004192393	0.004192393	4124
150	6	1000	993.257965	-0.006742035	0.006742035	4124
150	7	1000	1000.911658	0.000911658	0.000911658	4124
150	8	1000	1012.419079	0.012419079	0.012419079	4124
150	9	1000	1003.466070	0.003466070	0.003466070	4124
150	10	1000	1030.384020	0.030384020	0.030384020	4124
150	11	1000	994.532588	-0.005467412	0.005467412	4124
150	12	1000	1000.911658	0.000911658	0.000911658	4124
150	13	1000	995.807607	-0.004192393	0.004192393	4124
150	14	1000	1009.859079	0.009859079	0.009859079	4124
150	15	1000	993.257965	-0.006742035	0.006742035	4124
150	16	1000	1007.300678	0.007300678	0.007300678	4124
150	17	1000	997.083024	-0.002916976	0.002916976	4124
150	18	1000	1008.579679	0.008579679	0.008579679	4124
150	19	1000	986.890795	-0.013109205	0.013109205	4124
150	20	5000	4887.707256	-0.022458549	0.022458549	4124
150	21	5000	4881.116747	-0.023776651	0.023776651	4124
150	22	5000	5045.717821	0.009143564	0.009143564	4124
150	23	10000	10017.375753	0.001737575	0.001737575	4124
151	0	1000	998.358838	-0.001641162	0.001641162	4124
151	1	1000	995.807607	-0.004192393	0.004192393	4124
151	2	1000	1017.543884	0.017543884	0.017543884	4124
151	3	1000	990.709909	-0.009290091	0.009290091	4124
151	4	1000	991.983739	-0.008016261	0.008016261	4124
151	5	1000	985.618547	-0.014381453	0.014381453	4124
151	6	1000	991.983739	-0.008016261	0.008016261	4124
151	7	1000	1004.743874	0.004743874	0.004743874	4124
151	8	1000	1000.911658	0.000911658	0.000911658	4124
151	9	1000	1020.108694	0.020108694	0.020108694	4124
151	10	1000	1004.743874	0.004743874	0.004743874	4124
151	11	1000	993.257965	-0.006742035	0.006742035	4124
151	12	1000	1006.022077	0.006022077	0.006022077	4124
151	13	1000	1011.138879	0.011138879	0.011138879	4124
151	14	1000	988.163437	-0.011836563	0.011836563	4124
151	15	1000	1002.188665	0.002188665	0.002188665	4124
151	16	1000	993.257965	-0.006742035	0.006742035	4124
151	17	1000	999.635049	-0.000364951	0.000364951	4124
151	18	1000	1002.188665	0.002188665	0.002188665	4124
151	19	1000	1012.419079	0.012419079	0.012419079	4124
151	20	5000	5032.030256	0.006406051	0.006406051	4124
151	21	5000	4930.805994	-0.013838801	0.013838801	4124
151	22	5000	4841.794845	-0.031641031	0.031641031	4124
151	23	10000	9971.481716	-0.002851828	0.002851828	4124
152	0	1000	993.257965	-0.006742035	0.006742035	4124
152	1	1000	1007.300678	0.007300678	0.007300678	4124
152	2	1000	981.804175	-0.018195825	0.018195825	4124
152	3	1000	993.257965	-0.006742035	0.006742035	4124
152	4	1000	999.635049	-0.000364951	0.000364951	4124
152	5	1000	1017.543884	0.017543884	0.017543884	4124
152	6	1000	1026.527751	0.026527751	0.026527751	4124
152	7	1000	995.807607	-0.004192393	0.004192393	4124
152	8	1000	1016.262082	0.016262082	0.016262082	4124
152	9	1000	981.804175	-0.018195825	0.018195825	4124
152	10	1000	997.083024	-0.002916976	0.002916976	4124
152	11	1000	993.257965	-0.006742035	0.006742035	4124
152	12	1000	985.618547	-0.014381453	0.014381453	4124
152	13	1000	1012.419079	0.012419079	0.012419079	4124
152	14	1000	1014.980680	0.014980680	0.014980680	4124
152	15	1000	1006.022077	0.006022077	0.006022077	4124
152	16	1000	989.436475	-0.010563525	0.010563525	4124
152	17	1000	1014.980680	0.014980680	0.014980680	4124
152	18	1000	997.083024	-0.002916976	0.002916976	4124
152	19	1000	1007.300678	0.007300678	0.007300678	4124
152	20	5000	4900.920170	-0.019815966	0.019815966	4124
152	21	5000	5076.683109	0.015336622	0.015336622	4124
152	22	5000	4930.805994	-0.013838801	0.013838801	4124
152	23	10000	9847.861908	-0.015213809	0.015213809	4124
153	0	1000	990.709909	-0.009290091	0.009290091	4124
153	1	1000	998.358838	-0.001641162	0.001641162	4124
153	2	1000	994.532588	-0.005467412	0.005467412	4124
153	3	1000	998.358838	-0.001641162	0.001641162	4124
153	4	1000	994.532588	-0.005467412	0.005467412	4124
153	5	1000	1011.138879	0.011138879	0.011138879	4124
153	6	1000	1000.911658	0.000911658	0.000911658	4124
153	7	1000	1011.138879	0.011138879	0.011138879	4124
153	8	1000	1002.188665	0.002188665	0.002188665	4124
153	9	1000	1000.911658	0.000911658	0.000911658	4124
153	10	1000	986.890795	-0.013109205	0.013109205	4124
153	11	1000	990.709909	-0.009290091	0.009290091	4124
153	12	1000	1014.980680	0.014980680	0.014980680	4124
153	13	1000	984.346695	-0.015653305	0.015653305	4124
153	14	1000	999.635049	-0.000364951	0.000364951	4124
153	15	1000	1000.911658	0.000911658	0.000911658	4124
153	16	1000	1026.527751	0.026527751	0.026527751	4124
153	17	1000	990.709909	-0.009290091	0.009290091	4124
153	18	1000	1003.466070	0.003466070	0.003466070	4124
153	19	1000	998.358838	-0.001641162	0.001641162	4124
153	20	5000	5028.615500	0.005723100	0.005723100	4124
153	21	5000	5014.984871	0.002996974	0.002996974	4124
153	22	5000	5042.291639	0.008458328	0.008458328	4124
153	23	10000	10075.476018	0.007547602	0.007547602	4124
154	0	1000	1009.859079	0.009859079	0.009859079	4124
154	1	1000	998.358838	-0.001641162	0.001641162	4124
154	2	1000	994.532588	-0.005467412	0.005467412	4124
154	3	1000	983.075238	-0.016924762	0.016924762	4124
154	4	1000	1008.579679	0.008579679	0.008579679	4124
154	5	1000	1002.188665	0.002188665	0.002188665	4124
154	6	1000	998.358838	-0.001641162	0.001641162	4124
154	7	1000	998.358838	-0.001641162	0.001641162	4124
154	8	1000	1017.543884	0.017543884	0.017543884	4124
154	9	1000	983.075238	-0.016924762	0.016924762	4124
154	10	1000	1011.138879	0.011138879	0.011138879	4124
154	11	1000	1018.826088	0.018826088	0.018826088	4124
154	12	1000	990.709909	-0.009290091	0.009290091	4124
154	13	1000	1011.138879	0.011138879	0.011138879	4124
154	14	1000	1012.419079	0.012419079	0.012419079	4124
154	15	1000	984.346695	-0.015653305	0.015653305	4124
154	16	1000	1004.743874	0.004743874	0.004743874	4124
154	17	1000	1013.699680	0.013699680	0.013699680	4124
154	18	1000	1009.859079	0.009859079	0.009859079	4124
154	19	1000	1004.743874	0.004743874	0.004743874	4124
154	20	5000	5001.399453	0.000279891	0.000279891	4124
154	21	5000	4900.920170	-0.019815966	0.019815966	4124
154	22	5000	5056.013595	0.011202719	0.011202719	4124
154	23	10000	9948.726102	-0.005127390	0.005127390	4124
155	0	1000	1003.466070	0.003466070	0.003466070	4124
155	1	1000	1003.466070	0.003466070	0.003466070	4124
155	2	1000	989.436475	-0.010563525	0.010563525	4124
155	3	1000	981.804175	-0.018195825	0.018195825	4124
155	4	1000	1004.743874	0.004743874	0.004743874	4124
155	5	1000	1003.466070	0.003466070	0.003466070	4124
155	6	1000	989.436475	-0.010563525	0.010563525	4124
155	7	1000	998.358838	-0.001641162	0.001641162	4124
155	8	1000	1011.138879	0.011138879	0.011138879	4124
155	9	1000	998.358838	-0.001641162	0.001641162	4124
155	10	1000	995.807607	-0.004192393	0.004192393	4124
155	11	1000	998.358838	-0.001641162	0.001641162	4124
155	12	1000	993.257965	-0.006742035	0.006742035	4124
155	13	1000	1020.108694	0.020108694	0.020108694	4124
155	14	1000	971.649847	-0.028350153	0.028350153	4124
155	15	1000	998.358838	-0.001641162	0.001641162	4124
155	16	1000	1000.911658	0.000911658	0.000911658	4124
155	17	1000	1009.859079	0.009859079	0.009859079	4124
155	18	1000	980.533506	-0.019466494	0.019466494	4124
155	19	1000	1009.859079	0.009859079	0.009859079	4124
155	20	5000	5069.781675	0.013956335	0.013956335	4124
155	21	5000	5125.321509	0.025064302	0.025064302	4124
155	22	5000	5146.344652	0.029268930	0.029268930	4124
155	23	10000	9858.947165	-0.014105284	0.014105284	4124
156	0	1000	1003.466070	0.003466070	0.003466070	4124
156	1	1000	997.083024	-0.002916976	0.002916976	4124
156	2	1000	1003.466070	0.003466070	0.003466070	4124
156	3	1000	1011.138879	0.011138879	0.011138879	4124
156	4	1000	1006.022077	0.006022077	0.006022077	4124
156	5	1000	1004.743874	0.004743874	0.004743874	4124
156	6	1000	994.532588	-0.005467412	0.005467412	4124
156	7	1000	1009.859079	0.009859079	0.009859079	4124
156	8	1000	1000.911658	0.000911658	0.000911658	4124
156	9	1000	984.346695	-0.015653305	0.015653305	4124
156	10	1000	1023.958921	0.023958921	0.023958921	4124
156	11	1000	981.804175	-0.018195825	0.018195825	4124
156	12	1000	981.804175	-0.018195825	0.018195825	4124
156	13	1000	999.635049	-0.000364951	0.000364951	4124
156	14	1000	997.083024	-0.002916976	0.002916976	4124
156	15	1000	989.436475	-0.010563525	0.010563525	4124
156	16	1000	1004.743874	0.004743874	0.004743874	4124
156	17	1000	1017.543884	0.017543884	0.017543884	4124
156	18	1000	986.890795	-0.013109205	0.013109205	4124
156	19	1000	989.436475	-0.010563525	0.010563525	4124
156	20	5000	4914.175845	-0.017164831	0.017164831	4124
156	21	5000	4914.175845	-0.017164831	0.017164831	4124
156	22	5000	4977.732858	-0.004453428	0.004453428	4124
156	23	10000	9903.590659	-0.009640934	0.009640934	4124
157	0	1000	990.709909	-0.009290091	0.009290091	4124
157	1	1000	997.083024	-0.002916976	0.002916976	4124
157	2	1000	998.358838	-0.001641162	0.001641162	4124
157	3	1000	998.358838	-0.001641162	0.001641162	4124
157	4	1000	1009.859079	0.009859079	0.009859079	4124
157	5	1000	995.807607	-0.004192393	0.004192393	4124
157	6	1000	993.257965	-0.006742035	0.006742035	4124
157	7	1000	1002.188665	0.002188665	0.002188665	4124
157	8	1000	993.257965	-0.006742035	0.006742035	4124
157	9	1000	1007.300678	0.007300678	0.007300678	4124
157	10	1000	994.532588	-0.005467412	0.005467412	4124
157	11	1000	1011.138879	0.011138879	0.011138879	4124
157	12	1000	986.890795	-0.013109205	0.013109205	4124
157	13	1000	1003.466070	0.003466070	0.003466070	4124
157	14	1000	1002.188665	0.002188665	0.002188665	4124
157	15	1000	1023.958921	0.023958921	0.023958921	4124
157	16	1000	976.723864	-0.023276136	0.023276136	4124
157	17	1000	995.807607	-0.004192393	0.004192393	4124
157	18	1000	993.257965	-0.006742035	0.006742035	4124
157	19	1000	994.532588	-0.005467412	0.005467412	4124
157	20	5000	4987.858944	-0.002428211	0.002428211	4124
157	21	5000	5049.146871	0.009829374	0.009829374	4124
157	22	5000	5035.447861	0.007089572	0.007089572	4124
157	23	10000	10254.891561	0.025489156	0.025489156	4124
158	0	1000	969.115193	-0.030884807	0.030884807	4124
158	1	1000	1014.980680	0.014980680	0.014980680	4124
158	2	1000	1011.138879	0.011138879	0.011138879	4124
158	3	1000	1007.300678	0.007300678	0.007300678	4124
158	4	1000	989.436475	-0.010563525	0.010563525	4124
158	5	1000	1002.188665	0.002188665	0.002188665	4124
158	6	1000	1014.980680	0.014980680	0.014980680	4124
158	7	1000	980.533506	-0.019466494	0.019466494	4124
158	8	1000	997.083024	-0.002916976	0.002916976	4124
158	9	1000	986.890795	-0.013109205	0.013109205	4124
158	10	1000	1014.980680	0.014980680	0.014980680	4124
158	11	1000	1008.579679	0.008579679	0.008579679	4124
158	12	1000	1007.300678	0.007300678	0.007300678	4124
158	13	1000	1009.859079	0.009859079	0.009859079	4124
158	14	1000	974.186070	-0.025813930	0.025813930	4124
158	15	1000	1004.743874	0.004743874	0.004743874	4124
158	16	1000	1000.911658	0.000911658	0.000911658	4124
158	17	1000	995.807607	-0.004192393	0.004192393	4124
158	18	1000	1004.743874	0.004743874	0.004743874	4124
158	19	1000	1008.579679	0.008579679	0.008579679	4124
158	20	5000	4950.851711	-0.009829658	0.009829658	4124
158	21	5000	5028.615500	0.005723100	0.005723100	4124
158	22	5000	5056.013595	0.011202719	0.011202719	4124
158	23	10000	10182.179592	0.018217959	0.018217959	4124
159	0	1000	995.807607	-0.004192393	0.004192393	4124
159	1	1000	994.532588	-0.005467412	0.005467412	4124
159	2	1000	1002.188665	0.002188665	0.002188665	4124
159	3	1000	990.709909	-0.009290091	0.009290091	4124
159	4	1000	997.083024	-0.002916976	0.002916976	4124
159	5	1000	993.257965	-0.006742035	0.006742035	4124
159	6	1000	986.890795	-0.013109205	0.013109205	4124
159	7	1000	995.807607	-0.004192393	0.004192393	4124
159	8	1000	986.890795	-0.013109205	0.013109205	4124
159	9	1000	1021.391701	0.021391701	0.021391701	4124
159	10	1000	1004.743874	0.004743874	0.004743874	4124
159	11	1000	989.436475	-0.010563525	0.010563525	4124
159	12	1000	1002.188665	0.002188665	0.002188665	4124
159	13	1000	1006.022077	0.006022077	0.006022077	4124
159	14	1000	997.083024	-0.002916976	0.002916976	4124
159	15	1000	983.075238	-0.016924762	0.016924762	4124
159	16	1000	1004.743874	0.004743874	0.004743874	4124
159	17	1000	1000.911658	0.000911658	0.000911658	4124
159	18	1000	1011.138879	0.011138879	0.011138879	4124
159	19	1000	997.083024	-0.002916976	0.002916976	4124
159	20	5000	4897.612944	-0.020477411	0.020477411	4124
159	21	5000	4934.140142	-0.013171972	0.013171972	4124
159	22	5000	5018.388278	0.003677656	0.003677656	4124
159	23	10000	9982.907107	-0.001709289	0.001709289	4124
160	0	1000	989.436475	-0.010563525	0.010563525	4124
160	1	1000	999.635049	-0.000364951	0.000364951	4124
160	2	1000	1011.138879	0.011138879	0.011138879	4124
160	3	1000	989.436475	-0.010563525	0.010563525	4124
160	4	1000	995.807607	-0.004192393	0.004192393	4124
160	5	1000	1007.300678	0.007300678	0.007300678	4124
160	6	1000	994.532588	-0.005467412	0.005467412	4124
160	7	1000	991.983739	-0.008016261	0.008016261	4124
160	8	1000	998.358838	-0.001641162	0.001641162	4124
160	9	1000	983.075238	-0.016924762	0.016924762	4124
160	10	1000	994.532588	-0.005467412	0.005467412	4124
160	11	1000	1006.022077	0.006022077	0.006022077	4124
160	12	1000	1008.579679	0.008579679	0.008579679	4124
160	13	1000	998.358838	-0.001641162	0.001641162	4124
160	14	1000	983.075238	-0.016924762	0.016924762	4124
160	15	1000	1026.527751	0.026527751	0.026527751	4124
160	16	1000	988.163437	-0.011836563	0.011836563	4124
160	17	1000	1003.466070	0.003466070	0.003466070	4124
160	18	1000	999.635049	-0.000364951	0.000364951	4124
160	19	1000	981.804175	-0.018195825	0.018195825	4124
160	20	5000	4981.105439	-0.003778912	0.003778912	4124
160	21	5000	5011.584290	0.002316858	0.002316858	4124
160	22	5000	5080.138191	0.016027638	0.016027638	4124
160	23	10000	10182.179592	0.018217959	0.018217959	4124
161	0	1000	1017.543884	0.017543884	0.017543884	4124
161	1	1000	1003.466070	0.003466070	0.003466070	4124
161	2	1000	991.983739	-0.008016261	0.008016261	4124
161	3	1000	1008.579679	0.008579679	0.008579679	4124
161	4	1000	1013.699680	0.013699680	0.013699680	4124
161	5	1000	1007.300678	0.007300678	0.007300678	4124
161	6	1000	1008.579679	0.008579679	0.008579679	4124
161	7	1000	1009.859079	0.009859079	0.009859079	4124
161	8	1000	981.804175	-0.018195825	0.018195825	4124
161	9	1000	989.436475	-0.010563525	0.010563525	4124
161	10	1000	999.635049	-0.000364951	0.000364951	4124
161	11	1000	986.890795	-0.013109205	0.013109205	4124
161	12	1000	990.709909	-0.009290091	0.009290091	4124
161	13	1000	999.635049	-0.000364951	0.000364951	4124
161	14	1000	1006.022077	0.006022077	0.006022077	4124
161	15	1000	993.257965	-0.006742035	0.006742035	4124
161	16	1000	991.983739	-0.008016261	0.008016261	4124
161	17	1000	994.532588	-0.005467412	0.005467412	4124
161	18	1000	998.358838	-0.001641162	0.001641162	4124
161	19	1000	1007.300678	0.007300678	0.007300678	4124
161	20	5000	5025.203588	0.005040718	0.005040718	4124
161	21	5000	5114.850264	0.022970053	0.022970053	4124
161	22	5000	5049.146871	0.009829374	0.009829374	4124
161	23	10000	9994.364457	-0.000563554	0.000563554	4124
162	0	1000	1016.262082	0.016262082	0.016262082	4124
162	1	1000	988.163437	-0.011836563	0.011836563	4124
162	2	1000	1004.743874	0.004743874	0.004743874	4124
162	3	1000	1018.826088	0.018826088	0.018826088	4124
162	4	1000	995.807607	-0.004192393	0.004192393	4124
162	5	1000	1008.579679	0.008579679	0.008579679	4124
162	6	1000	999.635049	-0.000364951	0.000364951	4124
162	7	1000	1002.188665	0.002188665	0.002188665	4124
162	8	1000	989.436475	-0.010563525	0.010563525	4124
162	9	1000	997.083024	-0.002916976	0.002916976	4124
162	10	1000	994.532588	-0.005467412	0.005467412	4124
162	11	1000	997.083024	-0.002916976	0.002916976	4124
162	12	1000	1020.108694	0.020108694	0.020108694	4124
162	13	1000	999.635049	-0.000364951	0.000364951	4124
162	14	1000	1012.419079	0.012419079	0.012419079	4124
162	15	1000	995.807607	-0.004192393	0.004192393	4124
162	16	1000	1007.300678	0.007300678	0.007300678	4124
162	17	1000	1000.911658	0.000911658	0.000911658	4124
162	18	1000	990.709909	-0.009290091	0.009290091	4124
162	19	1000	990.709909	-0.009290091	0.009290091	4124
162	20	5000	5045.717821	0.009143564	0.009143564	4124
162	21	5000	4967.631743	-0.006473651	0.006473651	4124
162	22	5000	5076.683109	0.015336622	0.015336622	4124
162	23	10000	9914.827977	-0.008517202	0.008517202	4124
163	0	1000	1009.859079	0.009859079	0.009859079	4124
163	1	1000	986.890795	-0.013109205	0.013109205	4124
163	2	1000	1009.859079	0.009859079	0.009859079	4124
163	3	1000	993.257965	-0.006742035	0.006742035	4124
163	4	1000	1004.743874	0.004743874	0.004743874	4124
163	5	1000	980.533506	-0.019466494	0.019466494	4124
163	6	1000	990.709909	-0.009290091	0.009290091	4124
163	7	1000	974.186070	-0.025813930	0.025813930	4124
163	8	1000	991.983739	-0.008016261	0.008016261	4124
163	9	1000	1002.188665	0.002188665	0.002188665	4124
163	10	1000	988.163437	-0.011836563	0.011836563	4124
163	11	1000	1004.743874	0.004743874	0.004743874	4124
163	12	1000	1011.138879	0.011138879	0.011138879	4124
163	13	1000	1009.859079	0.009859079	0.009859079	4124
163	14	1000	991.983739	-0.008016261	0.008016261	4124
163	15	1000	1000.911658	0.000911658	0.000911658	4124
163	16	1000	993.257965	-0.006742035	0.006742035	4124
163	17	1000	980.533506	-0.019466494	0.019466494	4124
163	18	1000	1007.300678	0.007300678	0.007300678	4124
163	19	1000	997.083024	-0.002916976	0.002916976	4124
163	20	5000	4960.911479	-0.007817704	0.007817704	4124
163	21	5000	4930.805994	-0.013838801	0.013838801	4124
163	22	5000	4964.270233	-0.007145953	0.007145953	4124
163	23	10000	9926.096210	-0.007390379	0.007390379	4124
164	0	1000	995.807607	-0.004192393	0.004192393	4124
164	1	1000	1007.300678	0.007300678	0.007300678	4124
164	2	1000	991.983739	-0.008016261	0.008016261	4124
164	3	1000	1008.579679	0.008579679	0.008579679	4124
164	4	1000	1003.466070	0.003466070	0.003466070	4124
164	5	1000	1004.743874	0.004743874	0.004743874	4124
164	6	1000	1016.262082	0.016262082	0.016262082	4124
164	7	1000	1003.466070	0.003466070	0.003466070	4124
164	8	1000	1004.743874	0.004743874	0.004743874	4124
164	9	1000	1007.300678	0.007300678	0.007300678	4124
164	10	1000	1004.743874	0.004743874	0.004743874	4124
164	11	1000	986.890795	-0.013109205	0.013109205	4124
164	12	1000	989.436475	-0.010563525	0.010563525	4124
164	13	1000	1012.419079	0.012419079	0.012419079	4124
164	14	1000	994.532588	-0.005467412	0.005467412	4124
164	15	1000	1023.958921	0.023958921	0.023958921	4124
164	16	1000	984.346695	-0.015653305	0.015653305	4124
164	17	1000	1003.466070	0.003466070	0.003466070	4124
164	18	1000	1004.743874	0.004743874	0.004743874	4124
164	19	1000	990.709909	-0.009290091	0.009290091	4124
164	20	5000	4954.202223	-0.009159555	0.009159555	4124
164	21	5000	4934.140142	-0.013171972	0.013171972	4124
164	22	5000	5004.791585	0.000958317	0.000958317	4124
164	23	10000	9803.818473	-0.019618153	0.019618153	4124
165	0	1000	981.804175	-0.018195825	0.018195825	4124
165	1	1000	1007.300678	0.007300678	0.007300678	4124
165	2	1000	986.890795	-0.013109205	0.013109205	4124
165	3	1000	1007.300678	0.007300678	0.007300678	4124
165	4	1000	1020.108694	0.020108694	0.020108694	4124
165	5	1000	999.635049	-0.000364951	0.000364951	4124
165	6	1000	1016.262082	0.016262082	0.016262082	4124
165	7	1000	991.983739	-0.008016261	0.008016261	4124
165	8	1000	1004.743874	0.004743874	0.004743874	4124
165	9	1000	994.532588	-0.005467412	0.005467412	4124
165	10	1000	993.257965	-0.006742035	0.006742035	4124
165	11	1000	998.358838	-0.001641162	0.001641162	4124
165	12	1000	985.618547	-0.014381453	0.014381453	4124
165	13	1000	998.358838	-0.001641162	0.001641162	4124
165	14	1000	1004.743874	0.004743874	0.004743874	4124
165	15	1000	957.728622	-0.042271378	0.042271378	4124
165	16	1000	989.436475	-0.010563525	0.010563525	4124
165	17	1000	1006.022077	0.006022077	0.006022077	4124
165	18	1000	993.257965	-0.006742035	0.006742035	4124
165	19	1000	1013.699680	0.013699680	0.013699680	4124
165	20	5000	4998.010127	-0.000397975	0.000397975	4124
165	21	5000	5052.578794	0.010515759	0.010515759	4124
165	22	5000	5042.291639	0.008458328	0.008458328	4124
165	23	10000	9937.395527	-0.006260447	0.006260447	4124
166	0	1000	1008.579679	0.008579679	0.008579679	4124
166	1	1000	1002.188665	0.002188665	0.002188665	4124
166	2	1000	1002.188665	0.002188665	0.002188665	4124
166	3	1000	1007.300678	0.007300678	0.007300678	4124
166	4	1000	1009.859079	0.009859079	0.009859079	4124
166	5	1000	986.890795	-0.013109205	0.013109205	4124
166	6	1000	1011.138879	0.011138879	0.011138879	4124
166	7	1000	995.807607	-0.004192393	0.004192393	4124
166	8	1000	1013.699680	0.013699680	0.013699680	4124
166	9	1000	983.075238	-0.016924762	0.016924762	4124
166	10	1000	1012.419079	0.012419079	0.012419079	4124
166	11	1000	990.709909	-0.009290091	0.009290091	4124
166	12	1000	1006.022077	0.006022077	0.006022077	4124
166	13	1000	1007.300678	0.007300678	0.007300678	4124
166	14	1000	993.257965	-0.006742035	0.006742035	4124
166	15	1000	981.804175	-0.018195825	0.018195825	4124
166	16	1000	994.532588	-0.005467412	0.005467412	4124
166	17	1000	1004.743874	0.004743874	0.004743874	4124
166	18	1000	1007.300678	0.007300678	0.007300678	4124
166	19	1000	990.709909	-0.009290091	0.009290091	4124
166	20	5000	5045.717821	0.009143564	0.009143564	4124
166	21	5000	4960.911479	-0.007817704	0.007817704	4124
166	22	5000	4967.631743	-0.006473651	0.006473651	4124
166	23	10000	9858.947165	-0.014105284	0.014105284	4124
167	0	1000	991.983739	-0.008016261	0.008016261	4124
167	1	1000	1008.579679	0.008579679	0.008579679	4124
167	2	1000	1003.466070	0.003466070	0.003466070	4124
167	3	1000	994.532588	-0.005467412	0.005467412	4124
167	4	1000	979.263232	-0.020736768	0.020736768	4124
167	5	1000	977.993351	-0.022006649	0.022006649	4124
167	6	1000	993.257965	-0.006742035	0.006742035	4124
167	7	1000	990.709909	-0.009290091	0.009290091	4124
167	8	1000	1014.980680	0.014980680	0.014980680	4124
167	9	1000	1008.579679	0.008579679	0.008579679	4124
167	10	1000	1023.958921	0.023958921	0.023958921	4124
167	11	1000	997.083024	-0.002916976	0.002916976	4124
167	12	1000	990.709909	-0.009290091	0.009290091	4124
167	13	1000	991.983739	-0.008016261	0.008016261	4124
167	14	1000	972.917762	-0.027082238	0.027082238	4124
167	15	1000	990.709909	-0.009290091	0.009290091	4124
167	16	1000	998.358838	-0.001641162	0.001641162	4124
167	17	1000	986.890795	-0.013109205	0.013109205	4124
167	18	1000	994.532588	-0.005467412	0.005467412	4124
167	19	1000	1016.262082	0.016262082	0.016262082	4124
167	20	5000	4934.140142	-0.013171972	0.013171972	4124
167	21	5000	4947.503938	-0.010499212	0.010499212	4124
167	22	5000	4910.857903	-0.017828419	0.017828419	4124
167	23	10000	9771.093931	-0.022890607	0.022890607	4124
168	0	1000	1011.138879	0.011138879	0.011138879	4124
168	1	1000	1000.911658	0.000911658	0.000911658	4124
168	2	1000	1000.911658	0.000911658	0.000911658	4124
168	3	1000	994.532588	-0.005467412	0.005467412	4124
168	4	1000	1011.138879	0.011138879	0.011138879	4124
168	5	1000	1007.300678	0.007300678	0.007300678	4124
168	6	1000	998.358838	-0.001641162	0.001641162	4124
168	7	1000	1006.022077	0.006022077	0.006022077	4124
168	8	1000	991.983739	-0.008016261	0.008016261	4124
168	9	1000	1009.859079	0.009859079	0.009859079	4124
168	10	1000	991.983739	-0.008016261	0.008016261	4124
168	11	1000	980.533506	-0.019466494	0.019466494	4124
168	12	1000	1022.675110	0.022675110	0.022675110	4124
168	13	1000	1022.675110	0.022675110	0.022675110	4124
168	14	1000	1011.138879	0.011138879	0.011138879	4124
168	15	1000	1008.579679	0.008579679	0.008579679	4124
168	16	1000	986.890795	-0.013109205	0.013109205	4124
168	17	1000	1013.699680	0.013699680	0.013699680	4124
168	18	1000	1007.300678	0.007300678	0.007300678	4124
168	19	1000	990.709909	-0.009290091	0.009290091	4124
168	20	5000	4957.555477	-0.008488905	0.008488905	4124
168	21	5000	5100.930114	0.020186023	0.020186023	4124
168	22	5000	4927.474558	-0.014505088	0.014505088	4124
168	23	10000	10194.208969	0.019420897	0.019420897	4124
169	0	1000	999.635049	-0.000364951	0.000364951	4124
169	1	1000	988.163437	-0.011836563	0.011836563	4124
169	2	1000	989.436475	-0.010563525	0.010563525	4124
169	3	1000	1000.911658	0.000911658	0.000911658	4124
169	4	1000	995.807607	-0.004192393	0.004192393	4124
169	5	1000	999.635049	-0.000364951	0.000364951	4124
169	6	1000	979.263232	-0.020736768	0.020736768	4124
169	7	1000	984.346695	-0.015653305	0.015653305	4124
169	8	1000	1002.188665	0.002188665	0.002188665	4124
169	9	1000	998.358838	-0.001641162	0.001641162	4124
169	10	1000	1003.466070	0.003466070	0.003466070	4124
169	11	1000	1003.466070	0.003466070	0.003466070	4124
169	12	1000	994.532588	-0.005467412	0.005467412	4124
169	13	1000	999.635049	-0.000364951	0.000364951	4124
169	14	1000	1003.466070	0.003466070	0.003466070	4124
169	15	1000	1009.859079	0.009859079	0.009859079	4124
169	16	1000	1009.859079	0.009859079	0.009859079	4124
169	17	1000	975.454771	-0.024545229	0.024545229	4124
169	18	1000	1009.859079	0.009859079	0.009859079	4124
169	19	1000	1034.243923	0.034243923	0.034243923	4124
169	20	5000	4981.105439	-0.003778912	0.003778912	4124
169	21	5000	4877.825466	-0.024434907	0.024434907	4124
169	22	5000	4947.503938	-0.010499212	0.010499212	4124
169	23	10000	10005.853945	0.000585395	0.000585395	4124
170	0	1000	993.257965	-0.006742035	0.006742035	4124
170	1	1000	1004.743874	0.004743874	0.004743874	4124
170	2	1000	1000.911658	0.000911658	0.000911658	4124
170	3	1000	967.848454	-0.032151546	0.032151546	4124
170	4	1000	1018.826088	0.018826088	0.018826088	4124
170	5	1000	995.807607	-0.004192393	0.004192393	4124
170	6	1000	991.983739	-0.008016261	0.008016261	4124
170	7	1000	1007.300678	0.007300678	0.007300678	4124
170	8	1000	1021.391701	0.021391701	0.021391701	4124
170	9	1000	1000.911658	0.000911658	0.000911658	4124
170	10	1000	1006.022077	0.006022077	0.006022077	4124
170	11	1000	1009.859079	0.009859079	0.009859079	4124
170	12	1000	1004.743874	0.004743874	0.004743874	4124
170	13	1000	997.083024	-0.002916976	0.002916976	4124
170	14	1000	981.804175	-0.018195825	0.018195825	4124
170	15	1000	969.115193	-0.030884807	0.030884807	4124
170	16	1000	997.083024	-0.002916976	0.002916976	4124
170	17	1000	1012.419079	0.012419079	0.012419079	4124
170	18	1000	998.358838	-0.001641162	0.001641162	4124
170	19	1000	977.993351	-0.022006649	0.022006649	4124
170	20	5000	5062.891850	0.012578370	0.012578370	4124
170	21	5000	5121.828119	0.024365624	0.024365624	4124
170	22	5000	5025.203588	0.005040718	0.005040718	4124
170	23	10000	10017.375753	0.001737575	0.001737575	4124
171	0	1000	1023.958921	0.023958921	0.023958921	4124
171	1	1000	993.257965	-0.006742035	0.006742035	4124
171	2	1000	999.635049	-0.000364951	0.000364951	4124
171	3	1000	995.807607	-0.004192393	0.004192393	4124
171	4	1000	1002.188665	0.002188665	0.002188665	4124
171	5	1000	976.723864	-0.023276136	0.023276136	4124
171	6	1000	1008.579679	0.008579679	0.008579679	4124
171	7	1000	1007.300678	0.007300678	0.007300678	4124
171	8	1000	998.358838	-0.001641162	0.001641162	4124
171	9	1000	988.163437	-0.011836563	0.011836563	4124
171	10	1000	1009.859079	0.009859079	0.009859079	4124
171	11	1000	1006.022077	0.006022077	0.006022077	4124
171	12	1000	1006.022077	0.006022077	0.006022077	4124
171	13	1000	999.635049	-0.000364951	0.000364951	4124
171	14	1000	998.358838	-0.001641162	0.001641162	4124
171	15	1000	997.083024	-0.002916976	0.002916976	4124
171	16	1000	995.807607	-0.004192393	0.004192393	4124
171	17	1000	1002.188665	0.002188665	0.002188665	4124
171	18	1000	1014.980680	0.014980680	0.014980680	4124
171	19	1000	1009.859079	0.009859079	0.009859079	4124
171	20	5000	5087.057112	0.017411422	0.017411422	4124
171	21	5000	5021.794515	0.004358903	0.004358903	4124
171	22	5000	5001.399453	0.000279891	0.000279891	4124
171	23	10000	9792.881217	-0.020711878	0.020711878	4124
172	0	1000	1004.743874	0.004743874	0.004743874	4124
172	1	1000	995.807607	-0.004192393	0.004192393	4124
172	2	1000	997.083024	-0.002916976	0.002916976	4124
172	3	1000	981.804175	-0.018195825	0.018195825	4124
172	4	1000	1014.980680	0.014980680	0.014980680	4124
172	5	1000	995.807607	-0.004192393	0.004192393	4124
172	6	1000	994.532588	-0.005467412	0.005467412	4124
172	7	1000	993.257965	-0.006742035	0.006742035	4124
172	8	1000	1002.188665	0.002188665	0.002188665	4124
172	9	1000	1027.812771	0.027812771	0.027812771	4124
172	10	1000	1002.188665	0.002188665	0.002188665	4124
172	11	1000	1017.543884	0.017543884	0.017543884	4124
172	12	1000	994.532588	-0.005467412	0.005467412	4124
172	13	1000	997.083024	-0.002916976	0.002916976	4124
172	14	1000	990.709909	-0.009290091	0.009290091	4124
172	15	1000	991.983739	-0.008016261	0.008016261	4124
172	16	1000	989.436475	-0.010563525	0.010563525	4124
172	17	1000	1000.911658	0.000911658	0.000911658	4124
172	18	1000	993.257965	-0.006742035	0.006742035	4124
172	19	1000	1004.743874	0.004743874	0.004743874	4124
172	20	5000	5032.030256	0.006406051	0.006406051	4124
172	21	5000	5042.291639	0.008458328	0.008458328	4124
172	22	5000	4934.140142	-0.013171972	0.013171972	4124
172	23	10000	9590.436894	-0.040956311	0.040956311	4124
173	0	1000	1007.300678	0.007300678	0.007300678	4124
173	1	1000	1012.419079	0.012419079	0.012419079	4124
173	2	1000	1000.911658	0.000911658	0.000911658	4124
173	3	1000	981.804175	-0.018195825	0.018195825	4124
173	4	1000	1003.466070	0.003466070	0.003466070	4124
173	5	1000	991.983739	-0.008016261	0.008016261	4124
173	6	1000	999.635049	-0.000364951	0.000364951	4124
173	7	1000	976.723864	-0.023276136	0.023276136	4124
173	8	1000	993.257965	-0.006742035	0.006742035	4124
173	9	1000	999.635049	-0.000364951	0.000364951	4124
173	10	1000	1007.300678	0.007300678	0.007300678	4124
173	11	1000	986.890795	-0.013109205	0.013109205	4124
173	12	1000	988.163437	-0.011836563	0.011836563	4124
173	13	1000	1002.188665	0.002188665	0.002188665	4124
173	14	1000	1004.743874	0.004743874	0.004743874	4124
173	15	1000	1004.743874	0.004743874	0.004743874	4124
173	16	1000	1003.466070	0.003466070	0.003466070	4124
173	17	1000	1000.911658	0.000911658	0.000911658	4124
173	18	1000	998.358838	-0.001641162	0.001641162	4124
173	19	1000	974.186070	-0.025813930	0.025813930	4124
173	20	5000	4930.805994	-0.013838801	0.013838801	4124
173	21	5000	5025.203588	0.005040718	0.005040718	4124
173	22	5000	4877.825466	-0.024434907	0.024434907	4124
173	23	10000	9858.947165	-0.014105284	0.014105284	4124
174	0	1000	977.993351	-0.022006649	0.022006649	4124
174	1	1000	1009.859079	0.009859079	0.009859079	4124
174	2	1000	1002.188665	0.002188665	0.002188665	4124
174	3	1000	1007.300678	0.007300678	0.007300678	4124
174	4	1000	999.635049	-0.000364951	0.000364951	4124
174	5	1000	1003.466070	0.003466070	0.003466070	4124
174	6	1000	1012.419079	0.012419079	0.012419079	4124
174	7	1000	995.807607	-0.004192393	0.004192393	4124
174	8	1000	1013.699680	0.013699680	0.013699680	4124
174	9	1000	1009.859079	0.009859079	0.009859079	4124
174	10	1000	983.075238	-0.016924762	0.016924762	4124
174	11	1000	984.346695	-0.015653305	0.015653305	4124
174	12	1000	991.983739	-0.008016261	0.008016261	4124
174	13	1000	1004.743874	0.004743874	0.004743874	4124
174	14	1000	999.635049	-0.000364951	0.000364951	4124
174	15	1000	1004.743874	0.004743874	0.004743874	4124
174	16	1000	1002.188665	0.002188665	0.002188665	4124
174	17	1000	997.083024	-0.002916976	0.002916976	4124
174	18	1000	1003.466070	0.003466070	0.003466070	4124
174	19	1000	1002.188665	0.002188665	0.002188665	4124
174	20	5000	4799.617839	-0.040076432	0.040076432	4124
174	21	5000	5080.138191	0.016027638	0.016027638	4124
174	22	5000	5032.030256	0.006406051	0.006406051	4124
174	23	10000	10379.022272	0.037902227	0.037902227	4124
175	0	1000	1003.466070	0.003466070	0.003466070	4124
175	1	1000	1000.911658	0.000911658	0.000911658	4124
175	2	1000	998.358838	-0.001641162	0.001641162	4124
175	3	1000	986.890795	-0.013109205	0.013109205	4124
175	4	1000	998.358838	-0.001641162	0.001641162	4124
175	5	1000	999.635049	-0.000364951	0.000364951	4124
175	6	1000	1002.188665	0.002188665	0.002188665	4124
175	7	1000	986.890795	-0.013109205	0.013109205	4124
175	8	1000	1002.188665	0.002188665	0.002188665	4124
175	9	1000	991.983739	-0.008016261	0.008016261	4124
175	10	1000	1020.108694	0.020108694	0.020108694	4124
175	11	1000	1013.699680	0.013699680	0.013699680	4124
175	12	1000	1017.543884	0.017543884	0.017543884	4124
175	13	1000	994.532588	-0.005467412	0.005467412	4124
175	14	1000	1004.743874	0.004743874	0.004743874	4124
175	15	1000	986.890795	-0.013109205	0.013109205	4124
175	16	1000	1012.419079	0.012419079	0.012419079	4124
175	17	1000	980.533506	-0.019466494	0.019466494	4124
175	18	1000	994.532588	-0.005467412	0.005467412	4124
175	19	1000	989.436475	-0.010563525	0.010563525	4124
175	20	5000	4858.133120	-0.028373376	0.028373376	4124
175	21	5000	5097.457456	0.019491491	0.019491491	4124
175	22	5000	4917.496478	-0.016500704	0.016500704	4124
175	23	10000	9580.054126	-0.041994587	0.041994587	4124
176	0	1000	1004.743874	0.004743874	0.004743874	4124
176	1	1000	1002.188665	0.002188665	0.002188665	4124
176	2	1000	989.436475	-0.010563525	0.010563525	4124
176	3	1000	1000.911658	0.000911658	0.000911658	4124
176	4	1000	1017.543884	0.017543884	0.017543884	4124
176	5	1000	1009.859079	0.009859079	0.009859079	4124
176	6	1000	1006.022077	0.006022077	0.006022077	4124
176	7	1000	1000.911658	0.000911658	0.000911658	4124
176	8	1000	1011.138879	0.011138879	0.011138879	4124
176	9	1000	979.263232	-0.020736768	0.020736768	4124
176	10	1000	997.083024	-0.002916976	0.002916976	4124
176	11	1000	1007.300678	0.007300678	0.007300678	4124
176	12	1000	1003.466070	0.003466070	0.003466070	4124
176	13	1000	1025.243135	0.025243135	0.025243135	4124
176	14	1000	990.709909	-0.009290091	0.009290091	4124
176	15	1000	997.083024	-0.002916976	0.002916976	4124
176	16	1000	1002.188665	0.002188665	0.002188665	4124
176	17	1000	1009.859079	0.009859079	0.009859079	4124
176	18	1000	1013.699680	0.013699680	0.013699680	4124
176	19	1000	1014.980680	0.014980680	0.014980680	4124
176	20	5000	5076.683109	0.015336622	0.015336622	4124
176	21	5000	5132.317241	0.026463448	0.026463448	4124
176	22	5000	4977.732858	-0.004453428	0.004453428	4124
176	23	10000	10087.195626	0.008719563	0.008719563	4124
177	0	1000	1007.300678	0.007300678	0.007300678	4124
177	1	1000	989.436475	-0.010563525	0.010563525	4124
177	2	1000	994.532588	-0.005467412	0.005467412	4124
177	3	1000	1000.911658	0.000911658	0.000911658	4124
177	4	1000	991.983739	-0.008016261	0.008016261	4124
177	5	1000	997.083024	-0.002916976	0.002916976	4124
177	6	1000	1016.262082	0.016262082	0.016262082	4124
177	7	1000	1004.743874	0.004743874	0.004743874	4124
177	8	1000	997.083024	-0.002916976	0.002916976	4124
177	9	1000	985.618547	-0.014381453	0.014381453	4124
177	10	1000	983.075238	-0.016924762	0.016924762	4124
177	11	1000	998.358838	-0.001641162	0.001641162	4124
177	12	1000	1004.743874	0.004743874	0.004743874	4124
177	13	1000	1021.391701	0.021391701	0.021391701	4124
177	14	1000	997.083024	-0.002916976	0.002916976	4124
177	15	1000	1002.188665	0.002188665	0.002188665	4124
177	16	1000	981.804175	-0.018195825	0.018195825	4124
177	17	1000	1002.188665	0.002188665	0.002188665	4124
177	18	1000	1014.980680	0.014980680	0.014980680	4124
177	19	1000	1004.743874	0.004743874	0.004743874	4124
177	20	5000	5011.584290	0.002316858	0.002316858	4124
177	21	5000	5090.520960	0.018104192	0.018104192	4124
177	22	5000	5100.930114	0.020186023	0.020186023	4124
177	23	10000	10242.682908	0.024268291	0.024268291	4124
178	0	1000	993.257965	-0.006742035	0.006742035	4124
178	1	1000	986.890795	-0.013109205	0.013109205	4124
178	2	1000	1007.300678	0.007300678	0.007300678	4124
178	3	1000	1002.188665	0.002188665	0.002188665	4124
178	4	1000	993.257965	-0.006742035	0.006742035	4124
178	5	1000	1013.699680	0.013699680	0.013699680	4124
178	6	1000	995.807607	-0.004192393	0.004192393	4124
178	7	1000	1016.262082	0.016262082	0.016262082	4124
178	8	1000	1021.391701	0.021391701	0.021391701	4124
178	9	1000	991.983739	-0.008016261	0.008016261	4124
178	10	1000	975.454771	-0.024545229	0.024545229	4124
178	11	1000	984.346695	-0.015653305	0.015653305	4124
178	12	1000	1002.188665	0.002188665	0.002188665	4124
178	13	1000	1006.022077	0.006022077	0.006022077	4124
178	14	1000	1004.743874	0.004743874	0.004743874	4124
178	15	1000	994.532588	-0.005467412	0.005467412	4124
178	16	1000	977.993351	-0.022006649	0.022006649	4124
178	17	1000	1016.262082	0.016262082	0.016262082	4124
178	18	1000	1012.419079	0.012419079	0.012419079	4124
178	19	1000	1022.675110	0.022675110	0.022675110	4124
178	20	5000	4944.158899	-0.011168220	0.011168220	4124
178	21	5000	5153.376413	0.030675283	0.030675283	4124
178	22	5000	5083.596191	0.016719238	0.016719238	4124
178	23	10000	9948.726102	-0.005127390	0.005127390	4124
179	0	1000	1000.911658	0.000911658	0.000911658	4124
179	1	1000	1009.859079	0.009859079	0.009859079	4124
179	2	1000	993.257965	-0.006742035	0.006742035	4124
179	3	1000	1008.579679	0.008579679	0.008579679	4124
179	4	1000	1002.188665	0.002188665	0.002188665	4124
179	5	1000	983.075238	-0.016924762	0.016924762	4124
179	6	1000	983.075238	-0.016924762	0.016924762	4124
179	7	1000	999.635049	-0.000364951	0.000364951	4124
179	8	1000	1007.300678	0.007300678	0.007300678	4124
179	9	1000	1016.262082	0.016262082	0.016262082	4124
179	10	1000	1009.859079	0.009859079	0.009859079	4124
179	11	1000	1020.108694	0.020108694	0.020108694	4124
179	12	1000	1017.543884	0.017543884	0.017543884	4124
179	13	1000	980.533506	-0.019466494	0.019466494	4124
179	14	1000	1008.579679	0.008579679	0.008579679	4124
179	15	1000	1013.699680	0.013699680	0.013699680	4124
179	16	1000	1007.300678	0.007300678	0.007300678	4124
179	17	1000	1008.579679	0.008579679	0.008579679	4124
179	18	1000	993.257965	-0.006742035	0.006742035	4124
179	19	1000	1002.188665	0.002188665	0.002188665	4124
179	20	5000	4994.623603	-0.001075279	0.001075279	4124
179	21	5000	4900.920170	-0.019815966	0.019815966	4124
179	22	5000	5032.030256	0.006406051	0.006406051	4124
179	23	10000	9937.395527	-0.006260447	0.006260447	4124
180	0	1000	1004.743874	0.004743874	0.004743874	4124
180	1	1000	999.635049	-0.000364951	0.000364951	4124
180	2	1000	988.163437	-0.011836563	0.011836563	4124
180	3	1000	995.807607	-0.004192393	0.004192393	4124
180	4	1000	981.804175	-0.018195825	0.018195825	4124
180	5	1000	1004.743874	0.004743874	0.004743874	4124
180	6	1000	989.436475	-0.010563525	0.010563525	4124
180	7	1000	997.083024	-0.002916976	0.002916976	4124
180	8	1000	1023.958921	0.023958921	0.023958921	4124
180	9	1000	989.436475	-0.010563525	0.010563525	4124
180	10	1000	995.807607	-0.004192393	0.004192393	4124
180	11	1000	1007.300678	0.007300678	0.007300678	4124
180	12	1000	986.890795	-0.013109205	0.013109205	4124
180	13	1000	993.257965	-0.006742035	0.006742035	4124
180	14	1000	1006.022077	0.006022077	0.006022077	4124
180	15	1000	994.532588	-0.005467412	0.005467412	4124
180	16	1000	1011.138879	0.011138879	0.011138879	4124
180	17	1000	1008.579679	0.008579679	0.008579679	4124
180	18	1000	1009.859079	0.009859079	0.009859079	4124
180	19	1000	993.257965	-0.006742035	0.006742035	4124
180	20	5000	4981.105439	-0.003778912	0.003778912	4124
180	21	5000	5066.335314	0.013267063	0.013267063	4124
180	22	5000	4974.363051	-0.005127390	0.005127390	4124
180	23	10000	9870.062504	-0.012993750	0.012993750	4124
181	0	1000	1009.859079	0.009859079	0.009859079	4124
181	1	1000	1011.138879	0.011138879	0.011138879	4124
181	2	1000	1003.466070	0.003466070	0.003466070	4124
181	3	1000	1017.543884	0.017543884	0.017543884	4124
181	4	1000	995.807607	-0.004192393	0.004192393	4124
181	5	1000	994.532588	-0.005467412	0.005467412	4124
181	6	1000	1006.022077	0.006022077	0.006022077	4124
181	7	1000	995.807607	-0.004192393	0.004192393	4124
181	8	1000	1008.579679	0.008579679	0.008579679	4124
181	9	1000	1011.138879	0.011138879	0.011138879	4124
181	10	1000	1012.419079	0.012419079	0.012419079	4124
181	11	1000	1012.419079	0.012419079	0.012419079	4124
181	12	1000	993.257965	-0.006742035	0.006742035	4124
181	13	1000	1004.743874	0.004743874	0.004743874	4124
181	14	1000	1003.466070	0.003466070	0.003466070	4124
181	15	1000	1009.859079	0.009859079	0.009859079	4124
181	16	1000	1017.543884	0.017543884	0.017543884	4124
181	17	1000	990.709909	-0.009290091	0.009290091	4124
181	18	1000	1004.743874	0.004743874	0.004743874	4124
181	19	1000	1002.188665	0.002188665	0.002188665	4124
181	20	5000	4854.860247	-0.029027951	0.029027951	4124
181	21	5000	5059.451279	0.011890256	0.011890256	4124
181	22	5000	5001.399453	0.000279891	0.000279891	4124
181	23	10000	9814.785012	-0.018521499	0.018521499	4124
182	0	1000	998.358838	-0.001641162	0.001641162	4124
182	1	1000	1022.675110	0.022675110	0.022675110	4124
182	2	1000	985.618547	-0.014381453	0.014381453	4124
182	3	1000	979.263232	-0.020736768	0.020736768	4124
182	4	1000	1007.300678	0.007300678	0.007300678	4124
182	5	1000	999.635049	-0.000364951	0.000364951	4124
182	6	1000	989.436475	-0.010563525	0.010563525	4124
182	7	1000	1016.262082	0.016262082	0.016262082	4124
182	8	1000	1002.188665	0.002188665	0.002188665	4124
182	9	1000	997.083024	-0.002916976	0.002916976	4124
182	10	1000	1009.859079	0.009859079	0.009859079	4124
182	11	1000	966.582107	-0.033417893	0.033417893	4124
182	12	1000	986.890795	-0.013109205	0.013109205	4124
182	13	1000	1009.859079	0.009859079	0.009859079	4124
182	14	1000	986.890795	-0.013109205	0.013109205	4124
182	15	1000	986.890795	-0.013109205	0.013109205	4124
182	16	1000	997.083024	-0.002916976	0.002916976	4124
182	17	1000	1009.859079	0.009859079	0.009859079	4124
182	18	1000	1006.022077	0.006022077	0.006022077	4124
182	19	1000	1003.466070	0.003466070	0.003466070	4124
182	20	5000	5093.987740	0.018797548	0.018797548	4124
182	21	5000	5004.791585	0.000958317	0.000958317	4124
182	22	5000	4934.140142	-0.013171972	0.013171972	4124
182	23	10000	9892.384085	-0.010761591	0.010761591	4124
183	0	1000	1011.138879	0.011138879	0.011138879	4124
183	1	1000	979.263232	-0.020736768	0.020736768	4124
183	2	1000	1006.022077	0.006022077	0.006022077	4124
183	3	1000	998.358838	-0.001641162	0.001641162	4124
183	4	1000	981.804175	-0.018195825	0.018195825	4124
183	5	1000	1018.826088	0.018826088	0.018826088	4124
183	6	1000	1012.419079	0.012419079	0.012419079	4124
183	7	1000	994.532588	-0.005467412	0.005467412	4124
183	8	1000	1000.911658	0.000911658	0.000911658	4124
183	9	1000	1011.138879	0.011138879	0.011138879	4124
183	10	1000	1017.543884	0.017543884	0.017543884	4124
183	11	1000	985.618547	-0.014381453	0.014381453	4124
183	12	1000	988.163437	-0.011836563	0.011836563	4124
183	13	1000	1002.188665	0.002188665	0.002188665	4124
183	14	1000	980.533506	-0.019466494	0.019466494	4124
183	15	1000	1009.859079	0.009859079	0.009859079	4124
183	16	1000	989.436475	-0.010563525	0.010563525	4124
183	17	1000	994.532588	-0.005467412	0.005467412	4124
183	18	1000	1002.188665	0.002188665	0.002188665	4124
183	19	1000	1003.466070	0.003466070	0.003466070	4124
183	20	5000	5062.891850	0.012578370	0.012578370	4124
183	21	5000	5153.376413	0.030675283	0.030675283	4124
183	22	5000	4917.496478	-0.016500704	0.016500704	4124
183	23	10000	10267.136712	0.026713671	0.026713671	4124
184	0	1000	1003.466070	0.003466070	0.003466070	4124
184	1	1000	990.709909	-0.009290091	0.009290091	4124
184	2	1000	998.358838	-0.001641162	0.001641162	4124
184	3	1000	1000.911658	0.000911658	0.000911658	4124
184	4	1000	1002.188665	0.002188665	0.002188665	4124
184	5	1000	1023.958921	0.023958921	0.023958921	4124
184	6	1000	1002.188665	0.002188665	0.002188665	4124
184	7	1000	983.075238	-0.016924762	0.016924762	4124
184	8	1000	985.618547	-0.014381453	0.014381453	4124
184	9	1000	1013.699680	0.013699680	0.013699680	4124
184	10	1000	1012.419079	0.012419079	0.012419079	4124
184	11	1000	990.709909	-0.009290091	0.009290091	4124
184	12	1000	989.436475	-0.010563525	0.010563525	4124
184	13	1000	1007.300678	0.007300678	0.007300678	4124
184	14	1000	994.532588	-0.005467412	0.005467412	4124
184	15	1000	1006.022077	0.006022077	0.006022077	4124
184	16	1000	991.983739	-0.008016261	0.008016261	4124
184	17	1000	1000.911658	0.000911658	0.000911658	4124
184	18	1000	990.709909	-0.009290091	0.009290091	4124
184	19	1000	1039.396125	0.039396125	0.039396125	4124
184	20	5000	4957.555477	-0.008488905	0.008488905	4124
184	21	5000	5042.291639	0.008458328	0.008458328	4124
184	22	5000	4914.175845	-0.017164831	0.017164831	4124
184	23	10000	10063.789848	0.006378985	0.006378985	4124
185	0	1000	1000.911658	0.000911658	0.000911658	4124
185	1	1000	997.083024	-0.002916976	0.002916976	4124
185	2	1000	1003.466070	0.003466070	0.003466070	4124
185	3	1000	1017.543884	0.017543884	0.017543884	4124
185	4	1000	1018.826088	0.018826088	0.018826088	4124
185	5	1000	1017.543884	0.017543884	0.017543884	4124
185	6	1000	1013.699680	0.013699680	0.013699680	4124
185	7	1000	980.533506	-0.019466494	0.019466494	4124
185	8	1000	997.083024	-0.002916976	0.002916976	4124
185	9	1000	1017.543884	0.017543884	0.017543884	4124
185	10	1000	993.257965	-0.006742035	0.006742035	4124
185	11	1000	998.358838	-0.001641162	0.001641162	4124
185	12	1000	989.436475	-0.010563525	0.010563525	4124
185	13	1000	998.358838	-0.001641162	0.001641162	4124
185	14	1000	1003.466070	0.003466070	0.003466070	4124
185	15	1000	1021.391701	0.021391701	0.021391701	4124
185	16	1000	1004.743874	0.004743874	0.004743874	4124
185	17	1000	997.083024	-0.002916976	0.002916976	4124
185	18	1000	1004.743874	0.004743874	0.004743874	4124
185	19	1000	1014.980680	0.014980680	0.014980680	4124
185	20	5000	4977.732858	-0.004453428	0.004453428	4124
185	21	5000	4910.857903	-0.017828419	0.017828419	4124
185	22	5000	5025.203588	0.005040718	0.005040718	4124
185	23	10000	10005.853945	0.000585395	0.000585395	4124
186	0	1000	997.083024	-0.002916976	0.002916976	4124
186	1	1000	999.635049	-0.000364951	0.000364951	4124
186	2	1000	1009.859079	0.009859079	0.009859079	4124
186	3	1000	993.257965	-0.006742035	0.006742035	4124
186	4	1000	983.075238	-0.016924762	0.016924762	4124
186	5	1000	1004.743874	0.004743874	0.004743874	4124
186	6	1000	1002.188665	0.002188665	0.002188665	4124
186	7	1000	994.532588	-0.005467412	0.005467412	4124
186	8	1000	1000.911658	0.000911658	0.000911658	4124
186	9	1000	1017.543884	0.017543884	0.017543884	4124
186	10	1000	1003.466070	0.003466070	0.003466070	4124
186	11	1000	995.807607	-0.004192393	0.004192393	4124
186	12	1000	1000.911658	0.000911658	0.000911658	4124
186	13	1000	981.804175	-0.018195825	0.018195825	4124
186	14	1000	998.358838	-0.001641162	0.001641162	4124
186	15	1000	1012.419079	0.012419079	0.012419079	4124
186	16	1000	990.709909	-0.009290091	0.009290091	4124
186	17	1000	1004.743874	0.004743874	0.004743874	4124
186	18	1000	1025.243135	0.025243135	0.025243135	4124
186	19	1000	1012.419079	0.012419079	0.012419079	4124
186	20	5000	4924.145830	-0.015170834	0.015170834	4124
186	21	5000	4937.477005	-0.012504599	0.012504599	4124
186	22	5000	5001.399453	0.000279891	0.000279891	4124
186	23	10000	10098.948862	0.009894886	0.009894886	4124
187	0	1000	995.807607	-0.004192393	0.004192393	4124
187	1	1000	1006.022077	0.006022077	0.006022077	4124
187	2	1000	969.115193	-0.030884807	0.030884807	4124
187	3	1000	1000.911658	0.000911658	0.000911658	4124
187	4	1000	1000.911658	0.000911658	0.000911658	4124
187	5	1000	1007.300678	0.007300678	0.007300678	4124
187	6	1000	1003.466070	0.003466070	0.003466070	4124
187	7	1000	994.532588	-0.005467412	0.005467412	4124
187	8	1000	988.163437	-0.011836563	0.011836563	4124
187	9	1000	997.083024	-0.002916976	0.002916976	4124
187	10	1000	993.257965	-0.006742035	0.006742035	4124
187	11	1000	1006.022077	0.006022077	0.006022077	4124
187	12	1000	988.163437	-0.011836563	0.011836563	4124
187	13	1000	985.618547	-0.014381453	0.014381453	4124
187	14	1000	1008.579679	0.008579679	0.008579679	4124
187	15	1000	1007.300678	0.007300678	0.007300678	4124
187	16	1000	983.075238	-0.016924762	0.016924762	4124
187	17	1000	980.533506	-0.019466494	0.019466494	4124
187	18	1000	990.709909	-0.009290091	0.009290091	4124
187	19	1000	1016.262082	0.016262082	0.016262082	4124
187	20	5000	5032.030256	0.006406051	0.006406051	4124
187	21	5000	5008.186530	0.001637306	0.001637306	4124
187	22	5000	5018.388278	0.003677656	0.003677656	4124
187	23	10000	9781.973088	-0.021802691	0.021802691	4124
188	0	1000	1011.138879	0.011138879	0.011138879	4124
188	1	1000	988.163437	-0.011836563	0.011836563	4124
188	2	1000	995.807607	-0.004192393	0.004192393	4124
188	3	1000	1013.699680	0.013699680	0.013699680	4124
188	4	1000	988.163437	-0.011836563	0.011836563	4124
188	5	1000	1003.466070	0.003466070	0.003466070	4124
188	6	1000	1007.300678	0.007300678	0.007300678	4124
188	7	1000	997.083024	-0.002916976	0.002916976	4124
188	8	1000	1004.743874	0.004743874	0.004743874	4124
188	9	1000	989.436475	-0.010563525	0.010563525	4124
188	10	1000	988.163437	-0.011836563	0.011836563	4124
188	11	1000	998.358838	-0.001641162	0.001641162	4124
188	12	1000	1007.300678	0.007300678	0.007300678	4124
188	13	1000	1011.138879	0.011138879	0.011138879	4124
188	14	1000	985.618547	-0.014381453	0.014381453	4124
188	15	1000	1004.743874	0.004743874	0.004743874	4124
188	16	1000	1007.300678	0.007300678	0.007300678	4124
188	17	1000	1016.262082	0.016262082	0.016262082	4124
188	18	1000	1006.022077	0.006022077	0.006022077	4124
188	19	1000	1021.391701	0.021391701	0.021391701	4124
188	20	5000	5025.203588	0.005040718	0.005040718	4124
188	21	5000	4964.270233	-0.007145953	0.007145953	4124
188	22	5000	5035.447861	0.007089572	0.007089572	4124
188	23	10000	10182.179592	0.018217959	0.018217959	4124
189	0	1000	999.635049	-0.000364951	0.000364951	4124
189	1	1000	1000.911658	0.000911658	0.000911658	4124
189	2	1000	1009.859079	0.009859079	0.009859079	4124
189	3	1000	1004.743874	0.004743874	0.004743874	4124
189	4	1000	1012.419079	0.012419079	0.012419079	4124
189	5	1000	975.454771	-0.024545229	0.024545229	4124
189	6	1000	1012.419079	0.012419079	0.012419079	4124
189	7	1000	998.358838	-0.001641162	0.001641162	4124
189	8	1000	1018.826088	0.018826088	0.018826088	4124
189	9	1000	1007.300678	0.007300678	0.007300678	4124
189	10	1000	998.358838	-0.001641162	0.001641162	4124
189	11	1000	991.983739	-0.008016261	0.008016261	4124
189	12	1000	997.083024	-0.002916976	0.002916976	4124
189	13	1000	998.358838	-0.001641162	0.001641162	4124
189	14	1000	1008.579679	0.008579679	0.008579679	4124
189	15	1000	1008.579679	0.008579679	0.008579679	4124
189	16	1000	994.532588	-0.005467412	0.005467412	4124
189	17	1000	991.983739	-0.008016261	0.008016261	4124
189	18	1000	997.083024	-0.002916976	0.002916976	4124
189	19	1000	977.993351	-0.022006649	0.022006649	4124
189	20	5000	5080.138191	0.016027638	0.016027638	4124
189	21	5000	5001.399453	0.000279891	0.000279891	4124
189	22	5000	4944.158899	-0.011168220	0.011168220	4124
189	23	10000	10158.226307	0.015822631	0.015822631	4124
190	0	1000	999.635049	-0.000364951	0.000364951	4124
190	1	1000	988.163437	-0.011836563	0.011836563	4124
190	2	1000	1012.419079	0.012419079	0.012419079	4124
190	3	1000	1003.466070	0.003466070	0.003466070	4124
190	4	1000	1007.300678	0.007300678	0.007300678	4124
190	5	1000	1022.675110	0.022675110	0.022675110	4124
190	6	1000	977.993351	-0.022006649	0.022006649	4124
190	7	1000	990.709909	-0.009290091	0.009290091	4124
190	8	1000	1004.743874	0.004743874	0.004743874	4124
190	9	1000	1011.138879	0.011138879	0.011138879	4124
190	10	1000	991.983739	-0.008016261	0.008016261	4124
190	11	1000	1016.262082	0.016262082	0.016262082	4124
190	12	1000	1011.138879	0.011138879	0.011138879	4124
190	13	1000	1006.022077	0.006022077	0.006022077	4124
190	14	1000	1016.262082	0.016262082	0.016262082	4124
190	15	1000	1012.419079	0.012419079	0.012419079	4124
190	16	1000	1014.980680	0.014980680	0.014980680	4124
190	17	1000	1009.859079	0.009859079	0.009859079	4124
190	18	1000	1000.911658	0.000911658	0.000911658	4124
190	19	1000	999.635049	-0.000364951	0.000364951	4124
190	20	5000	5018.388278	0.003677656	0.003677656	4124
190	21	5000	5066.335314	0.013267063	0.013267063	4124
190	22	5000	5018.388278	0.003677656	0.003677656	4124
190	23	10000	9881.208089	-0.011879191	0.011879191	4124
191	0	1000	998.358838	-0.001641162	0.001641162	4124
191	1	1000	990.709909	-0.009290091	0.009290091	4124
191	2	1000	993.257965	-0.006742035	0.006742035	4124
191	3	1000	1013.699680	0.013699680	0.013699680	4124
191	4	1000	991.983739	-0.008016261	0.008016261	4124
191	5	1000	999.635049	-0.000364951	0.000364951	4124
191	6	1000	1014.980680	0.014980680	0.014980680	4124
191	7	1000	980.533506	-0.019466494	0.019466494	4124
191	8	1000	998.358838	-0.001641162	0.001641162	4124
191	9	1000	994.532588	-0.005467412	0.005467412	4124
191	10	1000	1013.699680	0.013699680	0.013699680	4124
191	11	1000	1007.300678	0.007300678	0.007300678	4124
191	12	1000	999.635049	-0.000364951	0.000364951	4124
191	13	1000	1002.188665	0.002188665	0.002188665	4124
191	14	1000	995.807607	-0.004192393	0.004192393	4124
191	15	1000	1002.188665	0.002188665	0.002188665	4124
191	16	1000	1013.699680	0.013699680	0.013699680	4124
191	17	1000	1007.300678	0.007300678	0.007300678	4124
191	18	1000	1007.300678	0.007300678	0.007300678	4124
191	19	1000	995.807607	-0.004192393	0.004192393	4124
191	20	5000	4960.911479	-0.007817704	0.007817704	4124
191	21	5000	4920.819805	-0.015836039	0.015836039	4124
191	22	5000	5038.868321	0.007773664	0.007773664	4124
191	23	10000	9621.744053	-0.037825595	0.037825595	4124
192	0	1000	995.807607	-0.004192393	0.004192393	4124
192	1	1000	989.436475	-0.010563525	0.010563525	4124
192	2	1000	990.709909	-0.009290091	0.009290091	4124
192	3	1000	999.635049	-0.000364951	0.000364951	4124
192	4	1000	1004.743874	0.004743874	0.004743874	4124
192	5	1000	1000.911658	0.000911658	0.000911658	4124
192	6	1000	1006.022077	0.006022077	0.006022077	4124
192	7	1000	998.358838	-0.001641162	0.001641162	4124
192	8	1000	986.890795	-0.013109205	0.013109205	4124
192	9	1000	1021.391701	0.021391701	0.021391701	4124
192	10	1000	1013.699680	0.013699680	0.013699680	4124
192	11	1000	997.083024	-0.002916976	0.002916976	4124
192	12	1000	1004.743874	0.004743874	0.004743874	4124
192	13	1000	1007.300678	0.007300678	0.007300678	4124
192	14	1000	995.807607	-0.004192393	0.004192393	4124
192	15	1000	991.983739	-0.008016261	0.008016261	4124
192	16	1000	993.257965	-0.006742035	0.006742035	4124
192	17	1000	1000.911658	0.000911658	0.000911658	4124
192	18	1000	1009.859079	0.009859079	0.009859079	4124
192	19	1000	1011.138879	0.011138879	0.011138879	4124
192	20	5000	4987.858944	-0.002428211	0.002428211	4124
192	21	5000	4984.480800	-0.003103840	0.003103840	4124
192	22	5000	4950.851711	-0.009829658	0.009829658	4124
192	23	10000	10218.374231	0.021837423	0.021837423	4124
193	0	1000	1000.911658	0.000911658	0.000911658	4124
193	1	1000	993.257965	-0.006742035	0.006742035	4124
193	2	1000	991.983739	-0.008016261	0.008016261	4124
193	3	1000	993.257965	-0.006742035	0.006742035	4124
193	4	1000	1023.958921	0.023958921	0.023958921	4124
193	5	1000	999.635049	-0.000364951	0.000364951	4124
193	6	1000	1017.543884	0.017543884	0.017543884	4124
193	7	1000	1004.743874	0.004743874	0.004743874	4124
193	8	1000	990.709909	-0.009290091	0.009290091	4124
193	9	1000	1017.543884	0.017543884	0.017543884	4124
193	10	1000	1008.579679	0.008579679	0.008579679	4124
193	11	1000	991.983739	-0.008016261	0.008016261	4124
193	12	1000	990.709909	-0.009290091	0.009290091	4124
193	13	1000	1016.262082	0.016262082	0.016262082	4124
193	14	1000	983.075238	-0.016924762	0.016924762	4124
193	15	1000	991.983739	-0.008016261	0.008016261	4124
193	16	1000	994.532588	-0.005467412	0.005467412	4124
193	17	1000	1014.980680	0.014980680	0.014980680	4124
193	18	1000	1007.300678	0.007300678	0.007300678	4124
193	19	1000	981.804175	-0.018195825	0.018195825	4124
193	20	5000	4977.732858	-0.004453428	0.004453428	4124
193	21	5000	4991.239877	-0.001752025	0.001752025	4124
193	22	5000	5018.388278	0.003677656	0.003677656	4124
193	23	10000	10052.136924	0.005213692	0.005213692	4124
194	0	1000	983.075238	-0.016924762	0.016924762	4124
194	1	1000	1004.743874	0.004743874	0.004743874	4124
194	2	1000	991.983739	-0.008016261	0.008016261	4124
194	3	1000	1002.188665	0.002188665	0.002188665	4124
194	4	1000	1008.579679	0.008579679	0.008579679	4124
194	5	1000	993.257965	-0.006742035	0.006742035	4124
194	6	1000	989.436475	-0.010563525	0.010563525	4124
194	7	1000	980.533506	-0.019466494	0.019466494	4124
194	8	1000	997.083024	-0.002916976	0.002916976	4124
194	9	1000	1007.300678	0.007300678	0.007300678	4124
194	10	1000	1016.262082	0.016262082	0.016262082	4124
194	11	1000	1011.138879	0.011138879	0.011138879	4124
194	12	1000	986.890795	-0.013109205	0.013109205	4124
194	13	1000	993.257965	-0.006742035	0.006742035	4124
194	14	1000	1014.980680	0.014980680	0.014980680	4124
194	15	1000	991.983739	-0.008016261	0.008016261	4124
194	16	1000	1012.419079	0.012419079	0.012419079	4124
194	17	1000	1013.699680	0.013699680	0.013699680	4124
194	18	1000	997.083024	-0.002916976	0.002916976	4124
194	19	1000	995.807607	-0.004192393	0.004192393	4124
194	20	5000	4920.819805	-0.015836039	0.015836039	4124
194	21	5000	5045.717821	0.009143564	0.009143564	4124
194	22	5000	5073.230939	0.014646188	0.014646188	4124
194	23	10000	9803.818473	-0.019618153	0.019618153	4124
195	0	1000	1003.466070	0.003466070	0.003466070	4124
195	1	1000	1027.812771	0.027812771	0.027812771	4124
195	2	1000	1000.911658	0.000911658	0.000911658	4124
195	3	1000	989.436475	-0.010563525	0.010563525	4124
195	4	1000	1011.138879	0.011138879	0.011138879	4124
195	5	1000	990.709909	-0.009290091	0.009290091	4124
195	6	1000	999.635049	-0.000364951	0.000364951	4124
195	7	1000	1000.911658	0.000911658	0.000911658	4124
195	8	1000	1011.138879	0.011138879	0.011138879	4124
195	9	1000	1013.699680	0.013699680	0.013699680	4124
195	10	1000	1020.108694	0.020108694	0.020108694	4124
195	11	1000	986.890795	-0.013109205	0.013109205	4124
195	12	1000	999.635049	-0.000364951	0.000364951	4124
195	13	1000	1014.980680	0.014980680	0.014980680	4124
195	14	1000	1022.675110	0.022675110	0.022675110	4124
195	15	1000	1008.579679	0.008579679	0.008579679	4124
195	16	1000	1014.980680	0.014980680	0.014980680	4124
195	17	1000	1016.262082	0.016262082	0.016262082	4124
195	18	1000	1004.743874	0.004743874	0.004743874	4124
195	19	1000	990.709909	-0.009290091	0.009290091	4124
195	20	5000	4920.819805	-0.015836039	0.015836039	4124
195	21	5000	4964.270233	-0.007145953	0.007145953	4124
195	22	5000	5062.891850	0.012578370	0.012578370	4124
195	23	10000	9971.481716	-0.002851828	0.002851828	4124
196	0	1000	1002.188665	0.002188665	0.002188665	4124
196	1	1000	1000.911658	0.000911658	0.000911658	4124
196	2	1000	974.186070	-0.025813930	0.025813930	4124
196	3	1000	991.983739	-0.008016261	0.008016261	4124
196	4	1000	1014.980680	0.014980680	0.014980680	4124
196	5	1000	1009.859079	0.009859079	0.009859079	4124
196	6	1000	991.983739	-0.008016261	0.008016261	4124
196	7	1000	985.618547	-0.014381453	0.014381453	4124
196	8	1000	1013.699680	0.013699680	0.013699680	4124
196	9	1000	990.709909	-0.009290091	0.009290091	4124
196	10	1000	1008.579679	0.008579679	0.008579679	4124
196	11	1000	986.890795	-0.013109205	0.013109205	4124
196	12	1000	1022.675110	0.022675110	0.022675110	4124
196	13	1000	977.993351	-0.022006649	0.022006649	4124
196	14	1000	989.436475	-0.010563525	0.010563525	4124
196	15	1000	988.163437	-0.011836563	0.011836563	4124
196	16	1000	1013.699680	0.013699680	0.013699680	4124
196	17	1000	981.804175	-0.018195825	0.018195825	4124
196	18	1000	999.635049	-0.000364951	0.000364951	4124
196	19	1000	1026.527751	0.026527751	0.026527751	4124
196	20	5000	4954.202223	-0.009159555	0.009159555	4124
196	21	5000	4910.857903	-0.017828419	0.017828419	4124
196	22	5000	5093.987740	0.018797548	0.018797548	4124
196	23	10000	9937.395527	-0.006260447	0.006260447	4124
197	0	1000	1006.022077	0.006022077	0.006022077	4124
197	1	1000	995.807607	-0.004192393	0.004192393	4124
197	2	1000	976.723864	-0.023276136	0.023276136	4124
197	3	1000	989.436475	-0.010563525	0.010563525	4124
197	4	1000	1007.300678	0.007300678	0.007300678	4124
197	5	1000	1008.579679	0.008579679	0.008579679	4124
197	6	1000	993.257965	-0.006742035	0.006742035	4124
197	7	1000	1004.743874	0.004743874	0.004743874	4124
197	8	1000	1008.579679	0.008579679	0.008579679	4124
197	9	1000	990.709909	-0.009290091	0.009290091	4124
197	10	1000	989.436475	-0.010563525	0.010563525	4124
197	11	1000	995.807607	-0.004192393	0.004192393	4124
197	12	1000	1004.743874	0.004743874	0.004743874	4124
197	13	1000	1022.675110	0.022675110	0.022675110	4124
197	14	1000	1000.911658	0.000911658	0.000911658	4124
197	15	1000	995.807607	-0.004192393	0.004192393	4124
197	16	1000	990.709909	-0.009290091	0.009290091	4124
197	17	1000	999.635049	-0.000364951	0.000364951	4124
197	18	1000	998.358838	-0.001641162	0.001641162	4124
197	19	1000	984.346695	-0.015653305	0.015653305	4124
197	20	5000	5083.596191	0.016719238	0.016719238	4124
197	21	5000	4864.686721	-0.027062656	0.027062656	4124
197	22	5000	4957.555477	-0.008488905	0.008488905	4124
197	23	10000	9982.907107	-0.001709289	0.001709289	4124
198	0	1000	1002.188665	0.002188665	0.002188665	4124
198	1	1000	1021.391701	0.021391701	0.021391701	4124
198	2	1000	995.807607	-0.004192393	0.004192393	4124
198	3	1000	1007.300678	0.007300678	0.007300678	4124
198	4	1000	990.709909	-0.009290091	0.009290091	4124
198	5	1000	999.635049	-0.000364951	0.000364951	4124
198	6	1000	994.532588	-0.005467412	0.005467412	4124
198	7	1000	1022.675110	0.022675110	0.022675110	4124
198	8	1000	1017.543884	0.017543884	0.017543884	4124
198	9	1000	995.807607	-0.004192393	0.004192393	4124
198	10	1000	1011.138879	0.011138879	0.011138879	4124
198	11	1000	995.807607	-0.004192393	0.004192393	4124
198	12	1000	1000.911658	0.000911658	0.000911658	4124
198	13	1000	995.807607	-0.004192393	0.004192393	4124
198	14	1000	997.083024	-0.002916976	0.002916976	4124
198	15	1000	998.358838	-0.001641162	0.001641162	4124
198	16	1000	998.358838	-0.001641162	0.001641162	4124
198	17	1000	1016.262082	0.016262082	0.016262082	4124
198	18	1000	999.635049	-0.000364951	0.000364951	4124
198	19	1000	995.807607	-0.004192393	0.004192393	4124
198	20	5000	5001.399453	0.000279891	0.000279891	4124
198	21	5000	4927.474558	-0.014505088	0.014505088	4124
198	22	5000	4984.480800	-0.003103840	0.003103840	4124
198	23	10000	9960.088106	-0.003991189	0.003991189	4124
199	0	1000	990.709909	-0.009290091	0.009290091	4124
199	1	1000	1012.419079	0.012419079	0.012419079	4124
199	2	1000	1000.911658	0.000911658	0.000911658	4124
199	3	1000	1014.980680	0.014980680	0.014980680	4124
199	4	1000	998.358838	-0.001641162	0.001641162	4124
199	5	1000	1021.391701	0.021391701	0.021391701	4124
199	6	1000	990.709909	-0.009290091	0.009290091	4124
199	7	1000	979.263232	-0.020736768	0.020736768	4124
199	8	1000	1020.108694	0.020108694	0.020108694	4124
199	9	1000	1006.022077	0.006022077	0.006022077	4124
199	10	1000	1000.911658	0.000911658	0.000911658	4124
199	11	1000	989.436475	-0.010563525	0.010563525	4124
199	12	1000	990.709909	-0.009290091	0.009290091	4124
199	13	1000	993.257965	-0.006742035	0.006742035	4124
199	14	1000	991.983739	-0.008016261	0.008016261	4124
199	15	1000	1008.579679	0.008579679	0.008579679	4124
199	16	1000	1011.138879	0.011138879	0.011138879	4124
199	17	1000	1003.466070	0.003466070	0.003466070	4124
199	18	1000	986.890795	-0.013109205	0.013109205	4124
199	19	1000	1004.743874	0.004743874	0.004743874	4124
199	20	5000	5014.984871	0.002996974	0.002996974	4124
199	21	5000	5018.388278	0.003677656	0.003677656	4124
199	22	5000	4930.805994	-0.013838801	0.013838801	4124
199	23	10000	10146.301990	0.014630199	0.014630199	4124
200	0	1000	994.532588	-0.005467412	0.005467412	4124
200	1	1000	993.257965	-0.006742035	0.006742035	4124
200	2	1000	1011.138879	0.011138879	0.011138879	4124
200	3	1000	1008.579679	0.008579679	0.008579679	4124
200	4	1000	1011.138879	0.011138879	0.011138879	4124
200	5	1000	1020.108694	0.020108694	0.020108694	4124
200	6	1000	1009.859079	0.009859079	0.009859079	4124
200	7	1000	986.890795	-0.013109205	0.013109205	4124
200	8	1000	983.075238	-0.016924762	0.016924762	4124
200	9	1000	997.083024	-0.002916976	0.002916976	4124
200	10	1000	994.532588	-0.005467412	0.005467412	4124
200	11	1000	997.083024	-0.002916976	0.002916976	4124
200	12	1000	988.163437	-0.011836563	0.011836563	4124
200	13	1000	993.257965	-0.006742035	0.006742035	4124
200	14	1000	1012.419079	0.012419079	0.012419079	4124
200	15	1000	984.346695	-0.015653305	0.015653305	4124
200	16	1000	1022.675110	0.022675110	0.022675110	4124
200	17	1000	991.983739	-0.008016261	0.008016261	4124
200	18	1000	1018.826088	0.018826088	0.018826088	4124
200	19	1000	1000.911658	0.000911658	0.000911658	4124
200	20	5000	5001.399453	0.000279891	0.000279891	4124
200	21	5000	4914.175845	-0.017164831	0.017164831	4124
200	22	5000	4917.496478	-0.016500704	0.016500704	4124
200	23	10000	10304.093353	0.030409335	0.030409335	4124
201	0	1000	989.436475	-0.010563525	0.010563525	4124
201	1	1000	993.257965	-0.006742035	0.006742035	4124
201	2	1000	1013.699680	0.013699680	0.013699680	4124
201	3	1000	1009.859079	0.009859079	0.009859079	4124
201	4	1000	1007.300678	0.007300678	0.007300678	4124
201	5	1000	1011.138879	0.011138879	0.011138879	4124
201	6	1000	994.532588	-0.005467412	0.005467412	4124
201	7	1000	991.983739	-0.008016261	0.008016261	4124
201	8	1000	989.436475	-0.010563525	0.010563525	4124
201	9	1000	1013.699680	0.013699680	0.013699680	4124
201	10	1000	995.807607	-0.004192393	0.004192393	4124
201	11	1000	1006.022077	0.006022077	0.006022077	4124
201	12	1000	994.532588	-0.005467412	0.005467412	4124
201	13	1000	1003.466070	0.003466070	0.003466070	4124
201	14	1000	1025.243135	0.025243135	0.025243135	4124
201	15	1000	995.807607	-0.004192393	0.004192393	4124
201	16	1000	993.257965	-0.006742035	0.006742035	4124
201	17	1000	1006.022077	0.006022077	0.006022077	4124
201	18	1000	1008.579679	0.008579679	0.008579679	4124
201	19	1000	998.358838	-0.001641162	0.001641162	4124
201	20	5000	5066.335314	0.013267063	0.013267063	4124
201	21	5000	4910.857903	-0.017828419	0.017828419	4124
201	22	5000	5014.984871	0.002996974	0.002996974	4124
201	23	10000	9695.738323	-0.030426168	0.030426168	4124
202	0	1000	993.257965	-0.006742035	0.006742035	4124
202	1	1000	995.807607	-0.004192393	0.004192393	4124
202	2	1000	981.804175	-0.018195825	0.018195825	4124
202	3	1000	998.358838	-0.001641162	0.001641162	4124
202	4	1000	995.807607	-0.004192393	0.004192393	4124
202	5	1000	997.083024	-0.002916976	0.002916976	4124
202	6	1000	997.083024	-0.002916976	0.002916976	4124
202	7	1000	1014.980680	0.014980680	0.014980680	4124
202	8	1000	1000.911658	0.000911658	0.000911658	4124
202	9	1000	993.257965	-0.006742035	0.006742035	4124
202	10	1000	1013.699680	0.013699680	0.013699680	4124
202	11	1000	990.709909	-0.009290091	0.009290091	4124
202	12	1000	998.358838	-0.001641162	0.001641162	4124
202	13	1000	990.709909	-0.009290091	0.009290091	4124
202	14	1000	1018.826088	0.018826088	0.018826088	4124
202	15	1000	1000.911658	0.000911658	0.000911658	4124
202	16	1000	998.358838	-0.001641162	0.001641162	4124
202	17	1000	1020.108694	0.020108694	0.020108694	4124
202	18	1000	981.804175	-0.018195825	0.018195825	4124
202	19	1000	999.635049	-0.000364951	0.000364951	4124
202	20	5000	5021.794515	0.004358903	0.004358903	4124
202	21	5000	4934.140142	-0.013171972	0.013171972	4124
202	22	5000	5014.984871	0.002996974	0.002996974	4124
202	23	10000	9781.973088	-0.021802691	0.021802691	4124
203	0	1000	1020.108694	0.020108694	0.020108694	4124
203	1	1000	1008.579679	0.008579679	0.008579679	4124
203	2	1000	1008.579679	0.008579679	0.008579679	4124
203	3	1000	988.163437	-0.011836563	0.011836563	4124
203	4	1000	1003.466070	0.003466070	0.003466070	4124
203	5	1000	1014.980680	0.014980680	0.014980680	4124
203	6	1000	983.075238	-0.016924762	0.016924762	4124
203	7	1000	1002.188665	0.002188665	0.002188665	4124
203	8	1000	1012.419079	0.012419079	0.012419079	4124
203	9	1000	989.436475	-0.010563525	0.010563525	4124
203	10	1000	986.890795	-0.013109205	0.013109205	4124
203	11	1000	1006.022077	0.006022077	0.006022077	4124
203	12	1000	989.436475	-0.010563525	0.010563525	4124
203	13	1000	989.436475	-0.010563525	0.010563525	4124
203	14	1000	1000.911658	0.000911658	0.000911658	4124
203	15	1000	1004.743874	0.004743874	0.004743874	4124
203	16	1000	989.436475	-0.010563525	0.010563525	4124
203	17	1000	1000.911658	0.000911658	0.000911658	4124
203	18	1000	997.083024	-0.002916976	0.002916976	4124
203	19	1000	1000.911658	0.000911658	0.000911658	4124
203	20	5000	5056.013595	0.011202719	0.011202719	4124
203	21	5000	5004.791585	0.000958317	0.000958317	4124
203	22	5000	4950.851711	-0.009829658	0.009829658	4124
203	23	10000	10134.412287	0.013441229	0.013441229	4124
204	0	1000	981.804175	-0.018195825	0.018195825	4124
204	1	1000	1022.675110	0.022675110	0.022675110	4124
204	2	1000	1002.188665	0.002188665	0.002188665	4124
204	3	1000	995.807607	-0.004192393	0.004192393	4124
204	4	1000	997.083024	-0.002916976	0.002916976	4124
204	5	1000	989.436475	-0.010563525	0.010563525	4124
204	6	1000	995.807607	-0.004192393	0.004192393	4124
204	7	1000	993.257965	-0.006742035	0.006742035	4124
204	8	1000	998.358838	-0.001641162	0.001641162	4124
204	9	1000	1002.188665	0.002188665	0.002188665	4124
204	10	1000	995.807607	-0.004192393	0.004192393	4124
204	11	1000	1004.743874	0.004743874	0.004743874	4124
204	12	1000	993.257965	-0.006742035	0.006742035	4124
204	13	1000	981.804175	-0.018195825	0.018195825	4124
204	14	1000	1023.958921	0.023958921	0.023958921	4124
204	15	1000	993.257965	-0.006742035	0.006742035	4124
204	16	1000	979.263232	-0.020736768	0.020736768	4124
204	17	1000	1006.022077	0.006022077	0.006022077	4124
204	18	1000	997.083024	-0.002916976	0.002916976	4124
204	19	1000	995.807607	-0.004192393	0.004192393	4124
204	20	5000	5073.230939	0.014646188	0.014646188	4124
204	21	5000	4981.105439	-0.003778912	0.003778912	4124
204	22	5000	4930.805994	-0.013838801	0.013838801	4124
204	23	10000	9870.062504	-0.012993750	0.012993750	4124
205	0	1000	1003.466070	0.003466070	0.003466070	4124
205	1	1000	1003.466070	0.003466070	0.003466070	4124
205	2	1000	1002.188665	0.002188665	0.002188665	4124
205	3	1000	993.257965	-0.006742035	0.006742035	4124
205	4	1000	1008.579679	0.008579679	0.008579679	4124
205	5	1000	1009.859079	0.009859079	0.009859079	4124
205	6	1000	983.075238	-0.016924762	0.016924762	4124
205	7	1000	980.533506	-0.019466494	0.019466494	4124
205	8	1000	1003.466070	0.003466070	0.003466070	4124
205	9	1000	1034.243923	0.034243923	0.034243923	4124
205	10	1000	1012.419079	0.012419079	0.012419079	4124
205	11	1000	1009.859079	0.009859079	0.009859079	4124
205	12	1000	1008.579679	0.008579679	0.008579679	4124
205	13	1000	1004.743874	0.004743874	0.004743874	4124
205	14	1000	1006.022077	0.006022077	0.006022077	4124
205	15	1000	1006.022077	0.006022077	0.006022077	4124
205	16	1000	993.257965	-0.006742035	0.006742035	4124
205	17	1000	1012.419079	0.012419079	0.012419079	4124
205	18	1000	983.075238	-0.016924762	0.016924762	4124
205	19	1000	1006.022077	0.006022077	0.006022077	4124
205	20	5000	5083.596191	0.016719238	0.016719238	4124
205	21	5000	4954.202223	-0.009159555	0.009159555	4124
205	22	5000	5021.794515	0.004358903	0.004358903	4124
205	23	10000	9982.907107	-0.001709289	0.001709289	4124
206	0	1000	988.163437	-0.011836563	0.011836563	4124
206	1	1000	1008.579679	0.008579679	0.008579679	4124
206	2	1000	993.257965	-0.006742035	0.006742035	4124
206	3	1000	1002.188665	0.002188665	0.002188665	4124
206	4	1000	985.618547	-0.014381453	0.014381453	4124
206	5	1000	990.709909	-0.009290091	0.009290091	4124
206	6	1000	1002.188665	0.002188665	0.002188665	4124
206	7	1000	995.807607	-0.004192393	0.004192393	4124
206	8	1000	997.083024	-0.002916976	0.002916976	4124
206	9	1000	1000.911658	0.000911658	0.000911658	4124
206	10	1000	995.807607	-0.004192393	0.004192393	4124
206	11	1000	999.635049	-0.000364951	0.000364951	4124
206	12	1000	993.257965	-0.006742035	0.006742035	4124
206	13	1000	1025.243135	0.025243135	0.025243135	4124
206	14	1000	1003.466070	0.003466070	0.003466070	4124
206	15	1000	993.257965	-0.006742035	0.006742035	4124
206	16	1000	988.163437	-0.011836563	0.011836563	4124
206	17	1000	993.257965	-0.006742035	0.006742035	4124
206	18	1000	990.709909	-0.009290091	0.009290091	4124
206	19	1000	1008.579679	0.008579679	0.008579679	4124
206	20	5000	4947.503938	-0.010499212	0.010499212	4124
206	21	5000	4920.819805	-0.015836039	0.015836039	4124
206	22	5000	5056.013595	0.011202719	0.011202719	4124
206	23	10000	9367.883393	-0.063211661	0.063211661	4124
207	0	1000	1002.188665	0.002188665	0.002188665	4124
207	1	1000	1013.699680	0.013699680	0.013699680	4124
207	2	1000	1006.022077	0.006022077	0.006022077	4124
207	3	1000	1008.579679	0.008579679	0.008579679	4124
207	4	1000	977.993351	-0.022006649	0.022006649	4124
207	5	1000	1008.579679	0.008579679	0.008579679	4124
207	6	1000	1004.743874	0.004743874	0.004743874	4124
207	7	1000	1003.466070	0.003466070	0.003466070	4124
207	8	1000	1003.466070	0.003466070	0.003466070	4124
207	9	1000	990.709909	-0.009290091	0.009290091	4124
207	10	1000	1022.675110	0.022675110	0.022675110	4124
207	11	1000	993.257965	-0.006742035	0.006742035	4124
207	12	1000	999.635049	-0.000364951	0.000364951	4124
207	13	1000	994.532588	-0.005467412	0.005467412	4124
207	14	1000	990.709909	-0.009290091	0.009290091	4124
207	15	1000	993.257965	-0.006742035	0.006742035	4124
207	16	1000	1003.466070	0.003466070	0.003466070	4124
207	17	1000	997.083024	-0.002916976	0.002916976	4124
207	18	1000	976.723864	-0.023276136	0.023276136	4124
207	19	1000	1007.300678	0.007300678	0.007300678	4124
207	20	5000	5114.850264	0.022970053	0.022970053	4124
207	21	5000	4998.010127	-0.000397975	0.000397975	4124
207	22	5000	4947.503938	-0.010499212	0.010499212	4124
207	23	10000	9926.096210	-0.007390379	0.007390379	4124
208	0	1000	1003.466070	0.003466070	0.003466070	4124
208	1	1000	1007.300678	0.007300678	0.007300678	4124
208	2	1000	986.890795	-0.013109205	0.013109205	4124
208	3	1000	997.083024	-0.002916976	0.002916976	4124
208	4	1000	993.257965	-0.006742035	0.006742035	4124
208	5	1000	989.436475	-0.010563525	0.010563525	4124
208	6	1000	984.346695	-0.015653305	0.015653305	4124
208	7	1000	1014.980680	0.014980680	0.014980680	4124
208	8	1000	999.635049	-0.000364951	0.000364951	4124
208	9	1000	990.709909	-0.009290091	0.009290091	4124
208	10	1000	977.993351	-0.022006649	0.022006649	4124
208	11	1000	1008.579679	0.008579679	0.008579679	4124
208	12	1000	1008.579679	0.008579679	0.008579679	4124
208	13	1000	1000.911658	0.000911658	0.000911658	4124
208	14	1000	1009.859079	0.009859079	0.009859079	4124
208	15	1000	1000.911658	0.000911658	0.000911658	4124
208	16	1000	1006.022077	0.006022077	0.006022077	4124
208	17	1000	976.723864	-0.023276136	0.023276136	4124
208	18	1000	998.358838	-0.001641162	0.001641162	4124
208	19	1000	1006.022077	0.006022077	0.006022077	4124
208	20	5000	4897.612944	-0.020477411	0.020477411	4124
208	21	5000	4897.612944	-0.020477411	0.020477411	4124
208	22	5000	5021.794515	0.004358903	0.004358903	4124
208	23	10000	10158.226307	0.015822631	0.015822631	4124
209	0	1000	983.075238	-0.016924762	0.016924762	4124
209	1	1000	1003.466070	0.003466070	0.003466070	4124
209	2	1000	985.618547	-0.014381453	0.014381453	4124
209	3	1000	1000.911658	0.000911658	0.000911658	4124
209	4	1000	1002.188665	0.002188665	0.002188665	4124
209	5	1000	997.083024	-0.002916976	0.002916976	4124
209	6	1000	1030.384020	0.030384020	0.030384020	4124
209	7	1000	988.163437	-0.011836563	0.011836563	4124
209	8	1000	998.358838	-0.001641162	0.001641162	4124
209	9	1000	991.983739	-0.008016261	0.008016261	4124
209	10	1000	989.436475	-0.010563525	0.010563525	4124
209	11	1000	1008.579679	0.008579679	0.008579679	4124
209	12	1000	984.346695	-0.015653305	0.015653305	4124
209	13	1000	1007.300678	0.007300678	0.007300678	4124
209	14	1000	1011.138879	0.011138879	0.011138879	4124
209	15	1000	994.532588	-0.005467412	0.005467412	4124
209	16	1000	1007.300678	0.007300678	0.007300678	4124
209	17	1000	981.804175	-0.018195825	0.018195825	4124
209	18	1000	993.257965	-0.006742035	0.006742035	4124
209	19	1000	1029.098194	0.029098194	0.029098194	4124
209	20	5000	4981.105439	-0.003778912	0.003778912	4124
209	21	5000	5004.791585	0.000958317	0.000958317	4124
209	22	5000	4940.816590	-0.011836682	0.011836682	4124
209	23	10000	10028.930063	0.002893006	0.002893006	4124
210	0	1000	989.436475	-0.010563525	0.010563525	4124
210	1	1000	989.436475	-0.010563525	0.010563525	4124
210	2	1000	997.083024	-0.002916976	0.002916976	4124
210	3	1000	994.532588	-0.005467412	0.005467412	4124
210	4	1000	976.723864	-0.023276136	0.023276136	4124
210	5	1000	989.436475	-0.010563525	0.010563525	4124
210	6	1000	1014.980680	0.014980680	0.014980680	4124
210	7	1000	986.890795	-0.013109205	0.013109205	4124
210	8	1000	1012.419079	0.012419079	0.012419079	4124
210	9	1000	1018.826088	0.018826088	0.018826088	4124
210	10	1000	1002.188665	0.002188665	0.002188665	4124
210	11	1000	989.436475	-0.010563525	0.010563525	4124
210	12	1000	990.709909	-0.009290091	0.009290091	4124
210	13	1000	1008.579679	0.008579679	0.008579679	4124
210	14	1000	1000.911658	0.000911658	0.000911658	4124
210	15	1000	1016.262082	0.016262082	0.016262082	4124
210	16	1000	1011.138879	0.011138879	0.011138879	4124
210	17	1000	1006.022077	0.006022077	0.006022077	4124
210	18	1000	980.533506	-0.019466494	0.019466494	4124
210	19	1000	1003.466070	0.003466070	0.003466070	4124
210	20	5000	4977.732858	-0.004453428	0.004453428	4124
210	21	5000	5049.146871	0.009829374	0.009829374	4124
210	22	5000	4977.732858	-0.004453428	0.004453428	4124
210	23	10000	10098.948862	0.009894886	0.009894886	4124
211	0	1000	994.532588	-0.005467412	0.005467412	4124
211	1	1000	1006.022077	0.006022077	0.006022077	4124
211	2	1000	1003.466070	0.003466070	0.003466070	4124
211	3	1000	1007.300678	0.007300678	0.007300678	4124
211	4	1000	998.358838	-0.001641162	0.001641162	4124
211	5	1000	995.807607	-0.004192393	0.004192393	4124
211	6	1000	986.890795	-0.013109205	0.013109205	4124
211	7	1000	1002.188665	0.002188665	0.002188665	4124
211	8	1000	993.257965	-0.006742035	0.006742035	4124
211	9	1000	975.454771	-0.024545229	0.024545229	4124
211	10	1000	983.075238	-0.016924762	0.016924762	4124
211	11	1000	1004.743874	0.004743874	0.004743874	4124
211	12	1000	1006.022077	0.006022077	0.006022077	4124
211	13	1000	1006.022077	0.006022077	0.006022077	4124
211	14	1000	1006.022077	0.006022077	0.006022077	4124
211	15	1000	1016.262082	0.016262082	0.016262082	4124
211	16	1000	1009.859079	0.009859079	0.009859079	4124
211	17	1000	1006.022077	0.006022077	0.006022077	4124
211	18	1000	1011.138879	0.011138879	0.011138879	4124
211	19	1000	995.807607	-0.004192393	0.004192393	4124
211	20	5000	5125.321509	0.025064302	0.025064302	4124
211	21	5000	5028.615500	0.005723100	0.005723100	4124
211	22	5000	4967.631743	-0.006473651	0.006473651	4124
211	23	10000	10254.891561	0.025489156	0.025489156	4124
212	0	1000	1006.022077	0.006022077	0.006022077	4124
212	1	1000	1013.699680	0.013699680	0.013699680	4124
212	2	1000	1016.262082	0.016262082	0.016262082	4124
212	3	1000	1000.911658	0.000911658	0.000911658	4124
212	4	1000	983.075238	-0.016924762	0.016924762	4124
212	5	1000	1006.022077	0.006022077	0.006022077	4124
212	6	1000	990.709909	-0.009290091	0.009290091	4124
212	7	1000	990.709909	-0.009290091	0.009290091	4124
212	8	1000	1017.543884	0.017543884	0.017543884	4124
212	9	1000	1006.022077	0.006022077	0.006022077	4124
212	10	1000	990.709909	-0.009290091	0.009290091	4124
212	11	1000	976.723864	-0.023276136	0.023276136	4124
212	12	1000	1026.527751	0.026527751	0.026527751	4124
212	13	1000	1012.419079	0.012419079	0.012419079	4124
212	14	1000	1011.138879	0.011138879	0.011138879	4124
212	15	1000	1013.699680	0.013699680	0.013699680	4124
212	16	1000	1011.138879	0.011138879	0.011138879	4124
212	17	1000	1012.419079	0.012419079	0.012419079	4124
212	18	1000	991.983739	-0.008016261	0.008016261	4124
212	19	1000	1009.859079	0.009859079	0.009859079	4124
212	20	5000	5011.584290	0.002316858	0.002316858	4124
212	21	5000	5001.399453	0.000279891	0.000279891	4124
212	22	5000	5100.930114	0.020186023	0.020186023	4124
212	23	10000	10075.476018	0.007547602	0.007547602	4124
213	0	1000	995.807607	-0.004192393	0.004192393	4124
213	1	1000	1008.579679	0.008579679	0.008579679	4124
213	2	1000	998.358838	-0.001641162	0.001641162	4124
213	3	1000	1002.188665	0.002188665	0.002188665	4124
213	4	1000	977.993351	-0.022006649	0.022006649	4124
213	5	1000	1017.543884	0.017543884	0.017543884	4124
213	6	1000	993.257965	-0.006742035	0.006742035	4124
213	7	1000	981.804175	-0.018195825	0.018195825	4124
213	8	1000	999.635049	-0.000364951	0.000364951	4124
213	9	1000	1004.743874	0.004743874	0.004743874	4124
213	10	1000	999.635049	-0.000364951	0.000364951	4124
213	11	1000	997.083024	-0.002916976	0.002916976	4124
213	12	1000	1009.859079	0.009859079	0.009859079	4124
213	13	1000	994.532588	-0.005467412	0.005467412	4124
213	14	1000	1003.466070	0.003466070	0.003466070	4124
213	15	1000	1002.188665	0.002188665	0.002188665	4124
213	16	1000	998.358838	-0.001641162	0.001641162	4124
213	17	1000	985.618547	-0.014381453	0.014381453	4124
213	18	1000	995.807607	-0.004192393	0.004192393	4124
213	19	1000	1009.859079	0.009859079	0.009859079	4124
213	20	5000	5028.615500	0.005723100	0.005723100	4124
213	21	5000	5090.520960	0.018104192	0.018104192	4124
213	22	5000	4947.503938	-0.010499212	0.010499212	4124
213	23	10000	9914.827977	-0.008517202	0.008517202	4124
214	0	1000	1007.300678	0.007300678	0.007300678	4124
214	1	1000	994.532588	-0.005467412	0.005467412	4124
214	2	1000	981.804175	-0.018195825	0.018195825	4124
214	3	1000	997.083024	-0.002916976	0.002916976	4124
214	4	1000	998.358838	-0.001641162	0.001641162	4124
214	5	1000	999.635049	-0.000364951	0.000364951	4124
214	6	1000	986.890795	-0.013109205	0.013109205	4124
214	7	1000	998.358838	-0.001641162	0.001641162	4124
214	8	1000	1007.300678	0.007300678	0.007300678	4124
214	9	1000	995.807607	-0.004192393	0.004192393	4124
214	10	1000	1007.300678	0.007300678	0.007300678	4124
214	11	1000	1008.579679	0.008579679	0.008579679	4124
214	12	1000	998.358838	-0.001641162	0.001641162	4124
214	13	1000	994.532588	-0.005467412	0.005467412	4124
214	14	1000	1008.579679	0.008579679	0.008579679	4124
214	15	1000	975.454771	-0.024545229	0.024545229	4124
214	16	1000	980.533506	-0.019466494	0.019466494	4124
214	17	1000	991.983739	-0.008016261	0.008016261	4124
214	18	1000	1002.188665	0.002188665	0.002188665	4124
214	19	1000	1021.391701	0.021391701	0.021391701	4124
214	20	5000	4944.158899	-0.011168220	0.011168220	4124
214	21	5000	5001.399453	0.000279891	0.000279891	4124
214	22	5000	5025.203588	0.005040718	0.005040718	4124
214	23	10000	10052.136924	0.005213692	0.005213692	4124
215	0	1000	980.533506	-0.019466494	0.019466494	4124
215	1	1000	1009.859079	0.009859079	0.009859079	4124
215	2	1000	1002.188665	0.002188665	0.002188665	4124
215	3	1000	1016.262082	0.016262082	0.016262082	4124
215	4	1000	1000.911658	0.000911658	0.000911658	4124
215	5	1000	1018.826088	0.018826088	0.018826088	4124
215	6	1000	1000.911658	0.000911658	0.000911658	4124
215	7	1000	981.804175	-0.018195825	0.018195825	4124
215	8	1000	995.807607	-0.004192393	0.004192393	4124
215	9	1000	1002.188665	0.002188665	0.002188665	4124
215	10	1000	1000.911658	0.000911658	0.000911658	4124
215	11	1000	1000.911658	0.000911658	0.000911658	4124
215	12	1000	994.532588	-0.005467412	0.005467412	4124
215	13	1000	1000.911658	0.000911658	0.000911658	4124
215	14	1000	997.083024	-0.002916976	0.002916976	4124
215	15	1000	1009.859079	0.009859079	0.009859079	4124
215	16	1000	1004.743874	0.004743874	0.004743874	4124
215	17	1000	1013.699680	0.013699680	0.013699680	4124
215	18	1000	1014.980680	0.014980680	0.014980680	4124
215	19	1000	1002.188665	0.002188665	0.002188665	4124
215	20	5000	5021.794515	0.004358903	0.004358903	4124
215	21	5000	5100.930114	0.020186023	0.020186023	4124
215	22	5000	4937.477005	-0.012504599	0.012504599	4124
215	23	10000	10087.195626	0.008719563	0.008719563	4124
216	0	1000	989.436475	-0.010563525	0.010563525	4124
216	1	1000	1013.699680	0.013699680	0.013699680	4124
216	2	1000	997.083024	-0.002916976	0.002916976	4124
216	3	1000	1013.699680	0.013699680	0.013699680	4124
216	4	1000	993.257965	-0.006742035	0.006742035	4124
216	5	1000	1016.262082	0.016262082	0.016262082	4124
216	6	1000	983.075238	-0.016924762	0.016924762	4124
216	7	1000	1029.098194	0.029098194	0.029098194	4124
216	8	1000	995.807607	-0.004192393	0.004192393	4124
216	9	1000	1007.300678	0.007300678	0.007300678	4124
216	10	1000	1006.022077	0.006022077	0.006022077	4124
216	11	1000	990.709909	-0.009290091	0.009290091	4124
216	12	1000	993.257965	-0.006742035	0.006742035	4124
216	13	1000	1004.743874	0.004743874	0.004743874	4124
216	14	1000	993.257965	-0.006742035	0.006742035	4124
216	15	1000	998.358838	-0.001641162	0.001641162	4124
216	16	1000	994.532588	-0.005467412	0.005467412	4124
216	17	1000	1007.300678	0.007300678	0.007300678	4124
216	18	1000	998.358838	-0.001641162	0.001641162	4124
216	19	1000	974.186070	-0.025813930	0.025813930	4124
216	20	5000	5059.451279	0.011890256	0.011890256	4124
216	21	5000	5132.317241	0.026463448	0.026463448	4124
216	22	5000	4897.612944	-0.020477411	0.020477411	4124
216	23	10000	9870.062504	-0.012993750	0.012993750	4124
217	0	1000	994.532588	-0.005467412	0.005467412	4124
217	1	1000	985.618547	-0.014381453	0.014381453	4124
217	2	1000	1000.911658	0.000911658	0.000911658	4124
217	3	1000	989.436475	-0.010563525	0.010563525	4124
217	4	1000	994.532588	-0.005467412	0.005467412	4124
217	5	1000	984.346695	-0.015653305	0.015653305	4124
217	6	1000	975.454771	-0.024545229	0.024545229	4124
217	7	1000	985.618547	-0.014381453	0.014381453	4124
217	8	1000	1016.262082	0.016262082	0.016262082	4124
217	9	1000	1002.188665	0.002188665	0.002188665	4124
217	10	1000	1009.859079	0.009859079	0.009859079	4124
217	11	1000	980.533506	-0.019466494	0.019466494	4124
217	12	1000	990.709909	-0.009290091	0.009290091	4124
217	13	1000	980.533506	-0.019466494	0.019466494	4124
217	14	1000	993.257965	-0.006742035	0.006742035	4124
217	15	1000	999.635049	-0.000364951	0.000364951	4124
217	16	1000	1000.911658	0.000911658	0.000911658	4124
217	17	1000	986.890795	-0.013109205	0.013109205	4124
217	18	1000	1013.699680	0.013699680	0.013699680	4124
217	19	1000	1000.911658	0.000911658	0.000911658	4124
217	20	5000	4957.555477	-0.008488905	0.008488905	4124
217	21	5000	4920.819805	-0.015836039	0.015836039	4124
217	22	5000	5153.376413	0.030675283	0.030675283	4124
217	23	10000	10194.208969	0.019420897	0.019420897	4124
218	0	1000	1021.391701	0.021391701	0.021391701	4124
218	1	1000	989.436475	-0.010563525	0.010563525	4124
218	2	1000	1016.262082	0.016262082	0.016262082	4124
218	3	1000	985.618547	-0.014381453	0.014381453	4124
218	4	1000	1007.300678	0.007300678	0.007300678	4124
218	5	1000	998.358838	-0.001641162	0.001641162	4124
218	6	1000	976.723864	-0.023276136	0.023276136	4124
218	7	1000	999.635049	-0.000364951	0.000364951	4124
218	8	1000	990.709909	-0.009290091	0.009290091	4124
218	9	1000	1014.980680	0.014980680	0.014980680	4124
218	10	1000	989.436475	-0.010563525	0.010563525	4124
218	11	1000	1013.699680	0.013699680	0.013699680	4124
218	12	1000	1008.579679	0.008579679	0.008579679	4124
218	13	1000	985.618547	-0.014381453	0.014381453	4124
218	14	1000	1016.262082	0.016262082	0.016262082	4124
218	15	1000	1000.911658	0.000911658	0.000911658	4124
218	16	1000	994.532588	-0.005467412	0.005467412	4124
218	17	1000	1007.300678	0.007300678	0.007300678	4124
218	18	1000	984.346695	-0.015653305	0.015653305	4124
218	19	1000	991.983739	-0.008016261	0.008016261	4124
218	20	5000	4957.555477	-0.008488905	0.008488905	4124
218	21	5000	5076.683109	0.015336622	0.015336622	4124
218	22	5000	5001.399453	0.000279891	0.000279891	4124
218	23	10000	10040.517058	0.004051706	0.004051706	4124
219	0	1000	1003.466070	0.003466070	0.003466070	4124
219	1	1000	1002.188665	0.002188665	0.002188665	4124
219	2	1000	994.532588	-0.005467412	0.005467412	4124
219	3	1000	1009.859079	0.009859079	0.009859079	4124
219	4	1000	1021.391701	0.021391701	0.021391701	4124
219	5	1000	1012.419079	0.012419079	0.012419079	4124
219	6	1000	1009.859079	0.009859079	0.009859079	4124
219	7	1000	1017.543884	0.017543884	0.017543884	4124
219	8	1000	1003.466070	0.003466070	0.003466070	4124
219	9	1000	1026.527751	0.026527751	0.026527751	4124
219	10	1000	1004.743874	0.004743874	0.004743874	4124
219	11	1000	993.257965	-0.006742035	0.006742035	4124
219	12	1000	1004.743874	0.004743874	0.004743874	4124
219	13	1000	1000.911658	0.000911658	0.000911658	4124
219	14	1000	1007.300678	0.007300678	0.007300678	4124
219	15	1000	986.890795	-0.013109205	0.013109205	4124
219	16	1000	1003.466070	0.003466070	0.003466070	4124
219	17	1000	997.083024	-0.002916976	0.002916976	4124
219	18	1000	1003.466070	0.003466070	0.003466070	4124
219	19	1000	1008.579679	0.008579679	0.008579679	4124
219	20	5000	4998.010127	-0.000397975	0.000397975	4124
219	21	5000	5004.791585	0.000958317	0.000958317	4124
219	22	5000	5001.399453	0.000279891	0.000279891	4124
219	23	10000	9580.054126	-0.041994587	0.041994587	4124
220	0	1000	994.532588	-0.005467412	0.005467412	4124
220	1	1000	993.257965	-0.006742035	0.006742035	4124
220	2	1000	1008.579679	0.008579679	0.008579679	4124
220	3	1000	980.533506	-0.019466494	0.019466494	4124
220	4	1000	1007.300678	0.007300678	0.007300678	4124
220	5	1000	1007.300678	0.007300678	0.007300678	4124
220	6	1000	1006.022077	0.006022077	0.006022077	4124
220	7	1000	1000.911658	0.000911658	0.000911658	4124
220	8	1000	997.083024	-0.002916976	0.002916976	4124
220	9	1000	991.983739	-0.008016261	0.008016261	4124
220	10	1000	993.257965	-0.006742035	0.006742035	4124
220	11	1000	997.083024	-0.002916976	0.002916976	4124
220	12	1000	1003.466070	0.003466070	0.003466070	4124
220	13	1000	1018.826088	0.018826088	0.018826088	4124
220	14	1000	995.807607	-0.004192393	0.004192393	4124
220	15	1000	997.083024	-0.002916976	0.002916976	4124
220	16	1000	989.436475	-0.010563525	0.010563525	4124
220	17	1000	974.186070	-0.025813930	0.025813930	4124
220	18	1000	985.618547	-0.014381453	0.014381453	4124
220	19	1000	989.436475	-0.010563525	0.010563525	4124
220	20	5000	5025.203588	0.005040718	0.005040718	4124
220	21	5000	5062.891850	0.012578370	0.012578370	4124
220	22	5000	4984.480800	-0.003103840	0.003103840	4124
220	23	10000	9727.863978	-0.027213602	0.027213602	4124
221	0	1000	993.257965	-0.006742035	0.006742035	4124
221	1	1000	1018.826088	0.018826088	0.018826088	4124
221	2	1000	990.709909	-0.009290091	0.009290091	4124
221	3	1000	979.263232	-0.020736768	0.020736768	4124
221	4	1000	985.618547	-0.014381453	0.014381453	4124
221	5	1000	1007.300678	0.007300678	0.007300678	4124
221	6	1000	986.890795	-0.013109205	0.013109205	4124
221	7	1000	1025.243135	0.025243135	0.025243135	4124
221	8	1000	994.532588	-0.005467412	0.005467412	4124
221	9	1000	1008.579679	0.008579679	0.008579679	4124
221	10	1000	993.257965	-0.006742035	0.006742035	4124
221	11	1000	1002.188665	0.002188665	0.002188665	4124
221	12	1000	1009.859079	0.009859079	0.009859079	4124
221	13	1000	997.083024	-0.002916976	0.002916976	4124
221	14	1000	1002.188665	0.002188665	0.002188665	4124
221	15	1000	999.635049	-0.000364951	0.000364951	4124
221	16	1000	991.983739	-0.008016261	0.008016261	4124
221	17	1000	1007.300678	0.007300678	0.007300678	4124
221	18	1000	991.983739	-0.008016261	0.008016261	4124
221	19	1000	993.257965	-0.006742035	0.006742035	4124
221	20	5000	5032.030256	0.006406051	0.006406051	4124
221	21	5000	5042.291639	0.008458328	0.008458328	4124
221	22	5000	5100.930114	0.020186023	0.020186023	4124
221	23	10000	10087.195626	0.008719563	0.008719563	4124
222	0	1000	983.075238	-0.016924762	0.016924762	4124
222	1	1000	1020.108694	0.020108694	0.020108694	4124
222	2	1000	1013.699680	0.013699680	0.013699680	4124
222	3	1000	1013.699680	0.013699680	0.013699680	4124
222	4	1000	986.890795	-0.013109205	0.013109205	4124
222	5	1000	994.532588	-0.005467412	0.005467412	4124
222	6	1000	1002.188665	0.002188665	0.002188665	4124
222	7	1000	991.983739	-0.008016261	0.008016261	4124
222	8	1000	980.533506	-0.019466494	0.019466494	4124
222	9	1000	1011.138879	0.011138879	0.011138879	4124
222	10	1000	1007.300678	0.007300678	0.007300678	4124
222	11	1000	999.635049	-0.000364951	0.000364951	4124
222	12	1000	1004.743874	0.004743874	0.004743874	4124
222	13	1000	1030.384020	0.030384020	0.030384020	4124
222	14	1000	997.083024	-0.002916976	0.002916976	4124
222	15	1000	983.075238	-0.016924762	0.016924762	4124
222	16	1000	995.807607	-0.004192393	0.004192393	4124
222	17	1000	999.635049	-0.000364951	0.000364951	4124
222	18	1000	994.532588	-0.005467412	0.005467412	4124
222	19	1000	995.807607	-0.004192393	0.004192393	4124
222	20	5000	5011.584290	0.002316858	0.002316858	4124
222	21	5000	4960.911479	-0.007817704	0.007817704	4124
222	22	5000	5059.451279	0.011890256	0.011890256	4124
222	23	10000	9948.726102	-0.005127390	0.005127390	4124
223	0	1000	1004.743874	0.004743874	0.004743874	4124
223	1	1000	1012.419079	0.012419079	0.012419079	4124
223	2	1000	1009.859079	0.009859079	0.009859079	4124
223	3	1000	988.163437	-0.011836563	0.011836563	4124
223	4	1000	1018.826088	0.018826088	0.018826088	4124
223	5	1000	1002.188665	0.002188665	0.002188665	4124
223	6	1000	994.532588	-0.005467412	0.005467412	4124
223	7	1000	1021.391701	0.021391701	0.021391701	4124
223	8	1000	1002.188665	0.002188665	0.002188665	4124
223	9	1000	994.532588	-0.005467412	0.005467412	4124
223	10	1000	1022.675110	0.022675110	0.022675110	4124
223	11	1000	1000.911658	0.000911658	0.000911658	4124
223	12	1000	1021.391701	0.021391701	0.021391701	4124
223	13	1000	1000.911658	0.000911658	0.000911658	4124
223	14	1000	1017.543884	0.017543884	0.017543884	4124
223	15	1000	983.075238	-0.016924762	0.016924762	4124
223	16	1000	1003.466070	0.003466070	0.003466070	4124
223	17	1000	1002.188665	0.002188665	0.002188665	4124
223	18	1000	998.358838	-0.001641162	0.001641162	4124
223	19	1000	986.890795	-0.013109205	0.013109205	4124
223	20	5000	5042.291639	0.008458328	0.008458328	4124
223	21	5000	4967.631743	-0.006473651	0.006473651	4124
223	22	5000	5062.891850	0.012578370	0.012578370	4124
223	23	10000	10170.185440	0.017018544	0.017018544	4124
224	0	1000	1026.527751	0.026527751	0.026527751	4124
224	1	1000	1013.699680	0.013699680	0.013699680	4124
224	2	1000	997.083024	-0.002916976	0.002916976	4124
224	3	1000	994.532588	-0.005467412	0.005467412	4124
224	4	1000	1004.743874	0.004743874	0.004743874	4124
224	5	1000	1013.699680	0.013699680	0.013699680	4124
224	6	1000	994.532588	-0.005467412	0.005467412	4124
224	7	1000	998.358838	-0.001641162	0.001641162	4124
224	8	1000	977.993351	-0.022006649	0.022006649	4124
224	9	1000	991.983739	-0.008016261	0.008016261	4124
224	10	1000	1008.579679	0.008579679	0.008579679	4124
224	11	1000	999.635049	-0.000364951	0.000364951	4124
224	12	1000	979.263232	-0.020736768	0.020736768	4124
224	13	1000	1009.859079	0.009859079	0.009859079	4124
224	14	1000	1014.980680	0.014980680	0.014980680	4124
224	15	1000	1017.543884	0.017543884	0.017543884	4124
224	16	1000	976.723864	-0.023276136	0.023276136	4124
224	17	1000	1012.419079	0.012419079	0.012419079	4124
224	18	1000	1007.300678	0.007300678	0.007300678	4124
224	19	1000	999.635049	-0.000364951	0.000364951	4124
224	20	5000	4947.503938	-0.010499212	0.010499212	4124
224	21	5000	5032.030256	0.006406051	0.006406051	4124
224	22	5000	5011.584290	0.002316858	0.002316858	4124
224	23	10000	9994.364457	-0.000563554	0.000563554	4124
225	0	1000	1000.911658	0.000911658	0.000911658	4124
225	1	1000	988.163437	-0.011836563	0.011836563	4124
225	2	1000	994.532588	-0.005467412	0.005467412	4124
225	3	1000	1008.579679	0.008579679	0.008579679	4124
225	4	1000	1013.699680	0.013699680	0.013699680	4124
225	5	1000	986.890795	-0.013109205	0.013109205	4124
225	6	1000	1006.022077	0.006022077	0.006022077	4124
225	7	1000	1012.419079	0.012419079	0.012419079	4124
225	8	1000	1000.911658	0.000911658	0.000911658	4124
225	9	1000	998.358838	-0.001641162	0.001641162	4124
225	10	1000	993.257965	-0.006742035	0.006742035	4124
225	11	1000	990.709909	-0.009290091	0.009290091	4124
225	12	1000	1013.699680	0.013699680	0.013699680	4124
225	13	1000	995.807607	-0.004192393	0.004192393	4124
225	14	1000	994.532588	-0.005467412	0.005467412	4124
225	15	1000	1008.579679	0.008579679	0.008579679	4124
225	16	1000	1000.911658	0.000911658	0.000911658	4124
225	17	1000	999.635049	-0.000364951	0.000364951	4124
225	18	1000	1025.243135	0.025243135	0.025243135	4124
225	19	1000	1006.022077	0.006022077	0.006022077	4124
225	20	5000	5059.451279	0.011890256	0.011890256	4124
225	21	5000	5125.321509	0.025064302	0.025064302	4124
225	22	5000	5069.781675	0.013956335	0.013956335	4124
225	23	10000	10005.853945	0.000585395	0.000585395	4124
226	0	1000	995.807607	-0.004192393	0.004192393	4124
226	1	1000	989.436475	-0.010563525	0.010563525	4124
226	2	1000	1002.188665	0.002188665	0.002188665	4124
226	3	1000	1006.022077	0.006022077	0.006022077	4124
226	4	1000	999.635049	-0.000364951	0.000364951	4124
226	5	1000	998.358838	-0.001641162	0.001641162	4124
226	6	1000	988.163437	-0.011836563	0.011836563	4124
226	7	1000	997.083024	-0.002916976	0.002916976	4124
226	8	1000	989.436475	-0.010563525	0.010563525	4124
226	9	1000	999.635049	-0.000364951	0.000364951	4124
226	10	1000	1007.300678	0.007300678	0.007300678	4124
226	11	1000	1013.699680	0.013699680	0.013699680	4124
226	12	1000	998.358838	-0.001641162	0.001641162	4124
226	13	1000	994.532588	-0.005467412	0.005467412	4124
226	14	1000	984.346695	-0.015653305	0.015653305	4124
226	15	1000	993.257965	-0.006742035	0.006742035	4124
226	16	1000	986.890795	-0.013109205	0.013109205	4124
226	17	1000	989.436475	-0.010563525	0.010563525	4124
226	18	1000	1008.579679	0.008579679	0.008579679	4124
226	19	1000	986.890795	-0.013109205	0.013109205	4124
226	20	5000	5035.447861	0.007089572	0.007089572	4124
226	21	5000	5014.984871	0.002996974	0.002996974	4124
226	22	5000	4937.477005	-0.012504599	0.012504599	4124
226	23	10000	10017.375753	0.001737575	0.001737575	4124
227	0	1000	1008.579679	0.008579679	0.008579679	4124
227	1	1000	1007.300678	0.007300678	0.007300678	4124
227	2	1000	988.163437	-0.011836563	0.011836563	4124
227	3	1000	997.083024	-0.002916976	0.002916976	4124
227	4	1000	1004.743874	0.004743874	0.004743874	4124
227	5	1000	1018.826088	0.018826088	0.018826088	4124
227	6	1000	998.358838	-0.001641162	0.001641162	4124
227	7	1000	986.890795	-0.013109205	0.013109205	4124
227	8	1000	986.890795	-0.013109205	0.013109205	4124
227	9	1000	1002.188665	0.002188665	0.002188665	4124
227	10	1000	1006.022077	0.006022077	0.006022077	4124
227	11	1000	1007.300678	0.007300678	0.007300678	4124
227	12	1000	991.983739	-0.008016261	0.008016261	4124
227	13	1000	1016.262082	0.016262082	0.016262082	4124
227	14	1000	999.635049	-0.000364951	0.000364951	4124
227	15	1000	1003.466070	0.003466070	0.003466070	4124
227	16	1000	990.709909	-0.009290091	0.009290091	4124
227	17	1000	998.358838	-0.001641162	0.001641162	4124
227	18	1000	993.257965	-0.006742035	0.006742035	4124
227	19	1000	999.635049	-0.000364951	0.000364951	4124
227	20	5000	5035.447861	0.007089572	0.007089572	4124
227	21	5000	4871.250825	-0.025749835	0.025749835	4124
227	22	5000	5032.030256	0.006406051	0.006406051	4124
227	23	10000	10242.682908	0.024268291	0.024268291	4124
228	0	1000	1008.579679	0.008579679	0.008579679	4124
228	1	1000	1006.022077	0.006022077	0.006022077	4124
228	2	1000	984.346695	-0.015653305	0.015653305	4124
228	3	1000	998.358838	-0.001641162	0.001641162	4124
228	4	1000	1003.466070	0.003466070	0.003466070	4124
228	5	1000	1009.859079	0.009859079	0.009859079	4124
228	6	1000	1013.699680	0.013699680	0.013699680	4124
228	7	1000	1016.262082	0.016262082	0.016262082	4124
228	8	1000	1006.022077	0.006022077	0.006022077	4124
228	9	1000	1007.300678	0.007300678	0.007300678	4124
228	10	1000	990.709909	-0.009290091	0.009290091	4124
228	11	1000	1002.188665	0.002188665	0.002188665	4124
228	12	1000	984.346695	-0.015653305	0.015653305	4124
228	13	1000	1014.980680	0.014980680	0.014980680	4124
228	14	1000	990.709909	-0.009290091	0.009290091	4124
228	15	1000	981.804175	-0.018195825	0.018195825	4124
228	16	1000	986.890795	-0.013109205	0.013109205	4124
228	17	1000	994.532588	-0.005467412	0.005467412	4124
228	18	1000	984.346695	-0.015653305	0.015653305	4124
228	19	1000	1017.543884	0.017543884	0.017543884	4124
228	20	5000	5062.891850	0.012578370	0.012578370	4124
228	21	5000	4924.145830	-0.015170834	0.015170834	4124
228	22	5000	4994.623603	-0.001075279	0.001075279	4124
228	23	10000	10052.136924	0.005213692	0.005213692	4124
229	0	1000	1011.138879	0.011138879	0.011138879	4124
229	1	1000	1000.911658	0.000911658	0.000911658	4124
229	2	1000	1003.466070	0.003466070	0.003466070	4124
229	3	1000	1030.384020	0.030384020	0.030384020	4124
229	4	1000	988.163437	-0.011836563	0.011836563	4124
229	5	1000	988.163437	-0.011836563	0.011836563	4124
229	6	1000	988.163437	-0.011836563	0.011836563	4124
229	7	1000	1012.419079	0.012419079	0.012419079	4124
229	8	1000	1011.138879	0.011138879	0.011138879	4124
229	9	1000	1012.419079	0.012419079	0.012419079	4124
229	10	1000	1003.466070	0.003466070	0.003466070	4124
229	11	1000	986.890795	-0.013109205	0.013109205	4124
229	12	1000	986.890795	-0.013109205	0.013109205	4124
229	13	1000	1017.543884	0.017543884	0.017543884	4124
229	14	1000	1007.300678	0.007300678	0.007300678	4124
229	15	1000	1008.579679	0.008579679	0.008579679	4124
229	16	1000	974.186070	-0.025813930	0.025813930	4124
229	17	1000	1009.859079	0.009859079	0.009859079	4124
229	18	1000	988.163437	-0.011836563	0.011836563	4124
229	19	1000	1002.188665	0.002188665	0.002188665	4124
229	20	5000	4924.145830	-0.015170834	0.015170834	4124
229	21	5000	5042.291639	0.008458328	0.008458328	4124
229	22	5000	4934.140142	-0.013171972	0.013171972	4124
229	23	10000	10170.185440	0.017018544	0.017018544	4124
230	0	1000	998.358838	-0.001641162	0.001641162	4124
230	1	1000	1003.466070	0.003466070	0.003466070	4124
230	2	1000	979.263232	-0.020736768	0.020736768	4124
230	3	1000	983.075238	-0.016924762	0.016924762	4124
230	4	1000	988.163437	-0.011836563	0.011836563	4124
230	5	1000	990.709909	-0.009290091	0.009290091	4124
230	6	1000	1008.579679	0.008579679	0.008579679	4124
230	7	1000	979.263232	-0.020736768	0.020736768	4124
230	8	1000	984.346695	-0.015653305	0.015653305	4124
230	9	1000	1007.300678	0.007300678	0.007300678	4124
230	10	1000	998.358838	-0.001641162	0.001641162	4124
230	11	1000	985.618547	-0.014381453	0.014381453	4124
230	12	1000	986.890795	-0.013109205	0.013109205	4124
230	13	1000	983.075238	-0.016924762	0.016924762	4124
230	14	1000	1022.675110	0.022675110	0.022675110	4124
230	15	1000	995.807607	-0.004192393	0.004192393	4124
230	16	1000	1023.958921	0.023958921	0.023958921	4124
230	17	1000	1004.743874	0.004743874	0.004743874	4124
230	18	1000	994.532588	-0.005467412	0.005467412	4124
230	19	1000	1011.138879	0.011138879	0.011138879	4124
230	20	5000	4954.202223	-0.009159555	0.009159555	4124
230	21	5000	5032.030256	0.006406051	0.006406051	4124
230	22	5000	4957.555477	-0.008488905	0.008488905	4124
230	23	10000	9803.818473	-0.019618153	0.019618153	4124
231	0	1000	1007.300678	0.007300678	0.007300678	4124
231	1	1000	979.263232	-0.020736768	0.020736768	4124
231	2	1000	1006.022077	0.006022077	0.006022077	4124
231	3	1000	971.649847	-0.028350153	0.028350153	4124
231	4	1000	1018.826088	0.018826088	0.018826088	4124
231	5	1000	1009.859079	0.009859079	0.009859079	4124
231	6	1000	1009.859079	0.009859079	0.009859079	4124
231	7	1000	998.358838	-0.001641162	0.001641162	4124
231	8	1000	1002.188665	0.002188665	0.002188665	4124
231	9	1000	983.075238	-0.016924762	0.016924762	4124
231	10	1000	1016.262082	0.016262082	0.016262082	4124
231	11	1000	984.346695	-0.015653305	0.015653305	4124
231	12	1000	991.983739	-0.008016261	0.008016261	4124
231	13	1000	1003.466070	0.003466070	0.003466070	4124
231	14	1000	999.635049	-0.000364951	0.000364951	4124
231	15	1000	1012.419079	0.012419079	0.012419079	4124
231	16	1000	989.436475	-0.010563525	0.010563525	4124
231	17	1000	993.257965	-0.006742035	0.006742035	4124
231	18	1000	991.983739	-0.008016261	0.008016261	4124
231	19	1000	1002.188665	0.002188665	0.002188665	4124
231	20	5000	5011.584290	0.002316858	0.002316858	4124
231	21	5000	4991.239877	-0.001752025	0.001752025	4124
231	22	5000	4954.202223	-0.009159555	0.009159555	4124
231	23	10000	9814.785012	-0.018521499	0.018521499	4124
232	0	1000	986.890795	-0.013109205	0.013109205	4124
232	1	1000	991.983739	-0.008016261	0.008016261	4124
232	2	1000	1013.699680	0.013699680	0.013699680	4124
232	3	1000	981.804175	-0.018195825	0.018195825	4124
232	4	1000	1003.466070	0.003466070	0.003466070	4124
232	5	1000	1018.826088	0.018826088	0.018826088	4124
232	6	1000	990.709909	-0.009290091	0.009290091	4124
232	7	1000	1002.188665	0.002188665	0.002188665	4124
232	8	1000	1011.138879	0.011138879	0.011138879	4124
232	9	1000	995.807607	-0.004192393	0.004192393	4124
232	10	1000	1021.391701	0.021391701	0.021391701	4124
232	11	1000	997.083024	-0.002916976	0.002916976	4124
232	12	1000	1003.466070	0.003466070	0.003466070	4124
232	13	1000	1011.138879	0.011138879	0.011138879	4124
232	14	1000	1012.419079	0.012419079	0.012419079	4124
232	15	1000	991.983739	-0.008016261	0.008016261	4124
232	16	1000	997.083024	-0.002916976	0.002916976	4124
232	17	1000	1006.022077	0.006022077	0.006022077	4124
232	18	1000	1007.300678	0.007300678	0.007300678	4124
232	19	1000	979.263232	-0.020736768	0.020736768	4124
232	20	5000	5114.850264	0.022970053	0.022970053	4124
232	21	5000	5093.987740	0.018797548	0.018797548	4124
232	22	5000	4944.158899	-0.011168220	0.011168220	4124
232	23	10000	10017.375753	0.001737575	0.001737575	4124
233	0	1000	990.709909	-0.009290091	0.009290091	4124
233	1	1000	995.807607	-0.004192393	0.004192393	4124
233	2	1000	1011.138879	0.011138879	0.011138879	4124
233	3	1000	1007.300678	0.007300678	0.007300678	4124
233	4	1000	1012.419079	0.012419079	0.012419079	4124
233	5	1000	994.532588	-0.005467412	0.005467412	4124
233	6	1000	998.358838	-0.001641162	0.001641162	4124
233	7	1000	1017.543884	0.017543884	0.017543884	4124
233	8	1000	991.983739	-0.008016261	0.008016261	4124
233	9	1000	993.257965	-0.006742035	0.006742035	4124
233	10	1000	1016.262082	0.016262082	0.016262082	4124
233	11	1000	997.083024	-0.002916976	0.002916976	4124
233	12	1000	1000.911658	0.000911658	0.000911658	4124
233	13	1000	1029.098194	0.029098194	0.029098194	4124
233	14	1000	1007.300678	0.007300678	0.007300678	4124
233	15	1000	1000.911658	0.000911658	0.000911658	4124
233	16	1000	1021.391701	0.021391701	0.021391701	4124
233	17	1000	1027.812771	0.027812771	0.027812771	4124
233	18	1000	997.083024	-0.002916976	0.002916976	4124
233	19	1000	1018.826088	0.018826088	0.018826088	4124
233	20	5000	4940.816590	-0.011836682	0.011836682	4124
233	21	5000	5111.365789	0.022273158	0.022273158	4124
233	22	5000	4904.230070	-0.019153986	0.019153986	4124
233	23	10000	10134.412287	0.013441229	0.013441229	4124
234	0	1000	991.983739	-0.008016261	0.008016261	4124
234	1	1000	1009.859079	0.009859079	0.009859079	4124
234	2	1000	1022.675110	0.022675110	0.022675110	4124
234	3	1000	1000.911658	0.000911658	0.000911658	4124
234	4	1000	1000.911658	0.000911658	0.000911658	4124
234	5	1000	998.358838	-0.001641162	0.001641162	4124
234	6	1000	988.163437	-0.011836563	0.011836563	4124
234	7	1000	1016.262082	0.016262082	0.016262082	4124
234	8	1000	998.358838	-0.001641162	0.001641162	4124
234	9	1000	995.807607	-0.004192393	0.004192393	4124
234	10	1000	1027.812771	0.027812771	0.027812771	4124
234	11	1000	1008.579679	0.008579679	0.008579679	4124
234	12	1000	1026.527751	0.026527751	0.026527751	4124
234	13	1000	998.358838	-0.001641162	0.001641162	4124
234	14	1000	977.993351	-0.022006649	0.022006649	4124
234	15	1000	1021.391701	0.021391701	0.021391701	4124
234	16	1000	999.635049	-0.000364951	0.000364951	4124
234	17	1000	999.635049	-0.000364951	0.000364951	4124
234	18	1000	1002.188665	0.002188665	0.002188665	4124
234	19	1000	997.083024	-0.002916976	0.002916976	4124
234	20	5000	4954.202223	-0.009159555	0.009159555	4124
234	21	5000	5121.828119	0.024365624	0.024365624	4124
234	22	5000	4954.202223	-0.009159555	0.009159555	4124
234	23	10000	10017.375753	0.001737575	0.001737575	4124
235	0	1000	1009.859079	0.009859079	0.009859079	4124
235	1	1000	1016.262082	0.016262082	0.016262082	4124
235	2	1000	989.436475	-0.010563525	0.010563525	4124
235	3	1000	995.807607	-0.004192393	0.004192393	4124
235	4	1000	997.083024	-0.002916976	0.002916976	4124
235	5	1000	1012.419079	0.012419079	0.012419079	4124
235	6	1000	990.709909	-0.009290091	0.009290091	4124
235	7	1000	995.807607	-0.004192393	0.004192393	4124
235	8	1000	1013.699680	0.013699680	0.013699680	4124
235	9	1000	997.083024	-0.002916976	0.002916976	4124
235	10	1000	997.083024	-0.002916976	0.002916976	4124
235	11	1000	983.075238	-0.016924762	0.016924762	4124
235	12	1000	988.163437	-0.011836563	0.011836563	4124
235	13	1000	989.436475	-0.010563525	0.010563525	4124
235	14	1000	981.804175	-0.018195825	0.018195825	4124
235	15	1000	976.723864	-0.023276136	0.023276136	4124
235	16	1000	1018.826088	0.018826088	0.018826088	4124
235	17	1000	1008.579679	0.008579679	0.008579679	4124
235	18	1000	1012.419079	0.012419079	0.012419079	4124
235	19	1000	988.163437	-0.011836563	0.011836563	4124
235	20	5000	5118.337705	0.023667541	0.023667541	4124
235	21	5000	5001.399453	0.000279891	0.000279891	4124
235	22	5000	5066.335314	0.013267063	0.013267063	4124
235	23	10000	9487.774879	-0.051222512	0.051222512	4124
236	0	1000	1020.108694	0.020108694	0.020108694	4124
236	1	1000	984.346695	-0.015653305	0.015653305	4124
236	2	1000	1016.262082	0.016262082	0.016262082	4124
236	3	1000	1008.579679	0.008579679	0.008579679	4124
236	4	1000	1007.300678	0.007300678	0.007300678	4124
236	5	1000	1009.859079	0.009859079	0.009859079	4124
236	6	1000	998.358838	-0.001641162	0.001641162	4124
236	7	1000	1020.108694	0.020108694	0.020108694	4124
236	8	1000	1007.300678	0.007300678	0.007300678	4124
236	9	1000	1006.022077	0.006022077	0.006022077	4124
236	10	1000	991.983739	-0.008016261	0.008016261	4124
236	11	1000	988.163437	-0.011836563	0.011836563	4124
236	12	1000	988.163437	-0.011836563	0.011836563	4124
236	13	1000	1003.466070	0.003466070	0.003466070	4124
236	14	1000	1026.527751	0.026527751	0.026527751	4124
236	15	1000	993.257965	-0.006742035	0.006742035	4124
236	16	1000	1000.911658	0.000911658	0.000911658	4124
236	17	1000	981.804175	-0.018195825	0.018195825	4124
236	18	1000	986.890795	-0.013109205	0.013109205	4124
236	19	1000	1016.262082	0.016262082	0.016262082	4124
236	20	5000	4957.555477	-0.008488905	0.008488905	4124
236	21	5000	5045.717821	0.009143564	0.009143564	4124
236	22	5000	4947.503938	-0.010499212	0.010499212	4124
236	23	10000	9926.096210	-0.007390379	0.007390379	4124
237	0	1000	1003.466070	0.003466070	0.003466070	4124
237	1	1000	1003.466070	0.003466070	0.003466070	4124
237	2	1000	993.257965	-0.006742035	0.006742035	4124
237	3	1000	1018.826088	0.018826088	0.018826088	4124
237	4	1000	1013.699680	0.013699680	0.013699680	4124
237	5	1000	980.533506	-0.019466494	0.019466494	4124
237	6	1000	989.436475	-0.010563525	0.010563525	4124
237	7	1000	989.436475	-0.010563525	0.010563525	4124
237	8	1000	1006.022077	0.006022077	0.006022077	4124
237	9	1000	1004.743874	0.004743874	0.004743874	4124
237	10	1000	1006.022077	0.006022077	0.006022077	4124
237	11	1000	998.358838	-0.001641162	0.001641162	4124
237	12	1000	986.890795	-0.013109205	0.013109205	4124
237	13	1000	1020.108694	0.020108694	0.020108694	4124
237	14	1000	993.257965	-0.006742035	0.006742035	4124
237	15	1000	984.346695	-0.015653305	0.015653305	4124
237	16	1000	1011.138879	0.011138879	0.011138879	4124
237	17	1000	997.083024	-0.002916976	0.002916976	4124
237	18	1000	1002.188665	0.002188665	0.002188665	4124
237	19	1000	1022.675110	0.022675110	0.022675110	4124
237	20	5000	5056.013595	0.011202719	0.011202719	4124
237	21	5000	4987.858944	-0.002428211	0.002428211	4124
237	22	5000	4957.555477	-0.008488905	0.008488905	4124
237	23	10000	10291.737386	0.029173739	0.029173739	4124
238	0	1000	1002.188665	0.002188665	0.002188665	4124
238	1	1000	985.618547	-0.014381453	0.014381453	4124
238	2	1000	1007.300678	0.007300678	0.007300678	4124
238	3	1000	990.709909	-0.009290091	0.009290091	4124
238	4	1000	999.635049	-0.000364951	0.000364951	4124
238	5	1000	979.263232	-0.020736768	0.020736768	4124
238	6	1000	1014.980680	0.014980680	0.014980680	4124
238	7	1000	999.635049	-0.000364951	0.000364951	4124
238	8	1000	983.075238	-0.016924762	0.016924762	4124
238	9	1000	989.436475	-0.010563525	0.010563525	4124
238	10	1000	986.890795	-0.013109205	0.013109205	4124
238	11	1000	1027.812771	0.027812771	0.027812771	4124
238	12	1000	984.346695	-0.015653305	0.015653305	4124
238	13	1000	993.257965	-0.006742035	0.006742035	4124
238	14	1000	1007.300678	0.007300678	0.007300678	4124
238	15	1000	1018.826088	0.018826088	0.018826088	4124
238	16	1000	1008.579679	0.008579679	0.008579679	4124
238	17	1000	994.532588	-0.005467412	0.005467412	4124
238	18	1000	1009.859079	0.009859079	0.009859079	4124
238	19	1000	993.257965	-0.006742035	0.006742035	4124
238	20	5000	5038.868321	0.007773664	0.007773664	4124
238	21	5000	5038.868321	0.007773664	0.007773664	4124
238	22	5000	4874.536826	-0.025092635	0.025092635	4124
238	23	10000	10316.486706	0.031648671	0.031648671	4124
239	0	1000	1003.466070	0.003466070	0.003466070	4124
239	1	1000	972.917762	-0.027082238	0.027082238	4124
239	2	1000	1000.911658	0.000911658	0.000911658	4124
239	3	1000	993.257965	-0.006742035	0.006742035	4124
239	4	1000	989.436475	-0.010563525	0.010563525	4124
239	5	1000	980.533506	-0.019466494	0.019466494	4124
239	6	1000	1004.743874	0.004743874	0.004743874	4124
239	7	1000	1011.138879	0.011138879	0.011138879	4124
239	8	1000	1013.699680	0.013699680	0.013699680	4124
239	9	1000	997.083024	-0.002916976	0.002916976	4124
239	10	1000	998.358838	-0.001641162	0.001641162	4124
239	11	1000	990.709909	-0.009290091	0.009290091	4124
239	12	1000	1004.743874	0.004743874	0.004743874	4124
239	13	1000	969.115193	-0.030884807	0.030884807	4124
239	14	1000	991.983739	-0.008016261	0.008016261	4124
239	15	1000	1012.419079	0.012419079	0.012419079	4124
239	16	1000	994.532588	-0.005467412	0.005467412	4124
239	17	1000	995.807607	-0.004192393	0.004192393	4124
239	18	1000	997.083024	-0.002916976	0.002916976	4124
239	19	1000	995.807607	-0.004192393	0.004192393	4124
239	20	5000	4927.474558	-0.014505088	0.014505088	4124
239	21	5000	5001.399453	0.000279891	0.000279891	4124
239	22	5000	5014.984871	0.002996974	0.002996974	4124
239	23	10000	9914.827977	-0.008517202	0.008517202	4124
